ID;Catégorie d’aléa;Type d’aléa (scénario);Description aléa;Famille de risque;Exemple de risque (intitulé);Description détaillée du risque;Exemples concrets;Impacts potentiels;Mesures de prévention;Mesures de mitigation;Probabilité;Gravité;Criticité;Tags
1;Accident;Accident du travail grave;Blessure grave ou décès sur site;Opérationnel;Arrêt immédiat des activités et sécurisation du périmètre;Arrêt immédiat des activités et sécurisation du périmètre — Dans le contexte « Accident du travail grave » (Accident). Blessure grave ou décès sur site. Points sensibles : arrêt d’activité, secours, enquête.;Exemple : Accident du travail grave → arrêt immédiat des activités et sécurisation du périmètre (ex. décisions immédiates, coordination, reprise).;Arrêt/retards, mode dégradé, impacts usagers/clients.;PCA/PRA, procédures mode dégradé, exercices réguliers, annuaire crise.;Arrêt sécurisé, priorisation activités, cellule terrain, points de situation.;Moyenne;Élevée;Moyenne;arrêt d’activité, secours, enquête
2;Accident;Accident du travail grave;Blessure grave ou décès sur site;Opérationnel;Désorganisation de la coordination multi-acteurs (secours, autorités, partenaires);Désorganisation de la coordination multi-acteurs (secours, autorités, partenaires) — Dans le contexte « Accident du travail grave » (Accident). Blessure grave ou décès sur site. Points sensibles : arrêt d’activité, secours, enquête.;Exemple : Accident du travail grave → désorganisation de la coordination multi-acteurs (secours, autorités, partenaires) (ex. décisions immédiates, coordination, reprise).;Arrêt/retards, mode dégradé, impacts usagers/clients.;PCA/PRA, procédures mode dégradé, exercices réguliers, annuaire crise.;Arrêt sécurisé, priorisation activités, cellule terrain, points de situation.;Moyenne;Élevée;Moyenne;arrêt d’activité, secours, enquête
3;Accident;Accident du travail grave;Blessure grave ou décès sur site;Industriel / technique;Destruction d’ouvrages ou d’équipements critiques;Destruction d’ouvrages ou d’équipements critiques — Dans le contexte « Accident du travail grave » (Accident). Blessure grave ou décès sur site. Points sensibles : arrêt d’activité, secours, enquête.;Exemple : Accident du travail grave → destruction d’ouvrages ou d’équipements critiques (ex. décisions immédiates, coordination, reprise).;Dommages matériels, risques de sur-accident, indisponibilité d’équipements.;Maintenance préventive, inspections, redondances techniques, permis de travail.;Mise en sécurité, réparations, expertises, reprise sous conditions.;Moyenne;Élevée;Moyenne;arrêt d’activité, secours, enquête
4;Accident;Accident du travail grave;Blessure grave ou décès sur site;Industriel / technique;Déclenchement de sécurités et arrêt automatique des systèmes;Déclenchement de sécurités et arrêt automatique des systèmes — Dans le contexte « Accident du travail grave » (Accident). Blessure grave ou décès sur site. Points sensibles : arrêt d’activité, secours, enquête.;Exemple : Accident du travail grave → déclenchement de sécurités et arrêt automatique des systèmes (ex. décisions immédiates, coordination, reprise).;Dommages matériels, risques de sur-accident, indisponibilité d’équipements.;Maintenance préventive, inspections, redondances techniques, permis de travail.;Mise en sécurité, réparations, expertises, reprise sous conditions.;Moyenne;Élevée;Moyenne;arrêt d’activité, secours, enquête
5;Accident;Accident du travail grave;Blessure grave ou décès sur site;Ressources humaines;Traumatisme des équipes et stress post-évènement (RPS);Traumatisme des équipes et stress post-évènement (RPS) — Dans le contexte « Accident du travail grave » (Accident). Blessure grave ou décès sur site. Points sensibles : arrêt d’activité, secours, enquête.;Exemple : Accident du travail grave → traumatisme des équipes et stress post-évènement (rps) (ex. décisions immédiates, coordination, reprise).;Choc, fatigue, absentéisme, tensions sociales.;Prévention RPS, formation managers, rotations astreinte, culture Stop Work.;Soutien psychologique, communication interne, renforts, repos imposé.;Moyenne;Élevée;Moyenne;arrêt d’activité, secours, enquête
6;Accident;Accident du travail grave;Blessure grave ou décès sur site;Ressources humaines;Exposition à des risques physiques (chaleur, fumées, toxiques);Exposition à des risques physiques (chaleur, fumées, toxiques) — Dans le contexte « Accident du travail grave » (Accident). Blessure grave ou décès sur site. Points sensibles : arrêt d’activité, secours, enquête.;Exemple : Accident du travail grave → exposition à des risques physiques (chaleur, fumées, toxiques) (ex. décisions immédiates, coordination, reprise).;Choc, fatigue, absentéisme, tensions sociales.;Prévention RPS, formation managers, rotations astreinte, culture Stop Work.;Soutien psychologique, communication interne, renforts, repos imposé.;Moyenne;Élevée;Moyenne;arrêt d’activité, secours, enquête
7;Accident;Accident du travail grave;Blessure grave ou décès sur site;Juridique / conformité;Mise en cause pénale (accident grave, mise en danger, pollution);Mise en cause pénale (accident grave, mise en danger, pollution) — Dans le contexte « Accident du travail grave » (Accident). Blessure grave ou décès sur site. Points sensibles : arrêt d’activité, secours, enquête.;Exemple : Accident du travail grave → mise en cause pénale (accident grave, mise en danger, pollution) (ex. décisions immédiates, coordination, reprise).;Enquêtes, obligations, contentieux, sanctions.;Veille réglementaire, audits, plans de prévention, conservation des preuves.;Déclarations, interface autorités, stratégie contentieuse, documentation.;Moyenne;Critique;Élevée;arrêt d’activité, secours, enquête
8;Accident;Accident du travail grave;Blessure grave ou décès sur site;Juridique / conformité;Contentieux contractuels (pénalités, retards, responsabilités);Contentieux contractuels (pénalités, retards, responsabilités) — Dans le contexte « Accident du travail grave » (Accident). Blessure grave ou décès sur site. Points sensibles : arrêt d’activité, secours, enquête.;Exemple : Accident du travail grave → contentieux contractuels (pénalités, retards, responsabilités) (ex. décisions immédiates, coordination, reprise).;Enquêtes, obligations, contentieux, sanctions.;Veille réglementaire, audits, plans de prévention, conservation des preuves.;Déclarations, interface autorités, stratégie contentieuse, documentation.;Moyenne;Critique;Élevée;arrêt d’activité, secours, enquête
9;Accident;Accident du travail grave;Blessure grave ou décès sur site;Financier;Coûts de réparation et de remise en état (ouvrages, équipements);Coûts de réparation et de remise en état (ouvrages, équipements) — Dans le contexte « Accident du travail grave » (Accident). Blessure grave ou décès sur site. Points sensibles : arrêt d’activité, secours, enquête.;Exemple : Accident du travail grave → coûts de réparation et de remise en état (ouvrages, équipements) (ex. décisions immédiates, coordination, reprise).;Pertes d’exploitation, coûts de remise en état, hausse primes/franchises.;Assurances adaptées, budgets d’urgence, suivi trésorerie, clauses contractuelles.;Activation fonds d’urgence, suivi coûts, déclaration assureur, mitigation pénalités.;Moyenne;Élevée;Moyenne;arrêt d’activité, secours, enquête
10;Accident;Accident du travail grave;Blessure grave ou décès sur site;Financier;Hausse des primes, franchises et difficultés d’assurabilité;Hausse des primes, franchises et difficultés d’assurabilité — Dans le contexte « Accident du travail grave » (Accident). Blessure grave ou décès sur site. Points sensibles : arrêt d’activité, secours, enquête.;Exemple : Accident du travail grave → hausse des primes, franchises et difficultés d’assurabilité (ex. décisions immédiates, coordination, reprise).;Pertes d’exploitation, coûts de remise en état, hausse primes/franchises.;Assurances adaptées, budgets d’urgence, suivi trésorerie, clauses contractuelles.;Activation fonds d’urgence, suivi coûts, déclaration assureur, mitigation pénalités.;Moyenne;Élevée;Moyenne;arrêt d’activité, secours, enquête
11;Accident;Accident du travail grave;Blessure grave ou décès sur site;Image / réputation;Médiatisation nationale / locale et perte de confiance;Médiatisation nationale / locale et perte de confiance — Dans le contexte « Accident du travail grave » (Accident). Blessure grave ou décès sur site. Points sensibles : arrêt d’activité, secours, enquête.;Exemple : Accident du travail grave → médiatisation nationale / locale et perte de confiance (ex. décisions immédiates, coordination, reprise).;Perte de confiance, pression médiatique, rumeurs.;Veille médias, porte-parole, éléments de langage, charte RS.;Communication factuelle/empathetic, lutte rumeurs, coordination autorités.;Moyenne;Élevée;Moyenne;arrêt d’activité, secours, enquête
12;Accident;Accident du travail grave;Blessure grave ou décès sur site;Image / réputation;Perception d’impréparation ou de manque de transparence;Perception d’impréparation ou de manque de transparence — Dans le contexte « Accident du travail grave » (Accident). Blessure grave ou décès sur site. Points sensibles : arrêt d’activité, secours, enquête.;Exemple : Accident du travail grave → perception d’impréparation ou de manque de transparence (ex. décisions immédiates, coordination, reprise).;Perte de confiance, pression médiatique, rumeurs.;Veille médias, porte-parole, éléments de langage, charte RS.;Communication factuelle/empathetic, lutte rumeurs, coordination autorités.;Moyenne;Élevée;Moyenne;arrêt d’activité, secours, enquête
13;Accident;Accident du travail grave;Blessure grave ou décès sur site;Géopolitique / institutionnel;Intervention de l’État / autorités (préfecture, inspection, régulateur);Intervention de l’État / autorités (préfecture, inspection, régulateur) — Dans le contexte « Accident du travail grave » (Accident). Blessure grave ou décès sur site. Points sensibles : arrêt d’activité, secours, enquête.;Exemple : Accident du travail grave → intervention de l’état / autorités (préfecture, inspection, régulateur) (ex. décisions immédiates, coordination, reprise).;Injonctions, contrôles, arbitrages publics, priorisation ressources.;Veille institutionnelle, carto parties prenantes, protocoles autorités.;Coordination préf/mairie/régulateurs, demandes de moyens publics.;Moyenne;Élevée;Moyenne;arrêt d’activité, secours, enquête
14;Accident;Accident du travail grave;Blessure grave ou décès sur site;Géopolitique / institutionnel;Priorisation nationale des ressources (énergie, santé, sécurité);Priorisation nationale des ressources (énergie, santé, sécurité) — Dans le contexte « Accident du travail grave » (Accident). Blessure grave ou décès sur site. Points sensibles : arrêt d’activité, secours, enquête.;Exemple : Accident du travail grave → priorisation nationale des ressources (énergie, santé, sécurité) (ex. décisions immédiates, coordination, reprise).;Injonctions, contrôles, arbitrages publics, priorisation ressources.;Veille institutionnelle, carto parties prenantes, protocoles autorités.;Coordination préf/mairie/régulateurs, demandes de moyens publics.;Moyenne;Élevée;Moyenne;arrêt d’activité, secours, enquête
15;Accident;Accident du travail grave;Blessure grave ou décès sur site;Informatique / numérique;Perte du SI local (supervision, communications, annuaire, outils métier);Perte du SI local (supervision, communications, annuaire, outils métier) — Dans le contexte « Accident du travail grave » (Accident). Blessure grave ou décès sur site. Points sensibles : arrêt d’activité, secours, enquête.;Exemple : Accident du travail grave → perte du si local (supervision, communications, annuaire, outils métier) (ex. décisions immédiates, coordination, reprise).;Perte outils, rupture communications, fuite info.;Segmentation, sauvegardes, redondance télécom, procédures hors-ligne.;Mode dégradé, restauration, canaux alternatifs, contrôle intégrité.;Moyenne;Élevée;Moyenne;arrêt d’activité, secours, enquête
16;Accident;Accident du travail grave;Blessure grave ou décès sur site;Informatique / numérique;Cyberattaque opportuniste pendant la crise (phishing, ransom, DDoS);Cyberattaque opportuniste pendant la crise (phishing, ransom, DDoS) — Dans le contexte « Accident du travail grave » (Accident). Blessure grave ou décès sur site. Points sensibles : arrêt d’activité, secours, enquête.;Exemple : Accident du travail grave → cyberattaque opportuniste pendant la crise (phishing, ransom, ddos) (ex. décisions immédiates, coordination, reprise).;Perte outils, rupture communications, fuite info.;Segmentation, sauvegardes, redondance télécom, procédures hors-ligne.;Mode dégradé, restauration, canaux alternatifs, contrôle intégrité.;Moyenne;Élevée;Moyenne;arrêt d’activité, secours, enquête
17;Accident;Accident du travail grave;Blessure grave ou décès sur site;Défaillance / résilience;Effet domino multi-réseaux (énergie + télécom + eau);Effet domino multi-réseaux (énergie + télécom + eau) — Dans le contexte « Accident du travail grave » (Accident). Blessure grave ou décès sur site. Points sensibles : arrêt d’activité, secours, enquête.;Exemple : Accident du travail grave → effet domino multi-réseaux (énergie + télécom + eau) (ex. décisions immédiates, coordination, reprise).;Domino multi-systèmes, crise prolongée, défaillance gouvernance.;Tests de résilience, exercices multi-crises, cartographie dépendances.;Limiter le domino, renforcer gouvernance, cellules spécialisées, REX.;Moyenne;Élevée;Moyenne;arrêt d’activité, secours, enquête
18;Accident;Accident du travail grave;Blessure grave ou décès sur site;Défaillance / résilience;Défaillance d’un acteur clé (prestataire, fournisseur, opérateur);Défaillance d’un acteur clé (prestataire, fournisseur, opérateur) — Dans le contexte « Accident du travail grave » (Accident). Blessure grave ou décès sur site. Points sensibles : arrêt d’activité, secours, enquête.;Exemple : Accident du travail grave → défaillance d’un acteur clé (prestataire, fournisseur, opérateur) (ex. décisions immédiates, coordination, reprise).;Domino multi-systèmes, crise prolongée, défaillance gouvernance.;Tests de résilience, exercices multi-crises, cartographie dépendances.;Limiter le domino, renforcer gouvernance, cellules spécialisées, REX.;Moyenne;Élevée;Moyenne;arrêt d’activité, secours, enquête
19;Accident;Accident transport;Collision/déraillement sur un axe logistique;Opérationnel;Arrêt immédiat des activités et sécurisation du périmètre;Arrêt immédiat des activités et sécurisation du périmètre — Dans le contexte « Accident transport » (Accident). Collision/déraillement sur un axe logistique. Points sensibles : blocage, évacuation, retards.;Exemple : Accident transport → arrêt immédiat des activités et sécurisation du périmètre (ex. décisions immédiates, coordination, reprise).;Arrêt/retards, mode dégradé, impacts usagers/clients.;PCA/PRA, procédures mode dégradé, exercices réguliers, annuaire crise.;Arrêt sécurisé, priorisation activités, cellule terrain, points de situation.;Moyenne;Élevée;Moyenne;blocage, évacuation, retards
20;Accident;Accident transport;Collision/déraillement sur un axe logistique;Opérationnel;Désorganisation de la coordination multi-acteurs (secours, autorités, partenaires);Désorganisation de la coordination multi-acteurs (secours, autorités, partenaires) — Dans le contexte « Accident transport » (Accident). Collision/déraillement sur un axe logistique. Points sensibles : blocage, évacuation, retards.;Exemple : Accident transport → désorganisation de la coordination multi-acteurs (secours, autorités, partenaires) (ex. décisions immédiates, coordination, reprise).;Arrêt/retards, mode dégradé, impacts usagers/clients.;PCA/PRA, procédures mode dégradé, exercices réguliers, annuaire crise.;Arrêt sécurisé, priorisation activités, cellule terrain, points de situation.;Moyenne;Élevée;Moyenne;blocage, évacuation, retards
21;Accident;Accident transport;Collision/déraillement sur un axe logistique;Industriel / technique;Destruction d’ouvrages ou d’équipements critiques;Destruction d’ouvrages ou d’équipements critiques — Dans le contexte « Accident transport » (Accident). Collision/déraillement sur un axe logistique. Points sensibles : blocage, évacuation, retards.;Exemple : Accident transport → destruction d’ouvrages ou d’équipements critiques (ex. décisions immédiates, coordination, reprise).;Dommages matériels, risques de sur-accident, indisponibilité d’équipements.;Maintenance préventive, inspections, redondances techniques, permis de travail.;Mise en sécurité, réparations, expertises, reprise sous conditions.;Moyenne;Élevée;Moyenne;blocage, évacuation, retards
22;Accident;Accident transport;Collision/déraillement sur un axe logistique;Industriel / technique;Déclenchement de sécurités et arrêt automatique des systèmes;Déclenchement de sécurités et arrêt automatique des systèmes — Dans le contexte « Accident transport » (Accident). Collision/déraillement sur un axe logistique. Points sensibles : blocage, évacuation, retards.;Exemple : Accident transport → déclenchement de sécurités et arrêt automatique des systèmes (ex. décisions immédiates, coordination, reprise).;Dommages matériels, risques de sur-accident, indisponibilité d’équipements.;Maintenance préventive, inspections, redondances techniques, permis de travail.;Mise en sécurité, réparations, expertises, reprise sous conditions.;Moyenne;Élevée;Moyenne;blocage, évacuation, retards
23;Accident;Accident transport;Collision/déraillement sur un axe logistique;Ressources humaines;Traumatisme des équipes et stress post-évènement (RPS);Traumatisme des équipes et stress post-évènement (RPS) — Dans le contexte « Accident transport » (Accident). Collision/déraillement sur un axe logistique. Points sensibles : blocage, évacuation, retards.;Exemple : Accident transport → traumatisme des équipes et stress post-évènement (rps) (ex. décisions immédiates, coordination, reprise).;Choc, fatigue, absentéisme, tensions sociales.;Prévention RPS, formation managers, rotations astreinte, culture Stop Work.;Soutien psychologique, communication interne, renforts, repos imposé.;Moyenne;Élevée;Moyenne;blocage, évacuation, retards
24;Accident;Accident transport;Collision/déraillement sur un axe logistique;Ressources humaines;Exposition à des risques physiques (chaleur, fumées, toxiques);Exposition à des risques physiques (chaleur, fumées, toxiques) — Dans le contexte « Accident transport » (Accident). Collision/déraillement sur un axe logistique. Points sensibles : blocage, évacuation, retards.;Exemple : Accident transport → exposition à des risques physiques (chaleur, fumées, toxiques) (ex. décisions immédiates, coordination, reprise).;Choc, fatigue, absentéisme, tensions sociales.;Prévention RPS, formation managers, rotations astreinte, culture Stop Work.;Soutien psychologique, communication interne, renforts, repos imposé.;Moyenne;Élevée;Moyenne;blocage, évacuation, retards
25;Accident;Accident transport;Collision/déraillement sur un axe logistique;Juridique / conformité;Mise en cause pénale (accident grave, mise en danger, pollution);Mise en cause pénale (accident grave, mise en danger, pollution) — Dans le contexte « Accident transport » (Accident). Collision/déraillement sur un axe logistique. Points sensibles : blocage, évacuation, retards.;Exemple : Accident transport → mise en cause pénale (accident grave, mise en danger, pollution) (ex. décisions immédiates, coordination, reprise).;Enquêtes, obligations, contentieux, sanctions.;Veille réglementaire, audits, plans de prévention, conservation des preuves.;Déclarations, interface autorités, stratégie contentieuse, documentation.;Moyenne;Critique;Élevée;blocage, évacuation, retards
26;Accident;Accident transport;Collision/déraillement sur un axe logistique;Juridique / conformité;Contentieux contractuels (pénalités, retards, responsabilités);Contentieux contractuels (pénalités, retards, responsabilités) — Dans le contexte « Accident transport » (Accident). Collision/déraillement sur un axe logistique. Points sensibles : blocage, évacuation, retards.;Exemple : Accident transport → contentieux contractuels (pénalités, retards, responsabilités) (ex. décisions immédiates, coordination, reprise).;Enquêtes, obligations, contentieux, sanctions.;Veille réglementaire, audits, plans de prévention, conservation des preuves.;Déclarations, interface autorités, stratégie contentieuse, documentation.;Moyenne;Critique;Élevée;blocage, évacuation, retards
27;Accident;Accident transport;Collision/déraillement sur un axe logistique;Financier;Coûts de réparation et de remise en état (ouvrages, équipements);Coûts de réparation et de remise en état (ouvrages, équipements) — Dans le contexte « Accident transport » (Accident). Collision/déraillement sur un axe logistique. Points sensibles : blocage, évacuation, retards.;Exemple : Accident transport → coûts de réparation et de remise en état (ouvrages, équipements) (ex. décisions immédiates, coordination, reprise).;Pertes d’exploitation, coûts de remise en état, hausse primes/franchises.;Assurances adaptées, budgets d’urgence, suivi trésorerie, clauses contractuelles.;Activation fonds d’urgence, suivi coûts, déclaration assureur, mitigation pénalités.;Moyenne;Élevée;Moyenne;blocage, évacuation, retards
28;Accident;Accident transport;Collision/déraillement sur un axe logistique;Financier;Hausse des primes, franchises et difficultés d’assurabilité;Hausse des primes, franchises et difficultés d’assurabilité — Dans le contexte « Accident transport » (Accident). Collision/déraillement sur un axe logistique. Points sensibles : blocage, évacuation, retards.;Exemple : Accident transport → hausse des primes, franchises et difficultés d’assurabilité (ex. décisions immédiates, coordination, reprise).;Pertes d’exploitation, coûts de remise en état, hausse primes/franchises.;Assurances adaptées, budgets d’urgence, suivi trésorerie, clauses contractuelles.;Activation fonds d’urgence, suivi coûts, déclaration assureur, mitigation pénalités.;Moyenne;Élevée;Moyenne;blocage, évacuation, retards
29;Accident;Accident transport;Collision/déraillement sur un axe logistique;Image / réputation;Médiatisation nationale / locale et perte de confiance;Médiatisation nationale / locale et perte de confiance — Dans le contexte « Accident transport » (Accident). Collision/déraillement sur un axe logistique. Points sensibles : blocage, évacuation, retards.;Exemple : Accident transport → médiatisation nationale / locale et perte de confiance (ex. décisions immédiates, coordination, reprise).;Perte de confiance, pression médiatique, rumeurs.;Veille médias, porte-parole, éléments de langage, charte RS.;Communication factuelle/empathetic, lutte rumeurs, coordination autorités.;Moyenne;Élevée;Moyenne;blocage, évacuation, retards
30;Accident;Accident transport;Collision/déraillement sur un axe logistique;Image / réputation;Perception d’impréparation ou de manque de transparence;Perception d’impréparation ou de manque de transparence — Dans le contexte « Accident transport » (Accident). Collision/déraillement sur un axe logistique. Points sensibles : blocage, évacuation, retards.;Exemple : Accident transport → perception d’impréparation ou de manque de transparence (ex. décisions immédiates, coordination, reprise).;Perte de confiance, pression médiatique, rumeurs.;Veille médias, porte-parole, éléments de langage, charte RS.;Communication factuelle/empathetic, lutte rumeurs, coordination autorités.;Moyenne;Élevée;Moyenne;blocage, évacuation, retards
31;Accident;Accident transport;Collision/déraillement sur un axe logistique;Géopolitique / institutionnel;Intervention de l’État / autorités (préfecture, inspection, régulateur);Intervention de l’État / autorités (préfecture, inspection, régulateur) — Dans le contexte « Accident transport » (Accident). Collision/déraillement sur un axe logistique. Points sensibles : blocage, évacuation, retards.;Exemple : Accident transport → intervention de l’état / autorités (préfecture, inspection, régulateur) (ex. décisions immédiates, coordination, reprise).;Injonctions, contrôles, arbitrages publics, priorisation ressources.;Veille institutionnelle, carto parties prenantes, protocoles autorités.;Coordination préf/mairie/régulateurs, demandes de moyens publics.;Moyenne;Élevée;Moyenne;blocage, évacuation, retards
32;Accident;Accident transport;Collision/déraillement sur un axe logistique;Géopolitique / institutionnel;Priorisation nationale des ressources (énergie, santé, sécurité);Priorisation nationale des ressources (énergie, santé, sécurité) — Dans le contexte « Accident transport » (Accident). Collision/déraillement sur un axe logistique. Points sensibles : blocage, évacuation, retards.;Exemple : Accident transport → priorisation nationale des ressources (énergie, santé, sécurité) (ex. décisions immédiates, coordination, reprise).;Injonctions, contrôles, arbitrages publics, priorisation ressources.;Veille institutionnelle, carto parties prenantes, protocoles autorités.;Coordination préf/mairie/régulateurs, demandes de moyens publics.;Moyenne;Élevée;Moyenne;blocage, évacuation, retards
33;Accident;Accident transport;Collision/déraillement sur un axe logistique;Informatique / numérique;Perte du SI local (supervision, communications, annuaire, outils métier);Perte du SI local (supervision, communications, annuaire, outils métier) — Dans le contexte « Accident transport » (Accident). Collision/déraillement sur un axe logistique. Points sensibles : blocage, évacuation, retards.;Exemple : Accident transport → perte du si local (supervision, communications, annuaire, outils métier) (ex. décisions immédiates, coordination, reprise).;Perte outils, rupture communications, fuite info.;Segmentation, sauvegardes, redondance télécom, procédures hors-ligne.;Mode dégradé, restauration, canaux alternatifs, contrôle intégrité.;Moyenne;Élevée;Moyenne;blocage, évacuation, retards
34;Accident;Accident transport;Collision/déraillement sur un axe logistique;Informatique / numérique;Cyberattaque opportuniste pendant la crise (phishing, ransom, DDoS);Cyberattaque opportuniste pendant la crise (phishing, ransom, DDoS) — Dans le contexte « Accident transport » (Accident). Collision/déraillement sur un axe logistique. Points sensibles : blocage, évacuation, retards.;Exemple : Accident transport → cyberattaque opportuniste pendant la crise (phishing, ransom, ddos) (ex. décisions immédiates, coordination, reprise).;Perte outils, rupture communications, fuite info.;Segmentation, sauvegardes, redondance télécom, procédures hors-ligne.;Mode dégradé, restauration, canaux alternatifs, contrôle intégrité.;Moyenne;Élevée;Moyenne;blocage, évacuation, retards
35;Accident;Accident transport;Collision/déraillement sur un axe logistique;Défaillance / résilience;Effet domino multi-réseaux (énergie + télécom + eau);Effet domino multi-réseaux (énergie + télécom + eau) — Dans le contexte « Accident transport » (Accident). Collision/déraillement sur un axe logistique. Points sensibles : blocage, évacuation, retards.;Exemple : Accident transport → effet domino multi-réseaux (énergie + télécom + eau) (ex. décisions immédiates, coordination, reprise).;Domino multi-systèmes, crise prolongée, défaillance gouvernance.;Tests de résilience, exercices multi-crises, cartographie dépendances.;Limiter le domino, renforcer gouvernance, cellules spécialisées, REX.;Moyenne;Élevée;Moyenne;blocage, évacuation, retards
36;Accident;Accident transport;Collision/déraillement sur un axe logistique;Défaillance / résilience;Défaillance d’un acteur clé (prestataire, fournisseur, opérateur);Défaillance d’un acteur clé (prestataire, fournisseur, opérateur) — Dans le contexte « Accident transport » (Accident). Collision/déraillement sur un axe logistique. Points sensibles : blocage, évacuation, retards.;Exemple : Accident transport → défaillance d’un acteur clé (prestataire, fournisseur, opérateur) (ex. décisions immédiates, coordination, reprise).;Domino multi-systèmes, crise prolongée, défaillance gouvernance.;Tests de résilience, exercices multi-crises, cartographie dépendances.;Limiter le domino, renforcer gouvernance, cellules spécialisées, REX.;Moyenne;Élevée;Moyenne;blocage, évacuation, retards
37;Accident;TMD – fuite;Perte de confinement lors d’un transport de matières dangereuses;Opérationnel;Arrêt immédiat des activités et sécurisation du périmètre;Arrêt immédiat des activités et sécurisation du périmètre — Dans le contexte « TMD – fuite » (Accident). Perte de confinement lors d’un transport de matières dangereuses. Points sensibles : périmètre, NRBC, dépollution.;Exemple : TMD – fuite → arrêt immédiat des activités et sécurisation du périmètre (ex. décisions immédiates, coordination, reprise).;Arrêt/retards, mode dégradé, impacts usagers/clients.;PCA/PRA, procédures mode dégradé, exercices réguliers, annuaire crise.;Arrêt sécurisé, priorisation activités, cellule terrain, points de situation.;Moyenne;Élevée;Moyenne;périmètre, NRBC, dépollution
38;Accident;TMD – fuite;Perte de confinement lors d’un transport de matières dangereuses;Opérationnel;Désorganisation de la coordination multi-acteurs (secours, autorités, partenaires);Désorganisation de la coordination multi-acteurs (secours, autorités, partenaires) — Dans le contexte « TMD – fuite » (Accident). Perte de confinement lors d’un transport de matières dangereuses. Points sensibles : périmètre, NRBC, dépollution.;Exemple : TMD – fuite → désorganisation de la coordination multi-acteurs (secours, autorités, partenaires) (ex. décisions immédiates, coordination, reprise).;Arrêt/retards, mode dégradé, impacts usagers/clients.;PCA/PRA, procédures mode dégradé, exercices réguliers, annuaire crise.;Arrêt sécurisé, priorisation activités, cellule terrain, points de situation.;Moyenne;Élevée;Moyenne;périmètre, NRBC, dépollution
39;Accident;TMD – fuite;Perte de confinement lors d’un transport de matières dangereuses;Industriel / technique;Destruction d’ouvrages ou d’équipements critiques;Destruction d’ouvrages ou d’équipements critiques — Dans le contexte « TMD – fuite » (Accident). Perte de confinement lors d’un transport de matières dangereuses. Points sensibles : périmètre, NRBC, dépollution.;Exemple : TMD – fuite → destruction d’ouvrages ou d’équipements critiques (ex. décisions immédiates, coordination, reprise).;Dommages matériels, risques de sur-accident, indisponibilité d’équipements.;Maintenance préventive, inspections, redondances techniques, permis de travail.;Mise en sécurité, réparations, expertises, reprise sous conditions.;Moyenne;Élevée;Moyenne;périmètre, NRBC, dépollution
40;Accident;TMD – fuite;Perte de confinement lors d’un transport de matières dangereuses;Industriel / technique;Déclenchement de sécurités et arrêt automatique des systèmes;Déclenchement de sécurités et arrêt automatique des systèmes — Dans le contexte « TMD – fuite » (Accident). Perte de confinement lors d’un transport de matières dangereuses. Points sensibles : périmètre, NRBC, dépollution.;Exemple : TMD – fuite → déclenchement de sécurités et arrêt automatique des systèmes (ex. décisions immédiates, coordination, reprise).;Dommages matériels, risques de sur-accident, indisponibilité d’équipements.;Maintenance préventive, inspections, redondances techniques, permis de travail.;Mise en sécurité, réparations, expertises, reprise sous conditions.;Moyenne;Élevée;Moyenne;périmètre, NRBC, dépollution
41;Accident;TMD – fuite;Perte de confinement lors d’un transport de matières dangereuses;Ressources humaines;Traumatisme des équipes et stress post-évènement (RPS);Traumatisme des équipes et stress post-évènement (RPS) — Dans le contexte « TMD – fuite » (Accident). Perte de confinement lors d’un transport de matières dangereuses. Points sensibles : périmètre, NRBC, dépollution.;Exemple : TMD – fuite → traumatisme des équipes et stress post-évènement (rps) (ex. décisions immédiates, coordination, reprise).;Choc, fatigue, absentéisme, tensions sociales.;Prévention RPS, formation managers, rotations astreinte, culture Stop Work.;Soutien psychologique, communication interne, renforts, repos imposé.;Moyenne;Élevée;Moyenne;périmètre, NRBC, dépollution
42;Accident;TMD – fuite;Perte de confinement lors d’un transport de matières dangereuses;Ressources humaines;Exposition à des risques physiques (chaleur, fumées, toxiques);Exposition à des risques physiques (chaleur, fumées, toxiques) — Dans le contexte « TMD – fuite » (Accident). Perte de confinement lors d’un transport de matières dangereuses. Points sensibles : périmètre, NRBC, dépollution.;Exemple : TMD – fuite → exposition à des risques physiques (chaleur, fumées, toxiques) (ex. décisions immédiates, coordination, reprise).;Choc, fatigue, absentéisme, tensions sociales.;Prévention RPS, formation managers, rotations astreinte, culture Stop Work.;Soutien psychologique, communication interne, renforts, repos imposé.;Moyenne;Élevée;Moyenne;périmètre, NRBC, dépollution
43;Accident;TMD – fuite;Perte de confinement lors d’un transport de matières dangereuses;Juridique / conformité;Mise en cause pénale (accident grave, mise en danger, pollution);Mise en cause pénale (accident grave, mise en danger, pollution) — Dans le contexte « TMD – fuite » (Accident). Perte de confinement lors d’un transport de matières dangereuses. Points sensibles : périmètre, NRBC, dépollution.;Exemple : TMD – fuite → mise en cause pénale (accident grave, mise en danger, pollution) (ex. décisions immédiates, coordination, reprise).;Enquêtes, obligations, contentieux, sanctions.;Veille réglementaire, audits, plans de prévention, conservation des preuves.;Déclarations, interface autorités, stratégie contentieuse, documentation.;Moyenne;Critique;Élevée;périmètre, NRBC, dépollution
44;Accident;TMD – fuite;Perte de confinement lors d’un transport de matières dangereuses;Juridique / conformité;Contentieux contractuels (pénalités, retards, responsabilités);Contentieux contractuels (pénalités, retards, responsabilités) — Dans le contexte « TMD – fuite » (Accident). Perte de confinement lors d’un transport de matières dangereuses. Points sensibles : périmètre, NRBC, dépollution.;Exemple : TMD – fuite → contentieux contractuels (pénalités, retards, responsabilités) (ex. décisions immédiates, coordination, reprise).;Enquêtes, obligations, contentieux, sanctions.;Veille réglementaire, audits, plans de prévention, conservation des preuves.;Déclarations, interface autorités, stratégie contentieuse, documentation.;Moyenne;Critique;Élevée;périmètre, NRBC, dépollution
45;Accident;TMD – fuite;Perte de confinement lors d’un transport de matières dangereuses;Financier;Coûts de réparation et de remise en état (ouvrages, équipements);Coûts de réparation et de remise en état (ouvrages, équipements) — Dans le contexte « TMD – fuite » (Accident). Perte de confinement lors d’un transport de matières dangereuses. Points sensibles : périmètre, NRBC, dépollution.;Exemple : TMD – fuite → coûts de réparation et de remise en état (ouvrages, équipements) (ex. décisions immédiates, coordination, reprise).;Pertes d’exploitation, coûts de remise en état, hausse primes/franchises.;Assurances adaptées, budgets d’urgence, suivi trésorerie, clauses contractuelles.;Activation fonds d’urgence, suivi coûts, déclaration assureur, mitigation pénalités.;Moyenne;Élevée;Moyenne;périmètre, NRBC, dépollution
46;Accident;TMD – fuite;Perte de confinement lors d’un transport de matières dangereuses;Financier;Hausse des primes, franchises et difficultés d’assurabilité;Hausse des primes, franchises et difficultés d’assurabilité — Dans le contexte « TMD – fuite » (Accident). Perte de confinement lors d’un transport de matières dangereuses. Points sensibles : périmètre, NRBC, dépollution.;Exemple : TMD – fuite → hausse des primes, franchises et difficultés d’assurabilité (ex. décisions immédiates, coordination, reprise).;Pertes d’exploitation, coûts de remise en état, hausse primes/franchises.;Assurances adaptées, budgets d’urgence, suivi trésorerie, clauses contractuelles.;Activation fonds d’urgence, suivi coûts, déclaration assureur, mitigation pénalités.;Moyenne;Élevée;Moyenne;périmètre, NRBC, dépollution
47;Accident;TMD – fuite;Perte de confinement lors d’un transport de matières dangereuses;Image / réputation;Médiatisation nationale / locale et perte de confiance;Médiatisation nationale / locale et perte de confiance — Dans le contexte « TMD – fuite » (Accident). Perte de confinement lors d’un transport de matières dangereuses. Points sensibles : périmètre, NRBC, dépollution.;Exemple : TMD – fuite → médiatisation nationale / locale et perte de confiance (ex. décisions immédiates, coordination, reprise).;Perte de confiance, pression médiatique, rumeurs.;Veille médias, porte-parole, éléments de langage, charte RS.;Communication factuelle/empathetic, lutte rumeurs, coordination autorités.;Moyenne;Élevée;Moyenne;périmètre, NRBC, dépollution
48;Accident;TMD – fuite;Perte de confinement lors d’un transport de matières dangereuses;Image / réputation;Perception d’impréparation ou de manque de transparence;Perception d’impréparation ou de manque de transparence — Dans le contexte « TMD – fuite » (Accident). Perte de confinement lors d’un transport de matières dangereuses. Points sensibles : périmètre, NRBC, dépollution.;Exemple : TMD – fuite → perception d’impréparation ou de manque de transparence (ex. décisions immédiates, coordination, reprise).;Perte de confiance, pression médiatique, rumeurs.;Veille médias, porte-parole, éléments de langage, charte RS.;Communication factuelle/empathetic, lutte rumeurs, coordination autorités.;Moyenne;Élevée;Moyenne;périmètre, NRBC, dépollution
49;Accident;TMD – fuite;Perte de confinement lors d’un transport de matières dangereuses;Géopolitique / institutionnel;Intervention de l’État / autorités (préfecture, inspection, régulateur);Intervention de l’État / autorités (préfecture, inspection, régulateur) — Dans le contexte « TMD – fuite » (Accident). Perte de confinement lors d’un transport de matières dangereuses. Points sensibles : périmètre, NRBC, dépollution.;Exemple : TMD – fuite → intervention de l’état / autorités (préfecture, inspection, régulateur) (ex. décisions immédiates, coordination, reprise).;Injonctions, contrôles, arbitrages publics, priorisation ressources.;Veille institutionnelle, carto parties prenantes, protocoles autorités.;Coordination préf/mairie/régulateurs, demandes de moyens publics.;Moyenne;Élevée;Moyenne;périmètre, NRBC, dépollution
50;Accident;TMD – fuite;Perte de confinement lors d’un transport de matières dangereuses;Géopolitique / institutionnel;Priorisation nationale des ressources (énergie, santé, sécurité);Priorisation nationale des ressources (énergie, santé, sécurité) — Dans le contexte « TMD – fuite » (Accident). Perte de confinement lors d’un transport de matières dangereuses. Points sensibles : périmètre, NRBC, dépollution.;Exemple : TMD – fuite → priorisation nationale des ressources (énergie, santé, sécurité) (ex. décisions immédiates, coordination, reprise).;Injonctions, contrôles, arbitrages publics, priorisation ressources.;Veille institutionnelle, carto parties prenantes, protocoles autorités.;Coordination préf/mairie/régulateurs, demandes de moyens publics.;Moyenne;Élevée;Moyenne;périmètre, NRBC, dépollution
51;Accident;TMD – fuite;Perte de confinement lors d’un transport de matières dangereuses;Informatique / numérique;Perte du SI local (supervision, communications, annuaire, outils métier);Perte du SI local (supervision, communications, annuaire, outils métier) — Dans le contexte « TMD – fuite » (Accident). Perte de confinement lors d’un transport de matières dangereuses. Points sensibles : périmètre, NRBC, dépollution.;Exemple : TMD – fuite → perte du si local (supervision, communications, annuaire, outils métier) (ex. décisions immédiates, coordination, reprise).;Perte outils, rupture communications, fuite info.;Segmentation, sauvegardes, redondance télécom, procédures hors-ligne.;Mode dégradé, restauration, canaux alternatifs, contrôle intégrité.;Moyenne;Élevée;Moyenne;périmètre, NRBC, dépollution
52;Accident;TMD – fuite;Perte de confinement lors d’un transport de matières dangereuses;Informatique / numérique;Cyberattaque opportuniste pendant la crise (phishing, ransom, DDoS);Cyberattaque opportuniste pendant la crise (phishing, ransom, DDoS) — Dans le contexte « TMD – fuite » (Accident). Perte de confinement lors d’un transport de matières dangereuses. Points sensibles : périmètre, NRBC, dépollution.;Exemple : TMD – fuite → cyberattaque opportuniste pendant la crise (phishing, ransom, ddos) (ex. décisions immédiates, coordination, reprise).;Perte outils, rupture communications, fuite info.;Segmentation, sauvegardes, redondance télécom, procédures hors-ligne.;Mode dégradé, restauration, canaux alternatifs, contrôle intégrité.;Moyenne;Élevée;Moyenne;périmètre, NRBC, dépollution
53;Accident;TMD – fuite;Perte de confinement lors d’un transport de matières dangereuses;Défaillance / résilience;Effet domino multi-réseaux (énergie + télécom + eau);Effet domino multi-réseaux (énergie + télécom + eau) — Dans le contexte « TMD – fuite » (Accident). Perte de confinement lors d’un transport de matières dangereuses. Points sensibles : périmètre, NRBC, dépollution.;Exemple : TMD – fuite → effet domino multi-réseaux (énergie + télécom + eau) (ex. décisions immédiates, coordination, reprise).;Domino multi-systèmes, crise prolongée, défaillance gouvernance.;Tests de résilience, exercices multi-crises, cartographie dépendances.;Limiter le domino, renforcer gouvernance, cellules spécialisées, REX.;Moyenne;Élevée;Moyenne;périmètre, NRBC, dépollution
54;Accident;TMD – fuite;Perte de confinement lors d’un transport de matières dangereuses;Défaillance / résilience;Défaillance d’un acteur clé (prestataire, fournisseur, opérateur);Défaillance d’un acteur clé (prestataire, fournisseur, opérateur) — Dans le contexte « TMD – fuite » (Accident). Perte de confinement lors d’un transport de matières dangereuses. Points sensibles : périmètre, NRBC, dépollution.;Exemple : TMD – fuite → défaillance d’un acteur clé (prestataire, fournisseur, opérateur) (ex. décisions immédiates, coordination, reprise).;Domino multi-systèmes, crise prolongée, défaillance gouvernance.;Tests de résilience, exercices multi-crises, cartographie dépendances.;Limiter le domino, renforcer gouvernance, cellules spécialisées, REX.;Moyenne;Élevée;Moyenne;périmètre, NRBC, dépollution
55;Accident;Incendie d’équipement;Départ de feu sur engin ou local technique;Opérationnel;Arrêt immédiat des activités et sécurisation du périmètre;Arrêt immédiat des activités et sécurisation du périmètre — Dans le contexte « Incendie d’équipement » (Accident). Départ de feu sur engin ou local technique. Points sensibles : fumées, arrêt, dommages matériels.;Exemple : Incendie d’équipement → arrêt immédiat des activités et sécurisation du périmètre (ex. décisions immédiates, coordination, reprise).;Arrêt/retards, mode dégradé, impacts usagers/clients.;PCA/PRA, procédures mode dégradé, exercices réguliers, annuaire crise.;Arrêt sécurisé, priorisation activités, cellule terrain, points de situation.;Moyenne;Élevée;Moyenne;fumées, arrêt, dommages matériels
56;Accident;Incendie d’équipement;Départ de feu sur engin ou local technique;Opérationnel;Désorganisation de la coordination multi-acteurs (secours, autorités, partenaires);Désorganisation de la coordination multi-acteurs (secours, autorités, partenaires) — Dans le contexte « Incendie d’équipement » (Accident). Départ de feu sur engin ou local technique. Points sensibles : fumées, arrêt, dommages matériels.;Exemple : Incendie d’équipement → désorganisation de la coordination multi-acteurs (secours, autorités, partenaires) (ex. décisions immédiates, coordination, reprise).;Arrêt/retards, mode dégradé, impacts usagers/clients.;PCA/PRA, procédures mode dégradé, exercices réguliers, annuaire crise.;Arrêt sécurisé, priorisation activités, cellule terrain, points de situation.;Moyenne;Élevée;Moyenne;fumées, arrêt, dommages matériels
57;Accident;Incendie d’équipement;Départ de feu sur engin ou local technique;Industriel / technique;Destruction d’ouvrages ou d’équipements critiques;Destruction d’ouvrages ou d’équipements critiques — Dans le contexte « Incendie d’équipement » (Accident). Départ de feu sur engin ou local technique. Points sensibles : fumées, arrêt, dommages matériels.;Exemple : Incendie d’équipement → destruction d’ouvrages ou d’équipements critiques (ex. décisions immédiates, coordination, reprise).;Dommages matériels, risques de sur-accident, indisponibilité d’équipements.;Maintenance préventive, inspections, redondances techniques, permis de travail.;Mise en sécurité, réparations, expertises, reprise sous conditions.;Moyenne;Élevée;Moyenne;fumées, arrêt, dommages matériels
58;Accident;Incendie d’équipement;Départ de feu sur engin ou local technique;Industriel / technique;Déclenchement de sécurités et arrêt automatique des systèmes;Déclenchement de sécurités et arrêt automatique des systèmes — Dans le contexte « Incendie d’équipement » (Accident). Départ de feu sur engin ou local technique. Points sensibles : fumées, arrêt, dommages matériels.;Exemple : Incendie d’équipement → déclenchement de sécurités et arrêt automatique des systèmes (ex. décisions immédiates, coordination, reprise).;Dommages matériels, risques de sur-accident, indisponibilité d’équipements.;Maintenance préventive, inspections, redondances techniques, permis de travail.;Mise en sécurité, réparations, expertises, reprise sous conditions.;Moyenne;Élevée;Moyenne;fumées, arrêt, dommages matériels
59;Accident;Incendie d’équipement;Départ de feu sur engin ou local technique;Ressources humaines;Traumatisme des équipes et stress post-évènement (RPS);Traumatisme des équipes et stress post-évènement (RPS) — Dans le contexte « Incendie d’équipement » (Accident). Départ de feu sur engin ou local technique. Points sensibles : fumées, arrêt, dommages matériels.;Exemple : Incendie d’équipement → traumatisme des équipes et stress post-évènement (rps) (ex. décisions immédiates, coordination, reprise).;Choc, fatigue, absentéisme, tensions sociales.;Prévention RPS, formation managers, rotations astreinte, culture Stop Work.;Soutien psychologique, communication interne, renforts, repos imposé.;Moyenne;Élevée;Moyenne;fumées, arrêt, dommages matériels
60;Accident;Incendie d’équipement;Départ de feu sur engin ou local technique;Ressources humaines;Exposition à des risques physiques (chaleur, fumées, toxiques);Exposition à des risques physiques (chaleur, fumées, toxiques) — Dans le contexte « Incendie d’équipement » (Accident). Départ de feu sur engin ou local technique. Points sensibles : fumées, arrêt, dommages matériels.;Exemple : Incendie d’équipement → exposition à des risques physiques (chaleur, fumées, toxiques) (ex. décisions immédiates, coordination, reprise).;Choc, fatigue, absentéisme, tensions sociales.;Prévention RPS, formation managers, rotations astreinte, culture Stop Work.;Soutien psychologique, communication interne, renforts, repos imposé.;Moyenne;Élevée;Moyenne;fumées, arrêt, dommages matériels
61;Accident;Incendie d’équipement;Départ de feu sur engin ou local technique;Juridique / conformité;Mise en cause pénale (accident grave, mise en danger, pollution);Mise en cause pénale (accident grave, mise en danger, pollution) — Dans le contexte « Incendie d’équipement » (Accident). Départ de feu sur engin ou local technique. Points sensibles : fumées, arrêt, dommages matériels.;Exemple : Incendie d’équipement → mise en cause pénale (accident grave, mise en danger, pollution) (ex. décisions immédiates, coordination, reprise).;Enquêtes, obligations, contentieux, sanctions.;Veille réglementaire, audits, plans de prévention, conservation des preuves.;Déclarations, interface autorités, stratégie contentieuse, documentation.;Moyenne;Critique;Élevée;fumées, arrêt, dommages matériels
62;Accident;Incendie d’équipement;Départ de feu sur engin ou local technique;Juridique / conformité;Contentieux contractuels (pénalités, retards, responsabilités);Contentieux contractuels (pénalités, retards, responsabilités) — Dans le contexte « Incendie d’équipement » (Accident). Départ de feu sur engin ou local technique. Points sensibles : fumées, arrêt, dommages matériels.;Exemple : Incendie d’équipement → contentieux contractuels (pénalités, retards, responsabilités) (ex. décisions immédiates, coordination, reprise).;Enquêtes, obligations, contentieux, sanctions.;Veille réglementaire, audits, plans de prévention, conservation des preuves.;Déclarations, interface autorités, stratégie contentieuse, documentation.;Moyenne;Critique;Élevée;fumées, arrêt, dommages matériels
63;Accident;Incendie d’équipement;Départ de feu sur engin ou local technique;Financier;Coûts de réparation et de remise en état (ouvrages, équipements);Coûts de réparation et de remise en état (ouvrages, équipements) — Dans le contexte « Incendie d’équipement » (Accident). Départ de feu sur engin ou local technique. Points sensibles : fumées, arrêt, dommages matériels.;Exemple : Incendie d’équipement → coûts de réparation et de remise en état (ouvrages, équipements) (ex. décisions immédiates, coordination, reprise).;Pertes d’exploitation, coûts de remise en état, hausse primes/franchises.;Assurances adaptées, budgets d’urgence, suivi trésorerie, clauses contractuelles.;Activation fonds d’urgence, suivi coûts, déclaration assureur, mitigation pénalités.;Moyenne;Élevée;Moyenne;fumées, arrêt, dommages matériels
64;Accident;Incendie d’équipement;Départ de feu sur engin ou local technique;Financier;Hausse des primes, franchises et difficultés d’assurabilité;Hausse des primes, franchises et difficultés d’assurabilité — Dans le contexte « Incendie d’équipement » (Accident). Départ de feu sur engin ou local technique. Points sensibles : fumées, arrêt, dommages matériels.;Exemple : Incendie d’équipement → hausse des primes, franchises et difficultés d’assurabilité (ex. décisions immédiates, coordination, reprise).;Pertes d’exploitation, coûts de remise en état, hausse primes/franchises.;Assurances adaptées, budgets d’urgence, suivi trésorerie, clauses contractuelles.;Activation fonds d’urgence, suivi coûts, déclaration assureur, mitigation pénalités.;Moyenne;Élevée;Moyenne;fumées, arrêt, dommages matériels
65;Accident;Incendie d’équipement;Départ de feu sur engin ou local technique;Image / réputation;Médiatisation nationale / locale et perte de confiance;Médiatisation nationale / locale et perte de confiance — Dans le contexte « Incendie d’équipement » (Accident). Départ de feu sur engin ou local technique. Points sensibles : fumées, arrêt, dommages matériels.;Exemple : Incendie d’équipement → médiatisation nationale / locale et perte de confiance (ex. décisions immédiates, coordination, reprise).;Perte de confiance, pression médiatique, rumeurs.;Veille médias, porte-parole, éléments de langage, charte RS.;Communication factuelle/empathetic, lutte rumeurs, coordination autorités.;Moyenne;Élevée;Moyenne;fumées, arrêt, dommages matériels
66;Accident;Incendie d’équipement;Départ de feu sur engin ou local technique;Image / réputation;Perception d’impréparation ou de manque de transparence;Perception d’impréparation ou de manque de transparence — Dans le contexte « Incendie d’équipement » (Accident). Départ de feu sur engin ou local technique. Points sensibles : fumées, arrêt, dommages matériels.;Exemple : Incendie d’équipement → perception d’impréparation ou de manque de transparence (ex. décisions immédiates, coordination, reprise).;Perte de confiance, pression médiatique, rumeurs.;Veille médias, porte-parole, éléments de langage, charte RS.;Communication factuelle/empathetic, lutte rumeurs, coordination autorités.;Moyenne;Élevée;Moyenne;fumées, arrêt, dommages matériels
67;Accident;Incendie d’équipement;Départ de feu sur engin ou local technique;Géopolitique / institutionnel;Intervention de l’État / autorités (préfecture, inspection, régulateur);Intervention de l’État / autorités (préfecture, inspection, régulateur) — Dans le contexte « Incendie d’équipement » (Accident). Départ de feu sur engin ou local technique. Points sensibles : fumées, arrêt, dommages matériels.;Exemple : Incendie d’équipement → intervention de l’état / autorités (préfecture, inspection, régulateur) (ex. décisions immédiates, coordination, reprise).;Injonctions, contrôles, arbitrages publics, priorisation ressources.;Veille institutionnelle, carto parties prenantes, protocoles autorités.;Coordination préf/mairie/régulateurs, demandes de moyens publics.;Moyenne;Élevée;Moyenne;fumées, arrêt, dommages matériels
68;Accident;Incendie d’équipement;Départ de feu sur engin ou local technique;Géopolitique / institutionnel;Priorisation nationale des ressources (énergie, santé, sécurité);Priorisation nationale des ressources (énergie, santé, sécurité) — Dans le contexte « Incendie d’équipement » (Accident). Départ de feu sur engin ou local technique. Points sensibles : fumées, arrêt, dommages matériels.;Exemple : Incendie d’équipement → priorisation nationale des ressources (énergie, santé, sécurité) (ex. décisions immédiates, coordination, reprise).;Injonctions, contrôles, arbitrages publics, priorisation ressources.;Veille institutionnelle, carto parties prenantes, protocoles autorités.;Coordination préf/mairie/régulateurs, demandes de moyens publics.;Moyenne;Élevée;Moyenne;fumées, arrêt, dommages matériels
69;Accident;Incendie d’équipement;Départ de feu sur engin ou local technique;Informatique / numérique;Perte du SI local (supervision, communications, annuaire, outils métier);Perte du SI local (supervision, communications, annuaire, outils métier) — Dans le contexte « Incendie d’équipement » (Accident). Départ de feu sur engin ou local technique. Points sensibles : fumées, arrêt, dommages matériels.;Exemple : Incendie d’équipement → perte du si local (supervision, communications, annuaire, outils métier) (ex. décisions immédiates, coordination, reprise).;Perte outils, rupture communications, fuite info.;Segmentation, sauvegardes, redondance télécom, procédures hors-ligne.;Mode dégradé, restauration, canaux alternatifs, contrôle intégrité.;Moyenne;Élevée;Moyenne;fumées, arrêt, dommages matériels
70;Accident;Incendie d’équipement;Départ de feu sur engin ou local technique;Informatique / numérique;Cyberattaque opportuniste pendant la crise (phishing, ransom, DDoS);Cyberattaque opportuniste pendant la crise (phishing, ransom, DDoS) — Dans le contexte « Incendie d’équipement » (Accident). Départ de feu sur engin ou local technique. Points sensibles : fumées, arrêt, dommages matériels.;Exemple : Incendie d’équipement → cyberattaque opportuniste pendant la crise (phishing, ransom, ddos) (ex. décisions immédiates, coordination, reprise).;Perte outils, rupture communications, fuite info.;Segmentation, sauvegardes, redondance télécom, procédures hors-ligne.;Mode dégradé, restauration, canaux alternatifs, contrôle intégrité.;Moyenne;Élevée;Moyenne;fumées, arrêt, dommages matériels
71;Accident;Incendie d’équipement;Départ de feu sur engin ou local technique;Défaillance / résilience;Effet domino multi-réseaux (énergie + télécom + eau);Effet domino multi-réseaux (énergie + télécom + eau) — Dans le contexte « Incendie d’équipement » (Accident). Départ de feu sur engin ou local technique. Points sensibles : fumées, arrêt, dommages matériels.;Exemple : Incendie d’équipement → effet domino multi-réseaux (énergie + télécom + eau) (ex. décisions immédiates, coordination, reprise).;Domino multi-systèmes, crise prolongée, défaillance gouvernance.;Tests de résilience, exercices multi-crises, cartographie dépendances.;Limiter le domino, renforcer gouvernance, cellules spécialisées, REX.;Moyenne;Élevée;Moyenne;fumées, arrêt, dommages matériels
72;Accident;Incendie d’équipement;Départ de feu sur engin ou local technique;Défaillance / résilience;Défaillance d’un acteur clé (prestataire, fournisseur, opérateur);Défaillance d’un acteur clé (prestataire, fournisseur, opérateur) — Dans le contexte « Incendie d’équipement » (Accident). Départ de feu sur engin ou local technique. Points sensibles : fumées, arrêt, dommages matériels.;Exemple : Incendie d’équipement → défaillance d’un acteur clé (prestataire, fournisseur, opérateur) (ex. décisions immédiates, coordination, reprise).;Domino multi-systèmes, crise prolongée, défaillance gouvernance.;Tests de résilience, exercices multi-crises, cartographie dépendances.;Limiter le domino, renforcer gouvernance, cellules spécialisées, REX.;Moyenne;Élevée;Moyenne;fumées, arrêt, dommages matériels
73;Accident;Explosion;Explosion (chimique ou physique) sur installation;Opérationnel;Arrêt immédiat des activités et sécurisation du périmètre;Arrêt immédiat des activités et sécurisation du périmètre — Dans le contexte « Explosion » (Accident). Explosion (chimique ou physique) sur installation. Points sensibles : onde de choc, blessés, destruction.;Exemple : Explosion → arrêt immédiat des activités et sécurisation du périmètre (ex. décisions immédiates, coordination, reprise).;Arrêt/retards, mode dégradé, impacts usagers/clients.;PCA/PRA, procédures mode dégradé, exercices réguliers, annuaire crise.;Arrêt sécurisé, priorisation activités, cellule terrain, points de situation.;Moyenne;Élevée;Moyenne;onde de choc, blessés, destruction
74;Accident;Explosion;Explosion (chimique ou physique) sur installation;Opérationnel;Désorganisation de la coordination multi-acteurs (secours, autorités, partenaires);Désorganisation de la coordination multi-acteurs (secours, autorités, partenaires) — Dans le contexte « Explosion » (Accident). Explosion (chimique ou physique) sur installation. Points sensibles : onde de choc, blessés, destruction.;Exemple : Explosion → désorganisation de la coordination multi-acteurs (secours, autorités, partenaires) (ex. décisions immédiates, coordination, reprise).;Arrêt/retards, mode dégradé, impacts usagers/clients.;PCA/PRA, procédures mode dégradé, exercices réguliers, annuaire crise.;Arrêt sécurisé, priorisation activités, cellule terrain, points de situation.;Moyenne;Élevée;Moyenne;onde de choc, blessés, destruction
75;Accident;Explosion;Explosion (chimique ou physique) sur installation;Industriel / technique;Destruction d’ouvrages ou d’équipements critiques;Destruction d’ouvrages ou d’équipements critiques — Dans le contexte « Explosion » (Accident). Explosion (chimique ou physique) sur installation. Points sensibles : onde de choc, blessés, destruction.;Exemple : Explosion → destruction d’ouvrages ou d’équipements critiques (ex. décisions immédiates, coordination, reprise).;Dommages matériels, risques de sur-accident, indisponibilité d’équipements.;Maintenance préventive, inspections, redondances techniques, permis de travail.;Mise en sécurité, réparations, expertises, reprise sous conditions.;Moyenne;Élevée;Moyenne;onde de choc, blessés, destruction
76;Accident;Explosion;Explosion (chimique ou physique) sur installation;Industriel / technique;Déclenchement de sécurités et arrêt automatique des systèmes;Déclenchement de sécurités et arrêt automatique des systèmes — Dans le contexte « Explosion » (Accident). Explosion (chimique ou physique) sur installation. Points sensibles : onde de choc, blessés, destruction.;Exemple : Explosion → déclenchement de sécurités et arrêt automatique des systèmes (ex. décisions immédiates, coordination, reprise).;Dommages matériels, risques de sur-accident, indisponibilité d’équipements.;Maintenance préventive, inspections, redondances techniques, permis de travail.;Mise en sécurité, réparations, expertises, reprise sous conditions.;Moyenne;Élevée;Moyenne;onde de choc, blessés, destruction
77;Accident;Explosion;Explosion (chimique ou physique) sur installation;Ressources humaines;Traumatisme des équipes et stress post-évènement (RPS);Traumatisme des équipes et stress post-évènement (RPS) — Dans le contexte « Explosion » (Accident). Explosion (chimique ou physique) sur installation. Points sensibles : onde de choc, blessés, destruction.;Exemple : Explosion → traumatisme des équipes et stress post-évènement (rps) (ex. décisions immédiates, coordination, reprise).;Choc, fatigue, absentéisme, tensions sociales.;Prévention RPS, formation managers, rotations astreinte, culture Stop Work.;Soutien psychologique, communication interne, renforts, repos imposé.;Moyenne;Élevée;Moyenne;onde de choc, blessés, destruction
78;Accident;Explosion;Explosion (chimique ou physique) sur installation;Ressources humaines;Exposition à des risques physiques (chaleur, fumées, toxiques);Exposition à des risques physiques (chaleur, fumées, toxiques) — Dans le contexte « Explosion » (Accident). Explosion (chimique ou physique) sur installation. Points sensibles : onde de choc, blessés, destruction.;Exemple : Explosion → exposition à des risques physiques (chaleur, fumées, toxiques) (ex. décisions immédiates, coordination, reprise).;Choc, fatigue, absentéisme, tensions sociales.;Prévention RPS, formation managers, rotations astreinte, culture Stop Work.;Soutien psychologique, communication interne, renforts, repos imposé.;Moyenne;Élevée;Moyenne;onde de choc, blessés, destruction
79;Accident;Explosion;Explosion (chimique ou physique) sur installation;Juridique / conformité;Mise en cause pénale (accident grave, mise en danger, pollution);Mise en cause pénale (accident grave, mise en danger, pollution) — Dans le contexte « Explosion » (Accident). Explosion (chimique ou physique) sur installation. Points sensibles : onde de choc, blessés, destruction.;Exemple : Explosion → mise en cause pénale (accident grave, mise en danger, pollution) (ex. décisions immédiates, coordination, reprise).;Enquêtes, obligations, contentieux, sanctions.;Veille réglementaire, audits, plans de prévention, conservation des preuves.;Déclarations, interface autorités, stratégie contentieuse, documentation.;Moyenne;Critique;Élevée;onde de choc, blessés, destruction
80;Accident;Explosion;Explosion (chimique ou physique) sur installation;Juridique / conformité;Contentieux contractuels (pénalités, retards, responsabilités);Contentieux contractuels (pénalités, retards, responsabilités) — Dans le contexte « Explosion » (Accident). Explosion (chimique ou physique) sur installation. Points sensibles : onde de choc, blessés, destruction.;Exemple : Explosion → contentieux contractuels (pénalités, retards, responsabilités) (ex. décisions immédiates, coordination, reprise).;Enquêtes, obligations, contentieux, sanctions.;Veille réglementaire, audits, plans de prévention, conservation des preuves.;Déclarations, interface autorités, stratégie contentieuse, documentation.;Moyenne;Critique;Élevée;onde de choc, blessés, destruction
81;Accident;Explosion;Explosion (chimique ou physique) sur installation;Financier;Coûts de réparation et de remise en état (ouvrages, équipements);Coûts de réparation et de remise en état (ouvrages, équipements) — Dans le contexte « Explosion » (Accident). Explosion (chimique ou physique) sur installation. Points sensibles : onde de choc, blessés, destruction.;Exemple : Explosion → coûts de réparation et de remise en état (ouvrages, équipements) (ex. décisions immédiates, coordination, reprise).;Pertes d’exploitation, coûts de remise en état, hausse primes/franchises.;Assurances adaptées, budgets d’urgence, suivi trésorerie, clauses contractuelles.;Activation fonds d’urgence, suivi coûts, déclaration assureur, mitigation pénalités.;Moyenne;Élevée;Moyenne;onde de choc, blessés, destruction
82;Accident;Explosion;Explosion (chimique ou physique) sur installation;Financier;Hausse des primes, franchises et difficultés d’assurabilité;Hausse des primes, franchises et difficultés d’assurabilité — Dans le contexte « Explosion » (Accident). Explosion (chimique ou physique) sur installation. Points sensibles : onde de choc, blessés, destruction.;Exemple : Explosion → hausse des primes, franchises et difficultés d’assurabilité (ex. décisions immédiates, coordination, reprise).;Pertes d’exploitation, coûts de remise en état, hausse primes/franchises.;Assurances adaptées, budgets d’urgence, suivi trésorerie, clauses contractuelles.;Activation fonds d’urgence, suivi coûts, déclaration assureur, mitigation pénalités.;Moyenne;Élevée;Moyenne;onde de choc, blessés, destruction
83;Accident;Explosion;Explosion (chimique ou physique) sur installation;Image / réputation;Médiatisation nationale / locale et perte de confiance;Médiatisation nationale / locale et perte de confiance — Dans le contexte « Explosion » (Accident). Explosion (chimique ou physique) sur installation. Points sensibles : onde de choc, blessés, destruction.;Exemple : Explosion → médiatisation nationale / locale et perte de confiance (ex. décisions immédiates, coordination, reprise).;Perte de confiance, pression médiatique, rumeurs.;Veille médias, porte-parole, éléments de langage, charte RS.;Communication factuelle/empathetic, lutte rumeurs, coordination autorités.;Moyenne;Élevée;Moyenne;onde de choc, blessés, destruction
84;Accident;Explosion;Explosion (chimique ou physique) sur installation;Image / réputation;Perception d’impréparation ou de manque de transparence;Perception d’impréparation ou de manque de transparence — Dans le contexte « Explosion » (Accident). Explosion (chimique ou physique) sur installation. Points sensibles : onde de choc, blessés, destruction.;Exemple : Explosion → perception d’impréparation ou de manque de transparence (ex. décisions immédiates, coordination, reprise).;Perte de confiance, pression médiatique, rumeurs.;Veille médias, porte-parole, éléments de langage, charte RS.;Communication factuelle/empathetic, lutte rumeurs, coordination autorités.;Moyenne;Élevée;Moyenne;onde de choc, blessés, destruction
85;Accident;Explosion;Explosion (chimique ou physique) sur installation;Géopolitique / institutionnel;Intervention de l’État / autorités (préfecture, inspection, régulateur);Intervention de l’État / autorités (préfecture, inspection, régulateur) — Dans le contexte « Explosion » (Accident). Explosion (chimique ou physique) sur installation. Points sensibles : onde de choc, blessés, destruction.;Exemple : Explosion → intervention de l’état / autorités (préfecture, inspection, régulateur) (ex. décisions immédiates, coordination, reprise).;Injonctions, contrôles, arbitrages publics, priorisation ressources.;Veille institutionnelle, carto parties prenantes, protocoles autorités.;Coordination préf/mairie/régulateurs, demandes de moyens publics.;Moyenne;Élevée;Moyenne;onde de choc, blessés, destruction
86;Accident;Explosion;Explosion (chimique ou physique) sur installation;Géopolitique / institutionnel;Priorisation nationale des ressources (énergie, santé, sécurité);Priorisation nationale des ressources (énergie, santé, sécurité) — Dans le contexte « Explosion » (Accident). Explosion (chimique ou physique) sur installation. Points sensibles : onde de choc, blessés, destruction.;Exemple : Explosion → priorisation nationale des ressources (énergie, santé, sécurité) (ex. décisions immédiates, coordination, reprise).;Injonctions, contrôles, arbitrages publics, priorisation ressources.;Veille institutionnelle, carto parties prenantes, protocoles autorités.;Coordination préf/mairie/régulateurs, demandes de moyens publics.;Moyenne;Élevée;Moyenne;onde de choc, blessés, destruction
87;Accident;Explosion;Explosion (chimique ou physique) sur installation;Informatique / numérique;Perte du SI local (supervision, communications, annuaire, outils métier);Perte du SI local (supervision, communications, annuaire, outils métier) — Dans le contexte « Explosion » (Accident). Explosion (chimique ou physique) sur installation. Points sensibles : onde de choc, blessés, destruction.;Exemple : Explosion → perte du si local (supervision, communications, annuaire, outils métier) (ex. décisions immédiates, coordination, reprise).;Perte outils, rupture communications, fuite info.;Segmentation, sauvegardes, redondance télécom, procédures hors-ligne.;Mode dégradé, restauration, canaux alternatifs, contrôle intégrité.;Moyenne;Élevée;Moyenne;onde de choc, blessés, destruction
88;Accident;Explosion;Explosion (chimique ou physique) sur installation;Informatique / numérique;Cyberattaque opportuniste pendant la crise (phishing, ransom, DDoS);Cyberattaque opportuniste pendant la crise (phishing, ransom, DDoS) — Dans le contexte « Explosion » (Accident). Explosion (chimique ou physique) sur installation. Points sensibles : onde de choc, blessés, destruction.;Exemple : Explosion → cyberattaque opportuniste pendant la crise (phishing, ransom, ddos) (ex. décisions immédiates, coordination, reprise).;Perte outils, rupture communications, fuite info.;Segmentation, sauvegardes, redondance télécom, procédures hors-ligne.;Mode dégradé, restauration, canaux alternatifs, contrôle intégrité.;Moyenne;Élevée;Moyenne;onde de choc, blessés, destruction
89;Accident;Explosion;Explosion (chimique ou physique) sur installation;Défaillance / résilience;Effet domino multi-réseaux (énergie + télécom + eau);Effet domino multi-réseaux (énergie + télécom + eau) — Dans le contexte « Explosion » (Accident). Explosion (chimique ou physique) sur installation. Points sensibles : onde de choc, blessés, destruction.;Exemple : Explosion → effet domino multi-réseaux (énergie + télécom + eau) (ex. décisions immédiates, coordination, reprise).;Domino multi-systèmes, crise prolongée, défaillance gouvernance.;Tests de résilience, exercices multi-crises, cartographie dépendances.;Limiter le domino, renforcer gouvernance, cellules spécialisées, REX.;Moyenne;Élevée;Moyenne;onde de choc, blessés, destruction
90;Accident;Explosion;Explosion (chimique ou physique) sur installation;Défaillance / résilience;Défaillance d’un acteur clé (prestataire, fournisseur, opérateur);Défaillance d’un acteur clé (prestataire, fournisseur, opérateur) — Dans le contexte « Explosion » (Accident). Explosion (chimique ou physique) sur installation. Points sensibles : onde de choc, blessés, destruction.;Exemple : Explosion → défaillance d’un acteur clé (prestataire, fournisseur, opérateur) (ex. décisions immédiates, coordination, reprise).;Domino multi-systèmes, crise prolongée, défaillance gouvernance.;Tests de résilience, exercices multi-crises, cartographie dépendances.;Limiter le domino, renforcer gouvernance, cellules spécialisées, REX.;Moyenne;Élevée;Moyenne;onde de choc, blessés, destruction
91;Accident;Inondation technique;Rupture de canalisation / infiltration en sous-sol;Opérationnel;Arrêt immédiat des activités et sécurisation du périmètre;Arrêt immédiat des activités et sécurisation du périmètre — Dans le contexte « Inondation technique » (Accident). Rupture de canalisation / infiltration en sous-sol. Points sensibles : montée d’eau, pompage, arrêt.;Exemple : Inondation technique → arrêt immédiat des activités et sécurisation du périmètre (ex. décisions immédiates, coordination, reprise).;Arrêt/retards, mode dégradé, impacts usagers/clients.;PCA/PRA, procédures mode dégradé, exercices réguliers, annuaire crise.;Arrêt sécurisé, priorisation activités, cellule terrain, points de situation.;Élevée;Élevée;Élevée;montée d’eau, pompage, arrêt
92;Accident;Inondation technique;Rupture de canalisation / infiltration en sous-sol;Opérationnel;Désorganisation de la coordination multi-acteurs (secours, autorités, partenaires);Désorganisation de la coordination multi-acteurs (secours, autorités, partenaires) — Dans le contexte « Inondation technique » (Accident). Rupture de canalisation / infiltration en sous-sol. Points sensibles : montée d’eau, pompage, arrêt.;Exemple : Inondation technique → désorganisation de la coordination multi-acteurs (secours, autorités, partenaires) (ex. décisions immédiates, coordination, reprise).;Arrêt/retards, mode dégradé, impacts usagers/clients.;PCA/PRA, procédures mode dégradé, exercices réguliers, annuaire crise.;Arrêt sécurisé, priorisation activités, cellule terrain, points de situation.;Élevée;Élevée;Élevée;montée d’eau, pompage, arrêt
93;Accident;Inondation technique;Rupture de canalisation / infiltration en sous-sol;Industriel / technique;Destruction d’ouvrages ou d’équipements critiques;Destruction d’ouvrages ou d’équipements critiques — Dans le contexte « Inondation technique » (Accident). Rupture de canalisation / infiltration en sous-sol. Points sensibles : montée d’eau, pompage, arrêt.;Exemple : Inondation technique → destruction d’ouvrages ou d’équipements critiques (ex. décisions immédiates, coordination, reprise).;Dommages matériels, risques de sur-accident, indisponibilité d’équipements.;Maintenance préventive, inspections, redondances techniques, permis de travail.;Mise en sécurité, réparations, expertises, reprise sous conditions.;Élevée;Élevée;Élevée;montée d’eau, pompage, arrêt
94;Accident;Inondation technique;Rupture de canalisation / infiltration en sous-sol;Industriel / technique;Déclenchement de sécurités et arrêt automatique des systèmes;Déclenchement de sécurités et arrêt automatique des systèmes — Dans le contexte « Inondation technique » (Accident). Rupture de canalisation / infiltration en sous-sol. Points sensibles : montée d’eau, pompage, arrêt.;Exemple : Inondation technique → déclenchement de sécurités et arrêt automatique des systèmes (ex. décisions immédiates, coordination, reprise).;Dommages matériels, risques de sur-accident, indisponibilité d’équipements.;Maintenance préventive, inspections, redondances techniques, permis de travail.;Mise en sécurité, réparations, expertises, reprise sous conditions.;Élevée;Élevée;Élevée;montée d’eau, pompage, arrêt
95;Accident;Inondation technique;Rupture de canalisation / infiltration en sous-sol;Ressources humaines;Traumatisme des équipes et stress post-évènement (RPS);Traumatisme des équipes et stress post-évènement (RPS) — Dans le contexte « Inondation technique » (Accident). Rupture de canalisation / infiltration en sous-sol. Points sensibles : montée d’eau, pompage, arrêt.;Exemple : Inondation technique → traumatisme des équipes et stress post-évènement (rps) (ex. décisions immédiates, coordination, reprise).;Choc, fatigue, absentéisme, tensions sociales.;Prévention RPS, formation managers, rotations astreinte, culture Stop Work.;Soutien psychologique, communication interne, renforts, repos imposé.;Élevée;Élevée;Élevée;montée d’eau, pompage, arrêt
96;Accident;Inondation technique;Rupture de canalisation / infiltration en sous-sol;Ressources humaines;Exposition à des risques physiques (chaleur, fumées, toxiques);Exposition à des risques physiques (chaleur, fumées, toxiques) — Dans le contexte « Inondation technique » (Accident). Rupture de canalisation / infiltration en sous-sol. Points sensibles : montée d’eau, pompage, arrêt.;Exemple : Inondation technique → exposition à des risques physiques (chaleur, fumées, toxiques) (ex. décisions immédiates, coordination, reprise).;Choc, fatigue, absentéisme, tensions sociales.;Prévention RPS, formation managers, rotations astreinte, culture Stop Work.;Soutien psychologique, communication interne, renforts, repos imposé.;Élevée;Élevée;Élevée;montée d’eau, pompage, arrêt
97;Accident;Inondation technique;Rupture de canalisation / infiltration en sous-sol;Juridique / conformité;Mise en cause pénale (accident grave, mise en danger, pollution);Mise en cause pénale (accident grave, mise en danger, pollution) — Dans le contexte « Inondation technique » (Accident). Rupture de canalisation / infiltration en sous-sol. Points sensibles : montée d’eau, pompage, arrêt.;Exemple : Inondation technique → mise en cause pénale (accident grave, mise en danger, pollution) (ex. décisions immédiates, coordination, reprise).;Enquêtes, obligations, contentieux, sanctions.;Veille réglementaire, audits, plans de prévention, conservation des preuves.;Déclarations, interface autorités, stratégie contentieuse, documentation.;Élevée;Critique;Élevée;montée d’eau, pompage, arrêt
98;Accident;Inondation technique;Rupture de canalisation / infiltration en sous-sol;Juridique / conformité;Contentieux contractuels (pénalités, retards, responsabilités);Contentieux contractuels (pénalités, retards, responsabilités) — Dans le contexte « Inondation technique » (Accident). Rupture de canalisation / infiltration en sous-sol. Points sensibles : montée d’eau, pompage, arrêt.;Exemple : Inondation technique → contentieux contractuels (pénalités, retards, responsabilités) (ex. décisions immédiates, coordination, reprise).;Enquêtes, obligations, contentieux, sanctions.;Veille réglementaire, audits, plans de prévention, conservation des preuves.;Déclarations, interface autorités, stratégie contentieuse, documentation.;Élevée;Critique;Élevée;montée d’eau, pompage, arrêt
99;Accident;Inondation technique;Rupture de canalisation / infiltration en sous-sol;Financier;Coûts de réparation et de remise en état (ouvrages, équipements);Coûts de réparation et de remise en état (ouvrages, équipements) — Dans le contexte « Inondation technique » (Accident). Rupture de canalisation / infiltration en sous-sol. Points sensibles : montée d’eau, pompage, arrêt.;Exemple : Inondation technique → coûts de réparation et de remise en état (ouvrages, équipements) (ex. décisions immédiates, coordination, reprise).;Pertes d’exploitation, coûts de remise en état, hausse primes/franchises.;Assurances adaptées, budgets d’urgence, suivi trésorerie, clauses contractuelles.;Activation fonds d’urgence, suivi coûts, déclaration assureur, mitigation pénalités.;Élevée;Élevée;Élevée;montée d’eau, pompage, arrêt
100;Accident;Inondation technique;Rupture de canalisation / infiltration en sous-sol;Financier;Hausse des primes, franchises et difficultés d’assurabilité;Hausse des primes, franchises et difficultés d’assurabilité — Dans le contexte « Inondation technique » (Accident). Rupture de canalisation / infiltration en sous-sol. Points sensibles : montée d’eau, pompage, arrêt.;Exemple : Inondation technique → hausse des primes, franchises et difficultés d’assurabilité (ex. décisions immédiates, coordination, reprise).;Pertes d’exploitation, coûts de remise en état, hausse primes/franchises.;Assurances adaptées, budgets d’urgence, suivi trésorerie, clauses contractuelles.;Activation fonds d’urgence, suivi coûts, déclaration assureur, mitigation pénalités.;Élevée;Élevée;Élevée;montée d’eau, pompage, arrêt
101;Accident;Inondation technique;Rupture de canalisation / infiltration en sous-sol;Image / réputation;Médiatisation nationale / locale et perte de confiance;Médiatisation nationale / locale et perte de confiance — Dans le contexte « Inondation technique » (Accident). Rupture de canalisation / infiltration en sous-sol. Points sensibles : montée d’eau, pompage, arrêt.;Exemple : Inondation technique → médiatisation nationale / locale et perte de confiance (ex. décisions immédiates, coordination, reprise).;Perte de confiance, pression médiatique, rumeurs.;Veille médias, porte-parole, éléments de langage, charte RS.;Communication factuelle/empathetic, lutte rumeurs, coordination autorités.;Élevée;Élevée;Élevée;montée d’eau, pompage, arrêt
102;Accident;Inondation technique;Rupture de canalisation / infiltration en sous-sol;Image / réputation;Perception d’impréparation ou de manque de transparence;Perception d’impréparation ou de manque de transparence — Dans le contexte « Inondation technique » (Accident). Rupture de canalisation / infiltration en sous-sol. Points sensibles : montée d’eau, pompage, arrêt.;Exemple : Inondation technique → perception d’impréparation ou de manque de transparence (ex. décisions immédiates, coordination, reprise).;Perte de confiance, pression médiatique, rumeurs.;Veille médias, porte-parole, éléments de langage, charte RS.;Communication factuelle/empathetic, lutte rumeurs, coordination autorités.;Élevée;Élevée;Élevée;montée d’eau, pompage, arrêt
103;Accident;Inondation technique;Rupture de canalisation / infiltration en sous-sol;Géopolitique / institutionnel;Intervention de l’État / autorités (préfecture, inspection, régulateur);Intervention de l’État / autorités (préfecture, inspection, régulateur) — Dans le contexte « Inondation technique » (Accident). Rupture de canalisation / infiltration en sous-sol. Points sensibles : montée d’eau, pompage, arrêt.;Exemple : Inondation technique → intervention de l’état / autorités (préfecture, inspection, régulateur) (ex. décisions immédiates, coordination, reprise).;Injonctions, contrôles, arbitrages publics, priorisation ressources.;Veille institutionnelle, carto parties prenantes, protocoles autorités.;Coordination préf/mairie/régulateurs, demandes de moyens publics.;Élevée;Élevée;Élevée;montée d’eau, pompage, arrêt
104;Accident;Inondation technique;Rupture de canalisation / infiltration en sous-sol;Géopolitique / institutionnel;Priorisation nationale des ressources (énergie, santé, sécurité);Priorisation nationale des ressources (énergie, santé, sécurité) — Dans le contexte « Inondation technique » (Accident). Rupture de canalisation / infiltration en sous-sol. Points sensibles : montée d’eau, pompage, arrêt.;Exemple : Inondation technique → priorisation nationale des ressources (énergie, santé, sécurité) (ex. décisions immédiates, coordination, reprise).;Injonctions, contrôles, arbitrages publics, priorisation ressources.;Veille institutionnelle, carto parties prenantes, protocoles autorités.;Coordination préf/mairie/régulateurs, demandes de moyens publics.;Élevée;Élevée;Élevée;montée d’eau, pompage, arrêt
105;Accident;Inondation technique;Rupture de canalisation / infiltration en sous-sol;Informatique / numérique;Perte du SI local (supervision, communications, annuaire, outils métier);Perte du SI local (supervision, communications, annuaire, outils métier) — Dans le contexte « Inondation technique » (Accident). Rupture de canalisation / infiltration en sous-sol. Points sensibles : montée d’eau, pompage, arrêt.;Exemple : Inondation technique → perte du si local (supervision, communications, annuaire, outils métier) (ex. décisions immédiates, coordination, reprise).;Perte outils, rupture communications, fuite info.;Segmentation, sauvegardes, redondance télécom, procédures hors-ligne.;Mode dégradé, restauration, canaux alternatifs, contrôle intégrité.;Élevée;Élevée;Élevée;montée d’eau, pompage, arrêt
106;Accident;Inondation technique;Rupture de canalisation / infiltration en sous-sol;Informatique / numérique;Cyberattaque opportuniste pendant la crise (phishing, ransom, DDoS);Cyberattaque opportuniste pendant la crise (phishing, ransom, DDoS) — Dans le contexte « Inondation technique » (Accident). Rupture de canalisation / infiltration en sous-sol. Points sensibles : montée d’eau, pompage, arrêt.;Exemple : Inondation technique → cyberattaque opportuniste pendant la crise (phishing, ransom, ddos) (ex. décisions immédiates, coordination, reprise).;Perte outils, rupture communications, fuite info.;Segmentation, sauvegardes, redondance télécom, procédures hors-ligne.;Mode dégradé, restauration, canaux alternatifs, contrôle intégrité.;Élevée;Élevée;Élevée;montée d’eau, pompage, arrêt
107;Accident;Inondation technique;Rupture de canalisation / infiltration en sous-sol;Défaillance / résilience;Effet domino multi-réseaux (énergie + télécom + eau);Effet domino multi-réseaux (énergie + télécom + eau) — Dans le contexte « Inondation technique » (Accident). Rupture de canalisation / infiltration en sous-sol. Points sensibles : montée d’eau, pompage, arrêt.;Exemple : Inondation technique → effet domino multi-réseaux (énergie + télécom + eau) (ex. décisions immédiates, coordination, reprise).;Domino multi-systèmes, crise prolongée, défaillance gouvernance.;Tests de résilience, exercices multi-crises, cartographie dépendances.;Limiter le domino, renforcer gouvernance, cellules spécialisées, REX.;Élevée;Élevée;Élevée;montée d’eau, pompage, arrêt
108;Accident;Inondation technique;Rupture de canalisation / infiltration en sous-sol;Défaillance / résilience;Défaillance d’un acteur clé (prestataire, fournisseur, opérateur);Défaillance d’un acteur clé (prestataire, fournisseur, opérateur) — Dans le contexte « Inondation technique » (Accident). Rupture de canalisation / infiltration en sous-sol. Points sensibles : montée d’eau, pompage, arrêt.;Exemple : Inondation technique → défaillance d’un acteur clé (prestataire, fournisseur, opérateur) (ex. décisions immédiates, coordination, reprise).;Domino multi-systèmes, crise prolongée, défaillance gouvernance.;Tests de résilience, exercices multi-crises, cartographie dépendances.;Limiter le domino, renforcer gouvernance, cellules spécialisées, REX.;Élevée;Élevée;Élevée;montée d’eau, pompage, arrêt
109;Accident;Effondrement d’ouvrage;Affaissement/effondrement localisé;Opérationnel;Arrêt immédiat des activités et sécurisation du périmètre;Arrêt immédiat des activités et sécurisation du périmètre — Dans le contexte « Effondrement d’ouvrage » (Accident). Affaissement/effondrement localisé. Points sensibles : instabilité, évacuation, risques tiers.;Exemple : Effondrement d’ouvrage → arrêt immédiat des activités et sécurisation du périmètre (ex. décisions immédiates, coordination, reprise).;Arrêt/retards, mode dégradé, impacts usagers/clients.;PCA/PRA, procédures mode dégradé, exercices réguliers, annuaire crise.;Arrêt sécurisé, priorisation activités, cellule terrain, points de situation.;Moyenne;Élevée;Moyenne;instabilité, évacuation, risques tiers
110;Accident;Effondrement d’ouvrage;Affaissement/effondrement localisé;Opérationnel;Désorganisation de la coordination multi-acteurs (secours, autorités, partenaires);Désorganisation de la coordination multi-acteurs (secours, autorités, partenaires) — Dans le contexte « Effondrement d’ouvrage » (Accident). Affaissement/effondrement localisé. Points sensibles : instabilité, évacuation, risques tiers.;Exemple : Effondrement d’ouvrage → désorganisation de la coordination multi-acteurs (secours, autorités, partenaires) (ex. décisions immédiates, coordination, reprise).;Arrêt/retards, mode dégradé, impacts usagers/clients.;PCA/PRA, procédures mode dégradé, exercices réguliers, annuaire crise.;Arrêt sécurisé, priorisation activités, cellule terrain, points de situation.;Moyenne;Élevée;Moyenne;instabilité, évacuation, risques tiers
111;Accident;Effondrement d’ouvrage;Affaissement/effondrement localisé;Industriel / technique;Destruction d’ouvrages ou d’équipements critiques;Destruction d’ouvrages ou d’équipements critiques — Dans le contexte « Effondrement d’ouvrage » (Accident). Affaissement/effondrement localisé. Points sensibles : instabilité, évacuation, risques tiers.;Exemple : Effondrement d’ouvrage → destruction d’ouvrages ou d’équipements critiques (ex. décisions immédiates, coordination, reprise).;Dommages matériels, risques de sur-accident, indisponibilité d’équipements.;Maintenance préventive, inspections, redondances techniques, permis de travail.;Mise en sécurité, réparations, expertises, reprise sous conditions.;Moyenne;Élevée;Moyenne;instabilité, évacuation, risques tiers
112;Accident;Effondrement d’ouvrage;Affaissement/effondrement localisé;Industriel / technique;Déclenchement de sécurités et arrêt automatique des systèmes;Déclenchement de sécurités et arrêt automatique des systèmes — Dans le contexte « Effondrement d’ouvrage » (Accident). Affaissement/effondrement localisé. Points sensibles : instabilité, évacuation, risques tiers.;Exemple : Effondrement d’ouvrage → déclenchement de sécurités et arrêt automatique des systèmes (ex. décisions immédiates, coordination, reprise).;Dommages matériels, risques de sur-accident, indisponibilité d’équipements.;Maintenance préventive, inspections, redondances techniques, permis de travail.;Mise en sécurité, réparations, expertises, reprise sous conditions.;Moyenne;Élevée;Moyenne;instabilité, évacuation, risques tiers
113;Accident;Effondrement d’ouvrage;Affaissement/effondrement localisé;Ressources humaines;Traumatisme des équipes et stress post-évènement (RPS);Traumatisme des équipes et stress post-évènement (RPS) — Dans le contexte « Effondrement d’ouvrage » (Accident). Affaissement/effondrement localisé. Points sensibles : instabilité, évacuation, risques tiers.;Exemple : Effondrement d’ouvrage → traumatisme des équipes et stress post-évènement (rps) (ex. décisions immédiates, coordination, reprise).;Choc, fatigue, absentéisme, tensions sociales.;Prévention RPS, formation managers, rotations astreinte, culture Stop Work.;Soutien psychologique, communication interne, renforts, repos imposé.;Moyenne;Élevée;Moyenne;instabilité, évacuation, risques tiers
114;Accident;Effondrement d’ouvrage;Affaissement/effondrement localisé;Ressources humaines;Exposition à des risques physiques (chaleur, fumées, toxiques);Exposition à des risques physiques (chaleur, fumées, toxiques) — Dans le contexte « Effondrement d’ouvrage » (Accident). Affaissement/effondrement localisé. Points sensibles : instabilité, évacuation, risques tiers.;Exemple : Effondrement d’ouvrage → exposition à des risques physiques (chaleur, fumées, toxiques) (ex. décisions immédiates, coordination, reprise).;Choc, fatigue, absentéisme, tensions sociales.;Prévention RPS, formation managers, rotations astreinte, culture Stop Work.;Soutien psychologique, communication interne, renforts, repos imposé.;Moyenne;Élevée;Moyenne;instabilité, évacuation, risques tiers
115;Accident;Effondrement d’ouvrage;Affaissement/effondrement localisé;Juridique / conformité;Mise en cause pénale (accident grave, mise en danger, pollution);Mise en cause pénale (accident grave, mise en danger, pollution) — Dans le contexte « Effondrement d’ouvrage » (Accident). Affaissement/effondrement localisé. Points sensibles : instabilité, évacuation, risques tiers.;Exemple : Effondrement d’ouvrage → mise en cause pénale (accident grave, mise en danger, pollution) (ex. décisions immédiates, coordination, reprise).;Enquêtes, obligations, contentieux, sanctions.;Veille réglementaire, audits, plans de prévention, conservation des preuves.;Déclarations, interface autorités, stratégie contentieuse, documentation.;Moyenne;Critique;Élevée;instabilité, évacuation, risques tiers
116;Accident;Effondrement d’ouvrage;Affaissement/effondrement localisé;Juridique / conformité;Contentieux contractuels (pénalités, retards, responsabilités);Contentieux contractuels (pénalités, retards, responsabilités) — Dans le contexte « Effondrement d’ouvrage » (Accident). Affaissement/effondrement localisé. Points sensibles : instabilité, évacuation, risques tiers.;Exemple : Effondrement d’ouvrage → contentieux contractuels (pénalités, retards, responsabilités) (ex. décisions immédiates, coordination, reprise).;Enquêtes, obligations, contentieux, sanctions.;Veille réglementaire, audits, plans de prévention, conservation des preuves.;Déclarations, interface autorités, stratégie contentieuse, documentation.;Moyenne;Critique;Élevée;instabilité, évacuation, risques tiers
117;Accident;Effondrement d’ouvrage;Affaissement/effondrement localisé;Financier;Coûts de réparation et de remise en état (ouvrages, équipements);Coûts de réparation et de remise en état (ouvrages, équipements) — Dans le contexte « Effondrement d’ouvrage » (Accident). Affaissement/effondrement localisé. Points sensibles : instabilité, évacuation, risques tiers.;Exemple : Effondrement d’ouvrage → coûts de réparation et de remise en état (ouvrages, équipements) (ex. décisions immédiates, coordination, reprise).;Pertes d’exploitation, coûts de remise en état, hausse primes/franchises.;Assurances adaptées, budgets d’urgence, suivi trésorerie, clauses contractuelles.;Activation fonds d’urgence, suivi coûts, déclaration assureur, mitigation pénalités.;Moyenne;Élevée;Moyenne;instabilité, évacuation, risques tiers
118;Accident;Effondrement d’ouvrage;Affaissement/effondrement localisé;Financier;Hausse des primes, franchises et difficultés d’assurabilité;Hausse des primes, franchises et difficultés d’assurabilité — Dans le contexte « Effondrement d’ouvrage » (Accident). Affaissement/effondrement localisé. Points sensibles : instabilité, évacuation, risques tiers.;Exemple : Effondrement d’ouvrage → hausse des primes, franchises et difficultés d’assurabilité (ex. décisions immédiates, coordination, reprise).;Pertes d’exploitation, coûts de remise en état, hausse primes/franchises.;Assurances adaptées, budgets d’urgence, suivi trésorerie, clauses contractuelles.;Activation fonds d’urgence, suivi coûts, déclaration assureur, mitigation pénalités.;Moyenne;Élevée;Moyenne;instabilité, évacuation, risques tiers
119;Accident;Effondrement d’ouvrage;Affaissement/effondrement localisé;Image / réputation;Médiatisation nationale / locale et perte de confiance;Médiatisation nationale / locale et perte de confiance — Dans le contexte « Effondrement d’ouvrage » (Accident). Affaissement/effondrement localisé. Points sensibles : instabilité, évacuation, risques tiers.;Exemple : Effondrement d’ouvrage → médiatisation nationale / locale et perte de confiance (ex. décisions immédiates, coordination, reprise).;Perte de confiance, pression médiatique, rumeurs.;Veille médias, porte-parole, éléments de langage, charte RS.;Communication factuelle/empathetic, lutte rumeurs, coordination autorités.;Moyenne;Élevée;Moyenne;instabilité, évacuation, risques tiers
120;Accident;Effondrement d’ouvrage;Affaissement/effondrement localisé;Image / réputation;Perception d’impréparation ou de manque de transparence;Perception d’impréparation ou de manque de transparence — Dans le contexte « Effondrement d’ouvrage » (Accident). Affaissement/effondrement localisé. Points sensibles : instabilité, évacuation, risques tiers.;Exemple : Effondrement d’ouvrage → perception d’impréparation ou de manque de transparence (ex. décisions immédiates, coordination, reprise).;Perte de confiance, pression médiatique, rumeurs.;Veille médias, porte-parole, éléments de langage, charte RS.;Communication factuelle/empathetic, lutte rumeurs, coordination autorités.;Moyenne;Élevée;Moyenne;instabilité, évacuation, risques tiers
121;Accident;Effondrement d’ouvrage;Affaissement/effondrement localisé;Géopolitique / institutionnel;Intervention de l’État / autorités (préfecture, inspection, régulateur);Intervention de l’État / autorités (préfecture, inspection, régulateur) — Dans le contexte « Effondrement d’ouvrage » (Accident). Affaissement/effondrement localisé. Points sensibles : instabilité, évacuation, risques tiers.;Exemple : Effondrement d’ouvrage → intervention de l’état / autorités (préfecture, inspection, régulateur) (ex. décisions immédiates, coordination, reprise).;Injonctions, contrôles, arbitrages publics, priorisation ressources.;Veille institutionnelle, carto parties prenantes, protocoles autorités.;Coordination préf/mairie/régulateurs, demandes de moyens publics.;Moyenne;Élevée;Moyenne;instabilité, évacuation, risques tiers
122;Accident;Effondrement d’ouvrage;Affaissement/effondrement localisé;Géopolitique / institutionnel;Priorisation nationale des ressources (énergie, santé, sécurité);Priorisation nationale des ressources (énergie, santé, sécurité) — Dans le contexte « Effondrement d’ouvrage » (Accident). Affaissement/effondrement localisé. Points sensibles : instabilité, évacuation, risques tiers.;Exemple : Effondrement d’ouvrage → priorisation nationale des ressources (énergie, santé, sécurité) (ex. décisions immédiates, coordination, reprise).;Injonctions, contrôles, arbitrages publics, priorisation ressources.;Veille institutionnelle, carto parties prenantes, protocoles autorités.;Coordination préf/mairie/régulateurs, demandes de moyens publics.;Moyenne;Élevée;Moyenne;instabilité, évacuation, risques tiers
123;Accident;Effondrement d’ouvrage;Affaissement/effondrement localisé;Informatique / numérique;Perte du SI local (supervision, communications, annuaire, outils métier);Perte du SI local (supervision, communications, annuaire, outils métier) — Dans le contexte « Effondrement d’ouvrage » (Accident). Affaissement/effondrement localisé. Points sensibles : instabilité, évacuation, risques tiers.;Exemple : Effondrement d’ouvrage → perte du si local (supervision, communications, annuaire, outils métier) (ex. décisions immédiates, coordination, reprise).;Perte outils, rupture communications, fuite info.;Segmentation, sauvegardes, redondance télécom, procédures hors-ligne.;Mode dégradé, restauration, canaux alternatifs, contrôle intégrité.;Moyenne;Élevée;Moyenne;instabilité, évacuation, risques tiers
124;Accident;Effondrement d’ouvrage;Affaissement/effondrement localisé;Informatique / numérique;Cyberattaque opportuniste pendant la crise (phishing, ransom, DDoS);Cyberattaque opportuniste pendant la crise (phishing, ransom, DDoS) — Dans le contexte « Effondrement d’ouvrage » (Accident). Affaissement/effondrement localisé. Points sensibles : instabilité, évacuation, risques tiers.;Exemple : Effondrement d’ouvrage → cyberattaque opportuniste pendant la crise (phishing, ransom, ddos) (ex. décisions immédiates, coordination, reprise).;Perte outils, rupture communications, fuite info.;Segmentation, sauvegardes, redondance télécom, procédures hors-ligne.;Mode dégradé, restauration, canaux alternatifs, contrôle intégrité.;Moyenne;Élevée;Moyenne;instabilité, évacuation, risques tiers
125;Accident;Effondrement d’ouvrage;Affaissement/effondrement localisé;Défaillance / résilience;Effet domino multi-réseaux (énergie + télécom + eau);Effet domino multi-réseaux (énergie + télécom + eau) — Dans le contexte « Effondrement d’ouvrage » (Accident). Affaissement/effondrement localisé. Points sensibles : instabilité, évacuation, risques tiers.;Exemple : Effondrement d’ouvrage → effet domino multi-réseaux (énergie + télécom + eau) (ex. décisions immédiates, coordination, reprise).;Domino multi-systèmes, crise prolongée, défaillance gouvernance.;Tests de résilience, exercices multi-crises, cartographie dépendances.;Limiter le domino, renforcer gouvernance, cellules spécialisées, REX.;Moyenne;Élevée;Moyenne;instabilité, évacuation, risques tiers
126;Accident;Effondrement d’ouvrage;Affaissement/effondrement localisé;Défaillance / résilience;Défaillance d’un acteur clé (prestataire, fournisseur, opérateur);Défaillance d’un acteur clé (prestataire, fournisseur, opérateur) — Dans le contexte « Effondrement d’ouvrage » (Accident). Affaissement/effondrement localisé. Points sensibles : instabilité, évacuation, risques tiers.;Exemple : Effondrement d’ouvrage → défaillance d’un acteur clé (prestataire, fournisseur, opérateur) (ex. décisions immédiates, coordination, reprise).;Domino multi-systèmes, crise prolongée, défaillance gouvernance.;Tests de résilience, exercices multi-crises, cartographie dépendances.;Limiter le domino, renforcer gouvernance, cellules spécialisées, REX.;Moyenne;Élevée;Moyenne;instabilité, évacuation, risques tiers
127;Accident;Accident réseau;Coupure électrique/telecom affectant la sécurité;Opérationnel;Arrêt immédiat des activités et sécurisation du périmètre;Arrêt immédiat des activités et sécurisation du périmètre — Dans le contexte « Accident réseau » (Accident). Coupure électrique/telecom affectant la sécurité. Points sensibles : ventilation, supervision, communications.;Exemple : Accident réseau → arrêt immédiat des activités et sécurisation du périmètre (ex. décisions immédiates, coordination, reprise).;Arrêt/retards, mode dégradé, impacts usagers/clients.;PCA/PRA, procédures mode dégradé, exercices réguliers, annuaire crise.;Arrêt sécurisé, priorisation activités, cellule terrain, points de situation.;Moyenne;Élevée;Moyenne;ventilation, supervision, communications
128;Accident;Accident réseau;Coupure électrique/telecom affectant la sécurité;Opérationnel;Désorganisation de la coordination multi-acteurs (secours, autorités, partenaires);Désorganisation de la coordination multi-acteurs (secours, autorités, partenaires) — Dans le contexte « Accident réseau » (Accident). Coupure électrique/telecom affectant la sécurité. Points sensibles : ventilation, supervision, communications.;Exemple : Accident réseau → désorganisation de la coordination multi-acteurs (secours, autorités, partenaires) (ex. décisions immédiates, coordination, reprise).;Arrêt/retards, mode dégradé, impacts usagers/clients.;PCA/PRA, procédures mode dégradé, exercices réguliers, annuaire crise.;Arrêt sécurisé, priorisation activités, cellule terrain, points de situation.;Moyenne;Élevée;Moyenne;ventilation, supervision, communications
129;Accident;Accident réseau;Coupure électrique/telecom affectant la sécurité;Industriel / technique;Destruction d’ouvrages ou d’équipements critiques;Destruction d’ouvrages ou d’équipements critiques — Dans le contexte « Accident réseau » (Accident). Coupure électrique/telecom affectant la sécurité. Points sensibles : ventilation, supervision, communications.;Exemple : Accident réseau → destruction d’ouvrages ou d’équipements critiques (ex. décisions immédiates, coordination, reprise).;Dommages matériels, risques de sur-accident, indisponibilité d’équipements.;Maintenance préventive, inspections, redondances techniques, permis de travail.;Mise en sécurité, réparations, expertises, reprise sous conditions.;Moyenne;Élevée;Moyenne;ventilation, supervision, communications
130;Accident;Accident réseau;Coupure électrique/telecom affectant la sécurité;Industriel / technique;Déclenchement de sécurités et arrêt automatique des systèmes;Déclenchement de sécurités et arrêt automatique des systèmes — Dans le contexte « Accident réseau » (Accident). Coupure électrique/telecom affectant la sécurité. Points sensibles : ventilation, supervision, communications.;Exemple : Accident réseau → déclenchement de sécurités et arrêt automatique des systèmes (ex. décisions immédiates, coordination, reprise).;Dommages matériels, risques de sur-accident, indisponibilité d’équipements.;Maintenance préventive, inspections, redondances techniques, permis de travail.;Mise en sécurité, réparations, expertises, reprise sous conditions.;Moyenne;Élevée;Moyenne;ventilation, supervision, communications
131;Accident;Accident réseau;Coupure électrique/telecom affectant la sécurité;Ressources humaines;Traumatisme des équipes et stress post-évènement (RPS);Traumatisme des équipes et stress post-évènement (RPS) — Dans le contexte « Accident réseau » (Accident). Coupure électrique/telecom affectant la sécurité. Points sensibles : ventilation, supervision, communications.;Exemple : Accident réseau → traumatisme des équipes et stress post-évènement (rps) (ex. décisions immédiates, coordination, reprise).;Choc, fatigue, absentéisme, tensions sociales.;Prévention RPS, formation managers, rotations astreinte, culture Stop Work.;Soutien psychologique, communication interne, renforts, repos imposé.;Moyenne;Élevée;Moyenne;ventilation, supervision, communications
132;Accident;Accident réseau;Coupure électrique/telecom affectant la sécurité;Ressources humaines;Exposition à des risques physiques (chaleur, fumées, toxiques);Exposition à des risques physiques (chaleur, fumées, toxiques) — Dans le contexte « Accident réseau » (Accident). Coupure électrique/telecom affectant la sécurité. Points sensibles : ventilation, supervision, communications.;Exemple : Accident réseau → exposition à des risques physiques (chaleur, fumées, toxiques) (ex. décisions immédiates, coordination, reprise).;Choc, fatigue, absentéisme, tensions sociales.;Prévention RPS, formation managers, rotations astreinte, culture Stop Work.;Soutien psychologique, communication interne, renforts, repos imposé.;Moyenne;Élevée;Moyenne;ventilation, supervision, communications
133;Accident;Accident réseau;Coupure électrique/telecom affectant la sécurité;Juridique / conformité;Mise en cause pénale (accident grave, mise en danger, pollution);Mise en cause pénale (accident grave, mise en danger, pollution) — Dans le contexte « Accident réseau » (Accident). Coupure électrique/telecom affectant la sécurité. Points sensibles : ventilation, supervision, communications.;Exemple : Accident réseau → mise en cause pénale (accident grave, mise en danger, pollution) (ex. décisions immédiates, coordination, reprise).;Enquêtes, obligations, contentieux, sanctions.;Veille réglementaire, audits, plans de prévention, conservation des preuves.;Déclarations, interface autorités, stratégie contentieuse, documentation.;Moyenne;Critique;Élevée;ventilation, supervision, communications
134;Accident;Accident réseau;Coupure électrique/telecom affectant la sécurité;Juridique / conformité;Contentieux contractuels (pénalités, retards, responsabilités);Contentieux contractuels (pénalités, retards, responsabilités) — Dans le contexte « Accident réseau » (Accident). Coupure électrique/telecom affectant la sécurité. Points sensibles : ventilation, supervision, communications.;Exemple : Accident réseau → contentieux contractuels (pénalités, retards, responsabilités) (ex. décisions immédiates, coordination, reprise).;Enquêtes, obligations, contentieux, sanctions.;Veille réglementaire, audits, plans de prévention, conservation des preuves.;Déclarations, interface autorités, stratégie contentieuse, documentation.;Moyenne;Critique;Élevée;ventilation, supervision, communications
135;Accident;Accident réseau;Coupure électrique/telecom affectant la sécurité;Financier;Coûts de réparation et de remise en état (ouvrages, équipements);Coûts de réparation et de remise en état (ouvrages, équipements) — Dans le contexte « Accident réseau » (Accident). Coupure électrique/telecom affectant la sécurité. Points sensibles : ventilation, supervision, communications.;Exemple : Accident réseau → coûts de réparation et de remise en état (ouvrages, équipements) (ex. décisions immédiates, coordination, reprise).;Pertes d’exploitation, coûts de remise en état, hausse primes/franchises.;Assurances adaptées, budgets d’urgence, suivi trésorerie, clauses contractuelles.;Activation fonds d’urgence, suivi coûts, déclaration assureur, mitigation pénalités.;Moyenne;Élevée;Moyenne;ventilation, supervision, communications
136;Accident;Accident réseau;Coupure électrique/telecom affectant la sécurité;Financier;Hausse des primes, franchises et difficultés d’assurabilité;Hausse des primes, franchises et difficultés d’assurabilité — Dans le contexte « Accident réseau » (Accident). Coupure électrique/telecom affectant la sécurité. Points sensibles : ventilation, supervision, communications.;Exemple : Accident réseau → hausse des primes, franchises et difficultés d’assurabilité (ex. décisions immédiates, coordination, reprise).;Pertes d’exploitation, coûts de remise en état, hausse primes/franchises.;Assurances adaptées, budgets d’urgence, suivi trésorerie, clauses contractuelles.;Activation fonds d’urgence, suivi coûts, déclaration assureur, mitigation pénalités.;Moyenne;Élevée;Moyenne;ventilation, supervision, communications
137;Accident;Accident réseau;Coupure électrique/telecom affectant la sécurité;Image / réputation;Médiatisation nationale / locale et perte de confiance;Médiatisation nationale / locale et perte de confiance — Dans le contexte « Accident réseau » (Accident). Coupure électrique/telecom affectant la sécurité. Points sensibles : ventilation, supervision, communications.;Exemple : Accident réseau → médiatisation nationale / locale et perte de confiance (ex. décisions immédiates, coordination, reprise).;Perte de confiance, pression médiatique, rumeurs.;Veille médias, porte-parole, éléments de langage, charte RS.;Communication factuelle/empathetic, lutte rumeurs, coordination autorités.;Moyenne;Élevée;Moyenne;ventilation, supervision, communications
138;Accident;Accident réseau;Coupure électrique/telecom affectant la sécurité;Image / réputation;Perception d’impréparation ou de manque de transparence;Perception d’impréparation ou de manque de transparence — Dans le contexte « Accident réseau » (Accident). Coupure électrique/telecom affectant la sécurité. Points sensibles : ventilation, supervision, communications.;Exemple : Accident réseau → perception d’impréparation ou de manque de transparence (ex. décisions immédiates, coordination, reprise).;Perte de confiance, pression médiatique, rumeurs.;Veille médias, porte-parole, éléments de langage, charte RS.;Communication factuelle/empathetic, lutte rumeurs, coordination autorités.;Moyenne;Élevée;Moyenne;ventilation, supervision, communications
139;Accident;Accident réseau;Coupure électrique/telecom affectant la sécurité;Géopolitique / institutionnel;Intervention de l’État / autorités (préfecture, inspection, régulateur);Intervention de l’État / autorités (préfecture, inspection, régulateur) — Dans le contexte « Accident réseau » (Accident). Coupure électrique/telecom affectant la sécurité. Points sensibles : ventilation, supervision, communications.;Exemple : Accident réseau → intervention de l’état / autorités (préfecture, inspection, régulateur) (ex. décisions immédiates, coordination, reprise).;Injonctions, contrôles, arbitrages publics, priorisation ressources.;Veille institutionnelle, carto parties prenantes, protocoles autorités.;Coordination préf/mairie/régulateurs, demandes de moyens publics.;Moyenne;Élevée;Moyenne;ventilation, supervision, communications
140;Accident;Accident réseau;Coupure électrique/telecom affectant la sécurité;Géopolitique / institutionnel;Priorisation nationale des ressources (énergie, santé, sécurité);Priorisation nationale des ressources (énergie, santé, sécurité) — Dans le contexte « Accident réseau » (Accident). Coupure électrique/telecom affectant la sécurité. Points sensibles : ventilation, supervision, communications.;Exemple : Accident réseau → priorisation nationale des ressources (énergie, santé, sécurité) (ex. décisions immédiates, coordination, reprise).;Injonctions, contrôles, arbitrages publics, priorisation ressources.;Veille institutionnelle, carto parties prenantes, protocoles autorités.;Coordination préf/mairie/régulateurs, demandes de moyens publics.;Moyenne;Élevée;Moyenne;ventilation, supervision, communications
141;Accident;Accident réseau;Coupure électrique/telecom affectant la sécurité;Informatique / numérique;Perte du SI local (supervision, communications, annuaire, outils métier);Perte du SI local (supervision, communications, annuaire, outils métier) — Dans le contexte « Accident réseau » (Accident). Coupure électrique/telecom affectant la sécurité. Points sensibles : ventilation, supervision, communications.;Exemple : Accident réseau → perte du si local (supervision, communications, annuaire, outils métier) (ex. décisions immédiates, coordination, reprise).;Perte outils, rupture communications, fuite info.;Segmentation, sauvegardes, redondance télécom, procédures hors-ligne.;Mode dégradé, restauration, canaux alternatifs, contrôle intégrité.;Moyenne;Élevée;Moyenne;ventilation, supervision, communications
142;Accident;Accident réseau;Coupure électrique/telecom affectant la sécurité;Informatique / numérique;Cyberattaque opportuniste pendant la crise (phishing, ransom, DDoS);Cyberattaque opportuniste pendant la crise (phishing, ransom, DDoS) — Dans le contexte « Accident réseau » (Accident). Coupure électrique/telecom affectant la sécurité. Points sensibles : ventilation, supervision, communications.;Exemple : Accident réseau → cyberattaque opportuniste pendant la crise (phishing, ransom, ddos) (ex. décisions immédiates, coordination, reprise).;Perte outils, rupture communications, fuite info.;Segmentation, sauvegardes, redondance télécom, procédures hors-ligne.;Mode dégradé, restauration, canaux alternatifs, contrôle intégrité.;Moyenne;Élevée;Moyenne;ventilation, supervision, communications
143;Accident;Accident réseau;Coupure électrique/telecom affectant la sécurité;Défaillance / résilience;Effet domino multi-réseaux (énergie + télécom + eau);Effet domino multi-réseaux (énergie + télécom + eau) — Dans le contexte « Accident réseau » (Accident). Coupure électrique/telecom affectant la sécurité. Points sensibles : ventilation, supervision, communications.;Exemple : Accident réseau → effet domino multi-réseaux (énergie + télécom + eau) (ex. décisions immédiates, coordination, reprise).;Domino multi-systèmes, crise prolongée, défaillance gouvernance.;Tests de résilience, exercices multi-crises, cartographie dépendances.;Limiter le domino, renforcer gouvernance, cellules spécialisées, REX.;Moyenne;Élevée;Moyenne;ventilation, supervision, communications
144;Accident;Accident réseau;Coupure électrique/telecom affectant la sécurité;Défaillance / résilience;Défaillance d’un acteur clé (prestataire, fournisseur, opérateur);Défaillance d’un acteur clé (prestataire, fournisseur, opérateur) — Dans le contexte « Accident réseau » (Accident). Coupure électrique/telecom affectant la sécurité. Points sensibles : ventilation, supervision, communications.;Exemple : Accident réseau → défaillance d’un acteur clé (prestataire, fournisseur, opérateur) (ex. décisions immédiates, coordination, reprise).;Domino multi-systèmes, crise prolongée, défaillance gouvernance.;Tests de résilience, exercices multi-crises, cartographie dépendances.;Limiter le domino, renforcer gouvernance, cellules spécialisées, REX.;Moyenne;Élevée;Moyenne;ventilation, supervision, communications
145;Aléa naturel;Inondation;Crue / ruissellement / remontée de nappe;Opérationnel;Arrêt immédiat des activités et sécurisation du périmètre;Arrêt immédiat des activités et sécurisation du périmètre — Dans le contexte « Inondation » (Aléa naturel). Crue / ruissellement / remontée de nappe. Points sensibles : submersion, dégâts, interruption.;Exemple : Inondation → arrêt immédiat des activités et sécurisation du périmètre (ex. décisions immédiates, coordination, reprise).;Arrêt/retards, mode dégradé, impacts usagers/clients.;PCA/PRA, procédures mode dégradé, exercices réguliers, annuaire crise.;Arrêt sécurisé, priorisation activités, cellule terrain, points de situation.;Élevée;Élevée;Élevée;submersion, dégâts, interruption
146;Aléa naturel;Inondation;Crue / ruissellement / remontée de nappe;Opérationnel;Désorganisation de la coordination multi-acteurs (secours, autorités, partenaires);Désorganisation de la coordination multi-acteurs (secours, autorités, partenaires) — Dans le contexte « Inondation » (Aléa naturel). Crue / ruissellement / remontée de nappe. Points sensibles : submersion, dégâts, interruption.;Exemple : Inondation → désorganisation de la coordination multi-acteurs (secours, autorités, partenaires) (ex. décisions immédiates, coordination, reprise).;Arrêt/retards, mode dégradé, impacts usagers/clients.;PCA/PRA, procédures mode dégradé, exercices réguliers, annuaire crise.;Arrêt sécurisé, priorisation activités, cellule terrain, points de situation.;Élevée;Élevée;Élevée;submersion, dégâts, interruption
147;Aléa naturel;Inondation;Crue / ruissellement / remontée de nappe;Industriel / technique;Destruction d’ouvrages ou d’équipements critiques;Destruction d’ouvrages ou d’équipements critiques — Dans le contexte « Inondation » (Aléa naturel). Crue / ruissellement / remontée de nappe. Points sensibles : submersion, dégâts, interruption.;Exemple : Inondation → destruction d’ouvrages ou d’équipements critiques (ex. décisions immédiates, coordination, reprise).;Dommages matériels, risques de sur-accident, indisponibilité d’équipements.;Maintenance préventive, inspections, redondances techniques, permis de travail.;Mise en sécurité, réparations, expertises, reprise sous conditions.;Élevée;Élevée;Élevée;submersion, dégâts, interruption
148;Aléa naturel;Inondation;Crue / ruissellement / remontée de nappe;Industriel / technique;Déclenchement de sécurités et arrêt automatique des systèmes;Déclenchement de sécurités et arrêt automatique des systèmes — Dans le contexte « Inondation » (Aléa naturel). Crue / ruissellement / remontée de nappe. Points sensibles : submersion, dégâts, interruption.;Exemple : Inondation → déclenchement de sécurités et arrêt automatique des systèmes (ex. décisions immédiates, coordination, reprise).;Dommages matériels, risques de sur-accident, indisponibilité d’équipements.;Maintenance préventive, inspections, redondances techniques, permis de travail.;Mise en sécurité, réparations, expertises, reprise sous conditions.;Élevée;Élevée;Élevée;submersion, dégâts, interruption
149;Aléa naturel;Inondation;Crue / ruissellement / remontée de nappe;Ressources humaines;Traumatisme des équipes et stress post-évènement (RPS);Traumatisme des équipes et stress post-évènement (RPS) — Dans le contexte « Inondation » (Aléa naturel). Crue / ruissellement / remontée de nappe. Points sensibles : submersion, dégâts, interruption.;Exemple : Inondation → traumatisme des équipes et stress post-évènement (rps) (ex. décisions immédiates, coordination, reprise).;Choc, fatigue, absentéisme, tensions sociales.;Prévention RPS, formation managers, rotations astreinte, culture Stop Work.;Soutien psychologique, communication interne, renforts, repos imposé.;Élevée;Élevée;Élevée;submersion, dégâts, interruption
150;Aléa naturel;Inondation;Crue / ruissellement / remontée de nappe;Ressources humaines;Exposition à des risques physiques (chaleur, fumées, toxiques);Exposition à des risques physiques (chaleur, fumées, toxiques) — Dans le contexte « Inondation » (Aléa naturel). Crue / ruissellement / remontée de nappe. Points sensibles : submersion, dégâts, interruption.;Exemple : Inondation → exposition à des risques physiques (chaleur, fumées, toxiques) (ex. décisions immédiates, coordination, reprise).;Choc, fatigue, absentéisme, tensions sociales.;Prévention RPS, formation managers, rotations astreinte, culture Stop Work.;Soutien psychologique, communication interne, renforts, repos imposé.;Élevée;Élevée;Élevée;submersion, dégâts, interruption
151;Aléa naturel;Inondation;Crue / ruissellement / remontée de nappe;Juridique / conformité;Mise en cause pénale (accident grave, mise en danger, pollution);Mise en cause pénale (accident grave, mise en danger, pollution) — Dans le contexte « Inondation » (Aléa naturel). Crue / ruissellement / remontée de nappe. Points sensibles : submersion, dégâts, interruption.;Exemple : Inondation → mise en cause pénale (accident grave, mise en danger, pollution) (ex. décisions immédiates, coordination, reprise).;Enquêtes, obligations, contentieux, sanctions.;Veille réglementaire, audits, plans de prévention, conservation des preuves.;Déclarations, interface autorités, stratégie contentieuse, documentation.;Élevée;Critique;Élevée;submersion, dégâts, interruption
152;Aléa naturel;Inondation;Crue / ruissellement / remontée de nappe;Juridique / conformité;Contentieux contractuels (pénalités, retards, responsabilités);Contentieux contractuels (pénalités, retards, responsabilités) — Dans le contexte « Inondation » (Aléa naturel). Crue / ruissellement / remontée de nappe. Points sensibles : submersion, dégâts, interruption.;Exemple : Inondation → contentieux contractuels (pénalités, retards, responsabilités) (ex. décisions immédiates, coordination, reprise).;Enquêtes, obligations, contentieux, sanctions.;Veille réglementaire, audits, plans de prévention, conservation des preuves.;Déclarations, interface autorités, stratégie contentieuse, documentation.;Élevée;Critique;Élevée;submersion, dégâts, interruption
153;Aléa naturel;Inondation;Crue / ruissellement / remontée de nappe;Financier;Coûts de réparation et de remise en état (ouvrages, équipements);Coûts de réparation et de remise en état (ouvrages, équipements) — Dans le contexte « Inondation » (Aléa naturel). Crue / ruissellement / remontée de nappe. Points sensibles : submersion, dégâts, interruption.;Exemple : Inondation → coûts de réparation et de remise en état (ouvrages, équipements) (ex. décisions immédiates, coordination, reprise).;Pertes d’exploitation, coûts de remise en état, hausse primes/franchises.;Assurances adaptées, budgets d’urgence, suivi trésorerie, clauses contractuelles.;Activation fonds d’urgence, suivi coûts, déclaration assureur, mitigation pénalités.;Élevée;Élevée;Élevée;submersion, dégâts, interruption
154;Aléa naturel;Inondation;Crue / ruissellement / remontée de nappe;Financier;Hausse des primes, franchises et difficultés d’assurabilité;Hausse des primes, franchises et difficultés d’assurabilité — Dans le contexte « Inondation » (Aléa naturel). Crue / ruissellement / remontée de nappe. Points sensibles : submersion, dégâts, interruption.;Exemple : Inondation → hausse des primes, franchises et difficultés d’assurabilité (ex. décisions immédiates, coordination, reprise).;Pertes d’exploitation, coûts de remise en état, hausse primes/franchises.;Assurances adaptées, budgets d’urgence, suivi trésorerie, clauses contractuelles.;Activation fonds d’urgence, suivi coûts, déclaration assureur, mitigation pénalités.;Élevée;Élevée;Élevée;submersion, dégâts, interruption
155;Aléa naturel;Inondation;Crue / ruissellement / remontée de nappe;Image / réputation;Médiatisation nationale / locale et perte de confiance;Médiatisation nationale / locale et perte de confiance — Dans le contexte « Inondation » (Aléa naturel). Crue / ruissellement / remontée de nappe. Points sensibles : submersion, dégâts, interruption.;Exemple : Inondation → médiatisation nationale / locale et perte de confiance (ex. décisions immédiates, coordination, reprise).;Perte de confiance, pression médiatique, rumeurs.;Veille médias, porte-parole, éléments de langage, charte RS.;Communication factuelle/empathetic, lutte rumeurs, coordination autorités.;Élevée;Élevée;Élevée;submersion, dégâts, interruption
156;Aléa naturel;Inondation;Crue / ruissellement / remontée de nappe;Image / réputation;Perception d’impréparation ou de manque de transparence;Perception d’impréparation ou de manque de transparence — Dans le contexte « Inondation » (Aléa naturel). Crue / ruissellement / remontée de nappe. Points sensibles : submersion, dégâts, interruption.;Exemple : Inondation → perception d’impréparation ou de manque de transparence (ex. décisions immédiates, coordination, reprise).;Perte de confiance, pression médiatique, rumeurs.;Veille médias, porte-parole, éléments de langage, charte RS.;Communication factuelle/empathetic, lutte rumeurs, coordination autorités.;Élevée;Élevée;Élevée;submersion, dégâts, interruption
157;Aléa naturel;Inondation;Crue / ruissellement / remontée de nappe;Géopolitique / institutionnel;Intervention de l’État / autorités (préfecture, inspection, régulateur);Intervention de l’État / autorités (préfecture, inspection, régulateur) — Dans le contexte « Inondation » (Aléa naturel). Crue / ruissellement / remontée de nappe. Points sensibles : submersion, dégâts, interruption.;Exemple : Inondation → intervention de l’état / autorités (préfecture, inspection, régulateur) (ex. décisions immédiates, coordination, reprise).;Injonctions, contrôles, arbitrages publics, priorisation ressources.;Veille institutionnelle, carto parties prenantes, protocoles autorités.;Coordination préf/mairie/régulateurs, demandes de moyens publics.;Élevée;Élevée;Élevée;submersion, dégâts, interruption
158;Aléa naturel;Inondation;Crue / ruissellement / remontée de nappe;Géopolitique / institutionnel;Priorisation nationale des ressources (énergie, santé, sécurité);Priorisation nationale des ressources (énergie, santé, sécurité) — Dans le contexte « Inondation » (Aléa naturel). Crue / ruissellement / remontée de nappe. Points sensibles : submersion, dégâts, interruption.;Exemple : Inondation → priorisation nationale des ressources (énergie, santé, sécurité) (ex. décisions immédiates, coordination, reprise).;Injonctions, contrôles, arbitrages publics, priorisation ressources.;Veille institutionnelle, carto parties prenantes, protocoles autorités.;Coordination préf/mairie/régulateurs, demandes de moyens publics.;Élevée;Élevée;Élevée;submersion, dégâts, interruption
159;Aléa naturel;Inondation;Crue / ruissellement / remontée de nappe;Informatique / numérique;Perte du SI local (supervision, communications, annuaire, outils métier);Perte du SI local (supervision, communications, annuaire, outils métier) — Dans le contexte « Inondation » (Aléa naturel). Crue / ruissellement / remontée de nappe. Points sensibles : submersion, dégâts, interruption.;Exemple : Inondation → perte du si local (supervision, communications, annuaire, outils métier) (ex. décisions immédiates, coordination, reprise).;Perte outils, rupture communications, fuite info.;Segmentation, sauvegardes, redondance télécom, procédures hors-ligne.;Mode dégradé, restauration, canaux alternatifs, contrôle intégrité.;Élevée;Élevée;Élevée;submersion, dégâts, interruption
160;Aléa naturel;Inondation;Crue / ruissellement / remontée de nappe;Informatique / numérique;Cyberattaque opportuniste pendant la crise (phishing, ransom, DDoS);Cyberattaque opportuniste pendant la crise (phishing, ransom, DDoS) — Dans le contexte « Inondation » (Aléa naturel). Crue / ruissellement / remontée de nappe. Points sensibles : submersion, dégâts, interruption.;Exemple : Inondation → cyberattaque opportuniste pendant la crise (phishing, ransom, ddos) (ex. décisions immédiates, coordination, reprise).;Perte outils, rupture communications, fuite info.;Segmentation, sauvegardes, redondance télécom, procédures hors-ligne.;Mode dégradé, restauration, canaux alternatifs, contrôle intégrité.;Élevée;Élevée;Élevée;submersion, dégâts, interruption
161;Aléa naturel;Inondation;Crue / ruissellement / remontée de nappe;Défaillance / résilience;Effet domino multi-réseaux (énergie + télécom + eau);Effet domino multi-réseaux (énergie + télécom + eau) — Dans le contexte « Inondation » (Aléa naturel). Crue / ruissellement / remontée de nappe. Points sensibles : submersion, dégâts, interruption.;Exemple : Inondation → effet domino multi-réseaux (énergie + télécom + eau) (ex. décisions immédiates, coordination, reprise).;Domino multi-systèmes, crise prolongée, défaillance gouvernance.;Tests de résilience, exercices multi-crises, cartographie dépendances.;Limiter le domino, renforcer gouvernance, cellules spécialisées, REX.;Élevée;Élevée;Élevée;submersion, dégâts, interruption
162;Aléa naturel;Inondation;Crue / ruissellement / remontée de nappe;Défaillance / résilience;Défaillance d’un acteur clé (prestataire, fournisseur, opérateur);Défaillance d’un acteur clé (prestataire, fournisseur, opérateur) — Dans le contexte « Inondation » (Aléa naturel). Crue / ruissellement / remontée de nappe. Points sensibles : submersion, dégâts, interruption.;Exemple : Inondation → défaillance d’un acteur clé (prestataire, fournisseur, opérateur) (ex. décisions immédiates, coordination, reprise).;Domino multi-systèmes, crise prolongée, défaillance gouvernance.;Tests de résilience, exercices multi-crises, cartographie dépendances.;Limiter le domino, renforcer gouvernance, cellules spécialisées, REX.;Élevée;Élevée;Élevée;submersion, dégâts, interruption
163;Aléa naturel;Tempête;Vent violent, chute d’arbres, dégâts;Opérationnel;Arrêt immédiat des activités et sécurisation du périmètre;Arrêt immédiat des activités et sécurisation du périmètre — Dans le contexte « Tempête » (Aléa naturel). Vent violent, chute d’arbres, dégâts. Points sensibles : accès perturbés, dommages.;Exemple : Tempête → arrêt immédiat des activités et sécurisation du périmètre (ex. décisions immédiates, coordination, reprise).;Arrêt/retards, mode dégradé, impacts usagers/clients.;PCA/PRA, procédures mode dégradé, exercices réguliers, annuaire crise.;Arrêt sécurisé, priorisation activités, cellule terrain, points de situation.;Moyenne;Élevée;Moyenne;accès perturbés, dommages
164;Aléa naturel;Tempête;Vent violent, chute d’arbres, dégâts;Opérationnel;Désorganisation de la coordination multi-acteurs (secours, autorités, partenaires);Désorganisation de la coordination multi-acteurs (secours, autorités, partenaires) — Dans le contexte « Tempête » (Aléa naturel). Vent violent, chute d’arbres, dégâts. Points sensibles : accès perturbés, dommages.;Exemple : Tempête → désorganisation de la coordination multi-acteurs (secours, autorités, partenaires) (ex. décisions immédiates, coordination, reprise).;Arrêt/retards, mode dégradé, impacts usagers/clients.;PCA/PRA, procédures mode dégradé, exercices réguliers, annuaire crise.;Arrêt sécurisé, priorisation activités, cellule terrain, points de situation.;Moyenne;Élevée;Moyenne;accès perturbés, dommages
165;Aléa naturel;Tempête;Vent violent, chute d’arbres, dégâts;Industriel / technique;Destruction d’ouvrages ou d’équipements critiques;Destruction d’ouvrages ou d’équipements critiques — Dans le contexte « Tempête » (Aléa naturel). Vent violent, chute d’arbres, dégâts. Points sensibles : accès perturbés, dommages.;Exemple : Tempête → destruction d’ouvrages ou d’équipements critiques (ex. décisions immédiates, coordination, reprise).;Dommages matériels, risques de sur-accident, indisponibilité d’équipements.;Maintenance préventive, inspections, redondances techniques, permis de travail.;Mise en sécurité, réparations, expertises, reprise sous conditions.;Moyenne;Élevée;Moyenne;accès perturbés, dommages
166;Aléa naturel;Tempête;Vent violent, chute d’arbres, dégâts;Industriel / technique;Déclenchement de sécurités et arrêt automatique des systèmes;Déclenchement de sécurités et arrêt automatique des systèmes — Dans le contexte « Tempête » (Aléa naturel). Vent violent, chute d’arbres, dégâts. Points sensibles : accès perturbés, dommages.;Exemple : Tempête → déclenchement de sécurités et arrêt automatique des systèmes (ex. décisions immédiates, coordination, reprise).;Dommages matériels, risques de sur-accident, indisponibilité d’équipements.;Maintenance préventive, inspections, redondances techniques, permis de travail.;Mise en sécurité, réparations, expertises, reprise sous conditions.;Moyenne;Élevée;Moyenne;accès perturbés, dommages
167;Aléa naturel;Tempête;Vent violent, chute d’arbres, dégâts;Ressources humaines;Traumatisme des équipes et stress post-évènement (RPS);Traumatisme des équipes et stress post-évènement (RPS) — Dans le contexte « Tempête » (Aléa naturel). Vent violent, chute d’arbres, dégâts. Points sensibles : accès perturbés, dommages.;Exemple : Tempête → traumatisme des équipes et stress post-évènement (rps) (ex. décisions immédiates, coordination, reprise).;Choc, fatigue, absentéisme, tensions sociales.;Prévention RPS, formation managers, rotations astreinte, culture Stop Work.;Soutien psychologique, communication interne, renforts, repos imposé.;Moyenne;Élevée;Moyenne;accès perturbés, dommages
168;Aléa naturel;Tempête;Vent violent, chute d’arbres, dégâts;Ressources humaines;Exposition à des risques physiques (chaleur, fumées, toxiques);Exposition à des risques physiques (chaleur, fumées, toxiques) — Dans le contexte « Tempête » (Aléa naturel). Vent violent, chute d’arbres, dégâts. Points sensibles : accès perturbés, dommages.;Exemple : Tempête → exposition à des risques physiques (chaleur, fumées, toxiques) (ex. décisions immédiates, coordination, reprise).;Choc, fatigue, absentéisme, tensions sociales.;Prévention RPS, formation managers, rotations astreinte, culture Stop Work.;Soutien psychologique, communication interne, renforts, repos imposé.;Moyenne;Élevée;Moyenne;accès perturbés, dommages
169;Aléa naturel;Tempête;Vent violent, chute d’arbres, dégâts;Juridique / conformité;Mise en cause pénale (accident grave, mise en danger, pollution);Mise en cause pénale (accident grave, mise en danger, pollution) — Dans le contexte « Tempête » (Aléa naturel). Vent violent, chute d’arbres, dégâts. Points sensibles : accès perturbés, dommages.;Exemple : Tempête → mise en cause pénale (accident grave, mise en danger, pollution) (ex. décisions immédiates, coordination, reprise).;Enquêtes, obligations, contentieux, sanctions.;Veille réglementaire, audits, plans de prévention, conservation des preuves.;Déclarations, interface autorités, stratégie contentieuse, documentation.;Moyenne;Critique;Élevée;accès perturbés, dommages
170;Aléa naturel;Tempête;Vent violent, chute d’arbres, dégâts;Juridique / conformité;Contentieux contractuels (pénalités, retards, responsabilités);Contentieux contractuels (pénalités, retards, responsabilités) — Dans le contexte « Tempête » (Aléa naturel). Vent violent, chute d’arbres, dégâts. Points sensibles : accès perturbés, dommages.;Exemple : Tempête → contentieux contractuels (pénalités, retards, responsabilités) (ex. décisions immédiates, coordination, reprise).;Enquêtes, obligations, contentieux, sanctions.;Veille réglementaire, audits, plans de prévention, conservation des preuves.;Déclarations, interface autorités, stratégie contentieuse, documentation.;Moyenne;Critique;Élevée;accès perturbés, dommages
171;Aléa naturel;Tempête;Vent violent, chute d’arbres, dégâts;Financier;Coûts de réparation et de remise en état (ouvrages, équipements);Coûts de réparation et de remise en état (ouvrages, équipements) — Dans le contexte « Tempête » (Aléa naturel). Vent violent, chute d’arbres, dégâts. Points sensibles : accès perturbés, dommages.;Exemple : Tempête → coûts de réparation et de remise en état (ouvrages, équipements) (ex. décisions immédiates, coordination, reprise).;Pertes d’exploitation, coûts de remise en état, hausse primes/franchises.;Assurances adaptées, budgets d’urgence, suivi trésorerie, clauses contractuelles.;Activation fonds d’urgence, suivi coûts, déclaration assureur, mitigation pénalités.;Moyenne;Élevée;Moyenne;accès perturbés, dommages
172;Aléa naturel;Tempête;Vent violent, chute d’arbres, dégâts;Financier;Hausse des primes, franchises et difficultés d’assurabilité;Hausse des primes, franchises et difficultés d’assurabilité — Dans le contexte « Tempête » (Aléa naturel). Vent violent, chute d’arbres, dégâts. Points sensibles : accès perturbés, dommages.;Exemple : Tempête → hausse des primes, franchises et difficultés d’assurabilité (ex. décisions immédiates, coordination, reprise).;Pertes d’exploitation, coûts de remise en état, hausse primes/franchises.;Assurances adaptées, budgets d’urgence, suivi trésorerie, clauses contractuelles.;Activation fonds d’urgence, suivi coûts, déclaration assureur, mitigation pénalités.;Moyenne;Élevée;Moyenne;accès perturbés, dommages
173;Aléa naturel;Tempête;Vent violent, chute d’arbres, dégâts;Image / réputation;Médiatisation nationale / locale et perte de confiance;Médiatisation nationale / locale et perte de confiance — Dans le contexte « Tempête » (Aléa naturel). Vent violent, chute d’arbres, dégâts. Points sensibles : accès perturbés, dommages.;Exemple : Tempête → médiatisation nationale / locale et perte de confiance (ex. décisions immédiates, coordination, reprise).;Perte de confiance, pression médiatique, rumeurs.;Veille médias, porte-parole, éléments de langage, charte RS.;Communication factuelle/empathetic, lutte rumeurs, coordination autorités.;Moyenne;Élevée;Moyenne;accès perturbés, dommages
174;Aléa naturel;Tempête;Vent violent, chute d’arbres, dégâts;Image / réputation;Perception d’impréparation ou de manque de transparence;Perception d’impréparation ou de manque de transparence — Dans le contexte « Tempête » (Aléa naturel). Vent violent, chute d’arbres, dégâts. Points sensibles : accès perturbés, dommages.;Exemple : Tempête → perception d’impréparation ou de manque de transparence (ex. décisions immédiates, coordination, reprise).;Perte de confiance, pression médiatique, rumeurs.;Veille médias, porte-parole, éléments de langage, charte RS.;Communication factuelle/empathetic, lutte rumeurs, coordination autorités.;Moyenne;Élevée;Moyenne;accès perturbés, dommages
175;Aléa naturel;Tempête;Vent violent, chute d’arbres, dégâts;Géopolitique / institutionnel;Intervention de l’État / autorités (préfecture, inspection, régulateur);Intervention de l’État / autorités (préfecture, inspection, régulateur) — Dans le contexte « Tempête » (Aléa naturel). Vent violent, chute d’arbres, dégâts. Points sensibles : accès perturbés, dommages.;Exemple : Tempête → intervention de l’état / autorités (préfecture, inspection, régulateur) (ex. décisions immédiates, coordination, reprise).;Injonctions, contrôles, arbitrages publics, priorisation ressources.;Veille institutionnelle, carto parties prenantes, protocoles autorités.;Coordination préf/mairie/régulateurs, demandes de moyens publics.;Moyenne;Élevée;Moyenne;accès perturbés, dommages
176;Aléa naturel;Tempête;Vent violent, chute d’arbres, dégâts;Géopolitique / institutionnel;Priorisation nationale des ressources (énergie, santé, sécurité);Priorisation nationale des ressources (énergie, santé, sécurité) — Dans le contexte « Tempête » (Aléa naturel). Vent violent, chute d’arbres, dégâts. Points sensibles : accès perturbés, dommages.;Exemple : Tempête → priorisation nationale des ressources (énergie, santé, sécurité) (ex. décisions immédiates, coordination, reprise).;Injonctions, contrôles, arbitrages publics, priorisation ressources.;Veille institutionnelle, carto parties prenantes, protocoles autorités.;Coordination préf/mairie/régulateurs, demandes de moyens publics.;Moyenne;Élevée;Moyenne;accès perturbés, dommages
177;Aléa naturel;Tempête;Vent violent, chute d’arbres, dégâts;Informatique / numérique;Perte du SI local (supervision, communications, annuaire, outils métier);Perte du SI local (supervision, communications, annuaire, outils métier) — Dans le contexte « Tempête » (Aléa naturel). Vent violent, chute d’arbres, dégâts. Points sensibles : accès perturbés, dommages.;Exemple : Tempête → perte du si local (supervision, communications, annuaire, outils métier) (ex. décisions immédiates, coordination, reprise).;Perte outils, rupture communications, fuite info.;Segmentation, sauvegardes, redondance télécom, procédures hors-ligne.;Mode dégradé, restauration, canaux alternatifs, contrôle intégrité.;Moyenne;Élevée;Moyenne;accès perturbés, dommages
178;Aléa naturel;Tempête;Vent violent, chute d’arbres, dégâts;Informatique / numérique;Cyberattaque opportuniste pendant la crise (phishing, ransom, DDoS);Cyberattaque opportuniste pendant la crise (phishing, ransom, DDoS) — Dans le contexte « Tempête » (Aléa naturel). Vent violent, chute d’arbres, dégâts. Points sensibles : accès perturbés, dommages.;Exemple : Tempête → cyberattaque opportuniste pendant la crise (phishing, ransom, ddos) (ex. décisions immédiates, coordination, reprise).;Perte outils, rupture communications, fuite info.;Segmentation, sauvegardes, redondance télécom, procédures hors-ligne.;Mode dégradé, restauration, canaux alternatifs, contrôle intégrité.;Moyenne;Élevée;Moyenne;accès perturbés, dommages
179;Aléa naturel;Tempête;Vent violent, chute d’arbres, dégâts;Défaillance / résilience;Effet domino multi-réseaux (énergie + télécom + eau);Effet domino multi-réseaux (énergie + télécom + eau) — Dans le contexte « Tempête » (Aléa naturel). Vent violent, chute d’arbres, dégâts. Points sensibles : accès perturbés, dommages.;Exemple : Tempête → effet domino multi-réseaux (énergie + télécom + eau) (ex. décisions immédiates, coordination, reprise).;Domino multi-systèmes, crise prolongée, défaillance gouvernance.;Tests de résilience, exercices multi-crises, cartographie dépendances.;Limiter le domino, renforcer gouvernance, cellules spécialisées, REX.;Moyenne;Élevée;Moyenne;accès perturbés, dommages
180;Aléa naturel;Tempête;Vent violent, chute d’arbres, dégâts;Défaillance / résilience;Défaillance d’un acteur clé (prestataire, fournisseur, opérateur);Défaillance d’un acteur clé (prestataire, fournisseur, opérateur) — Dans le contexte « Tempête » (Aléa naturel). Vent violent, chute d’arbres, dégâts. Points sensibles : accès perturbés, dommages.;Exemple : Tempête → défaillance d’un acteur clé (prestataire, fournisseur, opérateur) (ex. décisions immédiates, coordination, reprise).;Domino multi-systèmes, crise prolongée, défaillance gouvernance.;Tests de résilience, exercices multi-crises, cartographie dépendances.;Limiter le domino, renforcer gouvernance, cellules spécialisées, REX.;Moyenne;Élevée;Moyenne;accès perturbés, dommages
181;Aléa naturel;Grêle;Grêle intense endommageant toitures/ouvrages;Opérationnel;Arrêt immédiat des activités et sécurisation du périmètre;Arrêt immédiat des activités et sécurisation du périmètre — Dans le contexte « Grêle » (Aléa naturel). Grêle intense endommageant toitures/ouvrages. Points sensibles : sinistres, infiltration.;Exemple : Grêle → arrêt immédiat des activités et sécurisation du périmètre (ex. décisions immédiates, coordination, reprise).;Arrêt/retards, mode dégradé, impacts usagers/clients.;PCA/PRA, procédures mode dégradé, exercices réguliers, annuaire crise.;Arrêt sécurisé, priorisation activités, cellule terrain, points de situation.;Moyenne;Élevée;Moyenne;sinistres, infiltration
182;Aléa naturel;Grêle;Grêle intense endommageant toitures/ouvrages;Opérationnel;Désorganisation de la coordination multi-acteurs (secours, autorités, partenaires);Désorganisation de la coordination multi-acteurs (secours, autorités, partenaires) — Dans le contexte « Grêle » (Aléa naturel). Grêle intense endommageant toitures/ouvrages. Points sensibles : sinistres, infiltration.;Exemple : Grêle → désorganisation de la coordination multi-acteurs (secours, autorités, partenaires) (ex. décisions immédiates, coordination, reprise).;Arrêt/retards, mode dégradé, impacts usagers/clients.;PCA/PRA, procédures mode dégradé, exercices réguliers, annuaire crise.;Arrêt sécurisé, priorisation activités, cellule terrain, points de situation.;Moyenne;Élevée;Moyenne;sinistres, infiltration
183;Aléa naturel;Grêle;Grêle intense endommageant toitures/ouvrages;Industriel / technique;Destruction d’ouvrages ou d’équipements critiques;Destruction d’ouvrages ou d’équipements critiques — Dans le contexte « Grêle » (Aléa naturel). Grêle intense endommageant toitures/ouvrages. Points sensibles : sinistres, infiltration.;Exemple : Grêle → destruction d’ouvrages ou d’équipements critiques (ex. décisions immédiates, coordination, reprise).;Dommages matériels, risques de sur-accident, indisponibilité d’équipements.;Maintenance préventive, inspections, redondances techniques, permis de travail.;Mise en sécurité, réparations, expertises, reprise sous conditions.;Moyenne;Élevée;Moyenne;sinistres, infiltration
184;Aléa naturel;Grêle;Grêle intense endommageant toitures/ouvrages;Industriel / technique;Déclenchement de sécurités et arrêt automatique des systèmes;Déclenchement de sécurités et arrêt automatique des systèmes — Dans le contexte « Grêle » (Aléa naturel). Grêle intense endommageant toitures/ouvrages. Points sensibles : sinistres, infiltration.;Exemple : Grêle → déclenchement de sécurités et arrêt automatique des systèmes (ex. décisions immédiates, coordination, reprise).;Dommages matériels, risques de sur-accident, indisponibilité d’équipements.;Maintenance préventive, inspections, redondances techniques, permis de travail.;Mise en sécurité, réparations, expertises, reprise sous conditions.;Moyenne;Élevée;Moyenne;sinistres, infiltration
185;Aléa naturel;Grêle;Grêle intense endommageant toitures/ouvrages;Ressources humaines;Traumatisme des équipes et stress post-évènement (RPS);Traumatisme des équipes et stress post-évènement (RPS) — Dans le contexte « Grêle » (Aléa naturel). Grêle intense endommageant toitures/ouvrages. Points sensibles : sinistres, infiltration.;Exemple : Grêle → traumatisme des équipes et stress post-évènement (rps) (ex. décisions immédiates, coordination, reprise).;Choc, fatigue, absentéisme, tensions sociales.;Prévention RPS, formation managers, rotations astreinte, culture Stop Work.;Soutien psychologique, communication interne, renforts, repos imposé.;Moyenne;Élevée;Moyenne;sinistres, infiltration
186;Aléa naturel;Grêle;Grêle intense endommageant toitures/ouvrages;Ressources humaines;Exposition à des risques physiques (chaleur, fumées, toxiques);Exposition à des risques physiques (chaleur, fumées, toxiques) — Dans le contexte « Grêle » (Aléa naturel). Grêle intense endommageant toitures/ouvrages. Points sensibles : sinistres, infiltration.;Exemple : Grêle → exposition à des risques physiques (chaleur, fumées, toxiques) (ex. décisions immédiates, coordination, reprise).;Choc, fatigue, absentéisme, tensions sociales.;Prévention RPS, formation managers, rotations astreinte, culture Stop Work.;Soutien psychologique, communication interne, renforts, repos imposé.;Moyenne;Élevée;Moyenne;sinistres, infiltration
187;Aléa naturel;Grêle;Grêle intense endommageant toitures/ouvrages;Juridique / conformité;Mise en cause pénale (accident grave, mise en danger, pollution);Mise en cause pénale (accident grave, mise en danger, pollution) — Dans le contexte « Grêle » (Aléa naturel). Grêle intense endommageant toitures/ouvrages. Points sensibles : sinistres, infiltration.;Exemple : Grêle → mise en cause pénale (accident grave, mise en danger, pollution) (ex. décisions immédiates, coordination, reprise).;Enquêtes, obligations, contentieux, sanctions.;Veille réglementaire, audits, plans de prévention, conservation des preuves.;Déclarations, interface autorités, stratégie contentieuse, documentation.;Moyenne;Critique;Élevée;sinistres, infiltration
188;Aléa naturel;Grêle;Grêle intense endommageant toitures/ouvrages;Juridique / conformité;Contentieux contractuels (pénalités, retards, responsabilités);Contentieux contractuels (pénalités, retards, responsabilités) — Dans le contexte « Grêle » (Aléa naturel). Grêle intense endommageant toitures/ouvrages. Points sensibles : sinistres, infiltration.;Exemple : Grêle → contentieux contractuels (pénalités, retards, responsabilités) (ex. décisions immédiates, coordination, reprise).;Enquêtes, obligations, contentieux, sanctions.;Veille réglementaire, audits, plans de prévention, conservation des preuves.;Déclarations, interface autorités, stratégie contentieuse, documentation.;Moyenne;Critique;Élevée;sinistres, infiltration
189;Aléa naturel;Grêle;Grêle intense endommageant toitures/ouvrages;Financier;Coûts de réparation et de remise en état (ouvrages, équipements);Coûts de réparation et de remise en état (ouvrages, équipements) — Dans le contexte « Grêle » (Aléa naturel). Grêle intense endommageant toitures/ouvrages. Points sensibles : sinistres, infiltration.;Exemple : Grêle → coûts de réparation et de remise en état (ouvrages, équipements) (ex. décisions immédiates, coordination, reprise).;Pertes d’exploitation, coûts de remise en état, hausse primes/franchises.;Assurances adaptées, budgets d’urgence, suivi trésorerie, clauses contractuelles.;Activation fonds d’urgence, suivi coûts, déclaration assureur, mitigation pénalités.;Moyenne;Élevée;Moyenne;sinistres, infiltration
190;Aléa naturel;Grêle;Grêle intense endommageant toitures/ouvrages;Financier;Hausse des primes, franchises et difficultés d’assurabilité;Hausse des primes, franchises et difficultés d’assurabilité — Dans le contexte « Grêle » (Aléa naturel). Grêle intense endommageant toitures/ouvrages. Points sensibles : sinistres, infiltration.;Exemple : Grêle → hausse des primes, franchises et difficultés d’assurabilité (ex. décisions immédiates, coordination, reprise).;Pertes d’exploitation, coûts de remise en état, hausse primes/franchises.;Assurances adaptées, budgets d’urgence, suivi trésorerie, clauses contractuelles.;Activation fonds d’urgence, suivi coûts, déclaration assureur, mitigation pénalités.;Moyenne;Élevée;Moyenne;sinistres, infiltration
191;Aléa naturel;Grêle;Grêle intense endommageant toitures/ouvrages;Image / réputation;Médiatisation nationale / locale et perte de confiance;Médiatisation nationale / locale et perte de confiance — Dans le contexte « Grêle » (Aléa naturel). Grêle intense endommageant toitures/ouvrages. Points sensibles : sinistres, infiltration.;Exemple : Grêle → médiatisation nationale / locale et perte de confiance (ex. décisions immédiates, coordination, reprise).;Perte de confiance, pression médiatique, rumeurs.;Veille médias, porte-parole, éléments de langage, charte RS.;Communication factuelle/empathetic, lutte rumeurs, coordination autorités.;Moyenne;Élevée;Moyenne;sinistres, infiltration
192;Aléa naturel;Grêle;Grêle intense endommageant toitures/ouvrages;Image / réputation;Perception d’impréparation ou de manque de transparence;Perception d’impréparation ou de manque de transparence — Dans le contexte « Grêle » (Aléa naturel). Grêle intense endommageant toitures/ouvrages. Points sensibles : sinistres, infiltration.;Exemple : Grêle → perception d’impréparation ou de manque de transparence (ex. décisions immédiates, coordination, reprise).;Perte de confiance, pression médiatique, rumeurs.;Veille médias, porte-parole, éléments de langage, charte RS.;Communication factuelle/empathetic, lutte rumeurs, coordination autorités.;Moyenne;Élevée;Moyenne;sinistres, infiltration
193;Aléa naturel;Grêle;Grêle intense endommageant toitures/ouvrages;Géopolitique / institutionnel;Intervention de l’État / autorités (préfecture, inspection, régulateur);Intervention de l’État / autorités (préfecture, inspection, régulateur) — Dans le contexte « Grêle » (Aléa naturel). Grêle intense endommageant toitures/ouvrages. Points sensibles : sinistres, infiltration.;Exemple : Grêle → intervention de l’état / autorités (préfecture, inspection, régulateur) (ex. décisions immédiates, coordination, reprise).;Injonctions, contrôles, arbitrages publics, priorisation ressources.;Veille institutionnelle, carto parties prenantes, protocoles autorités.;Coordination préf/mairie/régulateurs, demandes de moyens publics.;Moyenne;Élevée;Moyenne;sinistres, infiltration
194;Aléa naturel;Grêle;Grêle intense endommageant toitures/ouvrages;Géopolitique / institutionnel;Priorisation nationale des ressources (énergie, santé, sécurité);Priorisation nationale des ressources (énergie, santé, sécurité) — Dans le contexte « Grêle » (Aléa naturel). Grêle intense endommageant toitures/ouvrages. Points sensibles : sinistres, infiltration.;Exemple : Grêle → priorisation nationale des ressources (énergie, santé, sécurité) (ex. décisions immédiates, coordination, reprise).;Injonctions, contrôles, arbitrages publics, priorisation ressources.;Veille institutionnelle, carto parties prenantes, protocoles autorités.;Coordination préf/mairie/régulateurs, demandes de moyens publics.;Moyenne;Élevée;Moyenne;sinistres, infiltration
195;Aléa naturel;Grêle;Grêle intense endommageant toitures/ouvrages;Informatique / numérique;Perte du SI local (supervision, communications, annuaire, outils métier);Perte du SI local (supervision, communications, annuaire, outils métier) — Dans le contexte « Grêle » (Aléa naturel). Grêle intense endommageant toitures/ouvrages. Points sensibles : sinistres, infiltration.;Exemple : Grêle → perte du si local (supervision, communications, annuaire, outils métier) (ex. décisions immédiates, coordination, reprise).;Perte outils, rupture communications, fuite info.;Segmentation, sauvegardes, redondance télécom, procédures hors-ligne.;Mode dégradé, restauration, canaux alternatifs, contrôle intégrité.;Moyenne;Élevée;Moyenne;sinistres, infiltration
196;Aléa naturel;Grêle;Grêle intense endommageant toitures/ouvrages;Informatique / numérique;Cyberattaque opportuniste pendant la crise (phishing, ransom, DDoS);Cyberattaque opportuniste pendant la crise (phishing, ransom, DDoS) — Dans le contexte « Grêle » (Aléa naturel). Grêle intense endommageant toitures/ouvrages. Points sensibles : sinistres, infiltration.;Exemple : Grêle → cyberattaque opportuniste pendant la crise (phishing, ransom, ddos) (ex. décisions immédiates, coordination, reprise).;Perte outils, rupture communications, fuite info.;Segmentation, sauvegardes, redondance télécom, procédures hors-ligne.;Mode dégradé, restauration, canaux alternatifs, contrôle intégrité.;Moyenne;Élevée;Moyenne;sinistres, infiltration
197;Aléa naturel;Grêle;Grêle intense endommageant toitures/ouvrages;Défaillance / résilience;Effet domino multi-réseaux (énergie + télécom + eau);Effet domino multi-réseaux (énergie + télécom + eau) — Dans le contexte « Grêle » (Aléa naturel). Grêle intense endommageant toitures/ouvrages. Points sensibles : sinistres, infiltration.;Exemple : Grêle → effet domino multi-réseaux (énergie + télécom + eau) (ex. décisions immédiates, coordination, reprise).;Domino multi-systèmes, crise prolongée, défaillance gouvernance.;Tests de résilience, exercices multi-crises, cartographie dépendances.;Limiter le domino, renforcer gouvernance, cellules spécialisées, REX.;Moyenne;Élevée;Moyenne;sinistres, infiltration
198;Aléa naturel;Grêle;Grêle intense endommageant toitures/ouvrages;Défaillance / résilience;Défaillance d’un acteur clé (prestataire, fournisseur, opérateur);Défaillance d’un acteur clé (prestataire, fournisseur, opérateur) — Dans le contexte « Grêle » (Aléa naturel). Grêle intense endommageant toitures/ouvrages. Points sensibles : sinistres, infiltration.;Exemple : Grêle → défaillance d’un acteur clé (prestataire, fournisseur, opérateur) (ex. décisions immédiates, coordination, reprise).;Domino multi-systèmes, crise prolongée, défaillance gouvernance.;Tests de résilience, exercices multi-crises, cartographie dépendances.;Limiter le domino, renforcer gouvernance, cellules spécialisées, REX.;Moyenne;Élevée;Moyenne;sinistres, infiltration
199;Aléa naturel;Canicule;Chaleur extrême prolongée;Opérationnel;Arrêt immédiat des activités et sécurisation du périmètre;Arrêt immédiat des activités et sécurisation du périmètre — Dans le contexte « Canicule » (Aléa naturel). Chaleur extrême prolongée. Points sensibles : santé, productivité, pannes.;Exemple : Canicule → arrêt immédiat des activités et sécurisation du périmètre (ex. décisions immédiates, coordination, reprise).;Arrêt/retards, mode dégradé, impacts usagers/clients.;PCA/PRA, procédures mode dégradé, exercices réguliers, annuaire crise.;Arrêt sécurisé, priorisation activités, cellule terrain, points de situation.;Élevée;Élevée;Élevée;santé, productivité, pannes
200;Aléa naturel;Canicule;Chaleur extrême prolongée;Opérationnel;Désorganisation de la coordination multi-acteurs (secours, autorités, partenaires);Désorganisation de la coordination multi-acteurs (secours, autorités, partenaires) — Dans le contexte « Canicule » (Aléa naturel). Chaleur extrême prolongée. Points sensibles : santé, productivité, pannes.;Exemple : Canicule → désorganisation de la coordination multi-acteurs (secours, autorités, partenaires) (ex. décisions immédiates, coordination, reprise).;Arrêt/retards, mode dégradé, impacts usagers/clients.;PCA/PRA, procédures mode dégradé, exercices réguliers, annuaire crise.;Arrêt sécurisé, priorisation activités, cellule terrain, points de situation.;Élevée;Élevée;Élevée;santé, productivité, pannes
201;Aléa naturel;Canicule;Chaleur extrême prolongée;Industriel / technique;Destruction d’ouvrages ou d’équipements critiques;Destruction d’ouvrages ou d’équipements critiques — Dans le contexte « Canicule » (Aléa naturel). Chaleur extrême prolongée. Points sensibles : santé, productivité, pannes.;Exemple : Canicule → destruction d’ouvrages ou d’équipements critiques (ex. décisions immédiates, coordination, reprise).;Dommages matériels, risques de sur-accident, indisponibilité d’équipements.;Maintenance préventive, inspections, redondances techniques, permis de travail.;Mise en sécurité, réparations, expertises, reprise sous conditions.;Élevée;Élevée;Élevée;santé, productivité, pannes
202;Aléa naturel;Canicule;Chaleur extrême prolongée;Industriel / technique;Déclenchement de sécurités et arrêt automatique des systèmes;Déclenchement de sécurités et arrêt automatique des systèmes — Dans le contexte « Canicule » (Aléa naturel). Chaleur extrême prolongée. Points sensibles : santé, productivité, pannes.;Exemple : Canicule → déclenchement de sécurités et arrêt automatique des systèmes (ex. décisions immédiates, coordination, reprise).;Dommages matériels, risques de sur-accident, indisponibilité d’équipements.;Maintenance préventive, inspections, redondances techniques, permis de travail.;Mise en sécurité, réparations, expertises, reprise sous conditions.;Élevée;Élevée;Élevée;santé, productivité, pannes
203;Aléa naturel;Canicule;Chaleur extrême prolongée;Ressources humaines;Traumatisme des équipes et stress post-évènement (RPS);Traumatisme des équipes et stress post-évènement (RPS) — Dans le contexte « Canicule » (Aléa naturel). Chaleur extrême prolongée. Points sensibles : santé, productivité, pannes.;Exemple : Canicule → traumatisme des équipes et stress post-évènement (rps) (ex. décisions immédiates, coordination, reprise).;Choc, fatigue, absentéisme, tensions sociales.;Prévention RPS, formation managers, rotations astreinte, culture Stop Work.;Soutien psychologique, communication interne, renforts, repos imposé.;Élevée;Élevée;Élevée;santé, productivité, pannes
204;Aléa naturel;Canicule;Chaleur extrême prolongée;Ressources humaines;Exposition à des risques physiques (chaleur, fumées, toxiques);Exposition à des risques physiques (chaleur, fumées, toxiques) — Dans le contexte « Canicule » (Aléa naturel). Chaleur extrême prolongée. Points sensibles : santé, productivité, pannes.;Exemple : Canicule → exposition à des risques physiques (chaleur, fumées, toxiques) (ex. décisions immédiates, coordination, reprise).;Choc, fatigue, absentéisme, tensions sociales.;Prévention RPS, formation managers, rotations astreinte, culture Stop Work.;Soutien psychologique, communication interne, renforts, repos imposé.;Élevée;Élevée;Élevée;santé, productivité, pannes
205;Aléa naturel;Canicule;Chaleur extrême prolongée;Juridique / conformité;Mise en cause pénale (accident grave, mise en danger, pollution);Mise en cause pénale (accident grave, mise en danger, pollution) — Dans le contexte « Canicule » (Aléa naturel). Chaleur extrême prolongée. Points sensibles : santé, productivité, pannes.;Exemple : Canicule → mise en cause pénale (accident grave, mise en danger, pollution) (ex. décisions immédiates, coordination, reprise).;Enquêtes, obligations, contentieux, sanctions.;Veille réglementaire, audits, plans de prévention, conservation des preuves.;Déclarations, interface autorités, stratégie contentieuse, documentation.;Élevée;Critique;Élevée;santé, productivité, pannes
206;Aléa naturel;Canicule;Chaleur extrême prolongée;Juridique / conformité;Contentieux contractuels (pénalités, retards, responsabilités);Contentieux contractuels (pénalités, retards, responsabilités) — Dans le contexte « Canicule » (Aléa naturel). Chaleur extrême prolongée. Points sensibles : santé, productivité, pannes.;Exemple : Canicule → contentieux contractuels (pénalités, retards, responsabilités) (ex. décisions immédiates, coordination, reprise).;Enquêtes, obligations, contentieux, sanctions.;Veille réglementaire, audits, plans de prévention, conservation des preuves.;Déclarations, interface autorités, stratégie contentieuse, documentation.;Élevée;Critique;Élevée;santé, productivité, pannes
207;Aléa naturel;Canicule;Chaleur extrême prolongée;Financier;Coûts de réparation et de remise en état (ouvrages, équipements);Coûts de réparation et de remise en état (ouvrages, équipements) — Dans le contexte « Canicule » (Aléa naturel). Chaleur extrême prolongée. Points sensibles : santé, productivité, pannes.;Exemple : Canicule → coûts de réparation et de remise en état (ouvrages, équipements) (ex. décisions immédiates, coordination, reprise).;Pertes d’exploitation, coûts de remise en état, hausse primes/franchises.;Assurances adaptées, budgets d’urgence, suivi trésorerie, clauses contractuelles.;Activation fonds d’urgence, suivi coûts, déclaration assureur, mitigation pénalités.;Élevée;Élevée;Élevée;santé, productivité, pannes
208;Aléa naturel;Canicule;Chaleur extrême prolongée;Financier;Hausse des primes, franchises et difficultés d’assurabilité;Hausse des primes, franchises et difficultés d’assurabilité — Dans le contexte « Canicule » (Aléa naturel). Chaleur extrême prolongée. Points sensibles : santé, productivité, pannes.;Exemple : Canicule → hausse des primes, franchises et difficultés d’assurabilité (ex. décisions immédiates, coordination, reprise).;Pertes d’exploitation, coûts de remise en état, hausse primes/franchises.;Assurances adaptées, budgets d’urgence, suivi trésorerie, clauses contractuelles.;Activation fonds d’urgence, suivi coûts, déclaration assureur, mitigation pénalités.;Élevée;Élevée;Élevée;santé, productivité, pannes
209;Aléa naturel;Canicule;Chaleur extrême prolongée;Image / réputation;Médiatisation nationale / locale et perte de confiance;Médiatisation nationale / locale et perte de confiance — Dans le contexte « Canicule » (Aléa naturel). Chaleur extrême prolongée. Points sensibles : santé, productivité, pannes.;Exemple : Canicule → médiatisation nationale / locale et perte de confiance (ex. décisions immédiates, coordination, reprise).;Perte de confiance, pression médiatique, rumeurs.;Veille médias, porte-parole, éléments de langage, charte RS.;Communication factuelle/empathetic, lutte rumeurs, coordination autorités.;Élevée;Élevée;Élevée;santé, productivité, pannes
210;Aléa naturel;Canicule;Chaleur extrême prolongée;Image / réputation;Perception d’impréparation ou de manque de transparence;Perception d’impréparation ou de manque de transparence — Dans le contexte « Canicule » (Aléa naturel). Chaleur extrême prolongée. Points sensibles : santé, productivité, pannes.;Exemple : Canicule → perception d’impréparation ou de manque de transparence (ex. décisions immédiates, coordination, reprise).;Perte de confiance, pression médiatique, rumeurs.;Veille médias, porte-parole, éléments de langage, charte RS.;Communication factuelle/empathetic, lutte rumeurs, coordination autorités.;Élevée;Élevée;Élevée;santé, productivité, pannes
211;Aléa naturel;Canicule;Chaleur extrême prolongée;Géopolitique / institutionnel;Intervention de l’État / autorités (préfecture, inspection, régulateur);Intervention de l’État / autorités (préfecture, inspection, régulateur) — Dans le contexte « Canicule » (Aléa naturel). Chaleur extrême prolongée. Points sensibles : santé, productivité, pannes.;Exemple : Canicule → intervention de l’état / autorités (préfecture, inspection, régulateur) (ex. décisions immédiates, coordination, reprise).;Injonctions, contrôles, arbitrages publics, priorisation ressources.;Veille institutionnelle, carto parties prenantes, protocoles autorités.;Coordination préf/mairie/régulateurs, demandes de moyens publics.;Élevée;Élevée;Élevée;santé, productivité, pannes
212;Aléa naturel;Canicule;Chaleur extrême prolongée;Géopolitique / institutionnel;Priorisation nationale des ressources (énergie, santé, sécurité);Priorisation nationale des ressources (énergie, santé, sécurité) — Dans le contexte « Canicule » (Aléa naturel). Chaleur extrême prolongée. Points sensibles : santé, productivité, pannes.;Exemple : Canicule → priorisation nationale des ressources (énergie, santé, sécurité) (ex. décisions immédiates, coordination, reprise).;Injonctions, contrôles, arbitrages publics, priorisation ressources.;Veille institutionnelle, carto parties prenantes, protocoles autorités.;Coordination préf/mairie/régulateurs, demandes de moyens publics.;Élevée;Élevée;Élevée;santé, productivité, pannes
213;Aléa naturel;Canicule;Chaleur extrême prolongée;Informatique / numérique;Perte du SI local (supervision, communications, annuaire, outils métier);Perte du SI local (supervision, communications, annuaire, outils métier) — Dans le contexte « Canicule » (Aléa naturel). Chaleur extrême prolongée. Points sensibles : santé, productivité, pannes.;Exemple : Canicule → perte du si local (supervision, communications, annuaire, outils métier) (ex. décisions immédiates, coordination, reprise).;Perte outils, rupture communications, fuite info.;Segmentation, sauvegardes, redondance télécom, procédures hors-ligne.;Mode dégradé, restauration, canaux alternatifs, contrôle intégrité.;Élevée;Élevée;Élevée;santé, productivité, pannes
214;Aléa naturel;Canicule;Chaleur extrême prolongée;Informatique / numérique;Cyberattaque opportuniste pendant la crise (phishing, ransom, DDoS);Cyberattaque opportuniste pendant la crise (phishing, ransom, DDoS) — Dans le contexte « Canicule » (Aléa naturel). Chaleur extrême prolongée. Points sensibles : santé, productivité, pannes.;Exemple : Canicule → cyberattaque opportuniste pendant la crise (phishing, ransom, ddos) (ex. décisions immédiates, coordination, reprise).;Perte outils, rupture communications, fuite info.;Segmentation, sauvegardes, redondance télécom, procédures hors-ligne.;Mode dégradé, restauration, canaux alternatifs, contrôle intégrité.;Élevée;Élevée;Élevée;santé, productivité, pannes
215;Aléa naturel;Canicule;Chaleur extrême prolongée;Défaillance / résilience;Effet domino multi-réseaux (énergie + télécom + eau);Effet domino multi-réseaux (énergie + télécom + eau) — Dans le contexte « Canicule » (Aléa naturel). Chaleur extrême prolongée. Points sensibles : santé, productivité, pannes.;Exemple : Canicule → effet domino multi-réseaux (énergie + télécom + eau) (ex. décisions immédiates, coordination, reprise).;Domino multi-systèmes, crise prolongée, défaillance gouvernance.;Tests de résilience, exercices multi-crises, cartographie dépendances.;Limiter le domino, renforcer gouvernance, cellules spécialisées, REX.;Élevée;Élevée;Élevée;santé, productivité, pannes
216;Aléa naturel;Canicule;Chaleur extrême prolongée;Défaillance / résilience;Défaillance d’un acteur clé (prestataire, fournisseur, opérateur);Défaillance d’un acteur clé (prestataire, fournisseur, opérateur) — Dans le contexte « Canicule » (Aléa naturel). Chaleur extrême prolongée. Points sensibles : santé, productivité, pannes.;Exemple : Canicule → défaillance d’un acteur clé (prestataire, fournisseur, opérateur) (ex. décisions immédiates, coordination, reprise).;Domino multi-systèmes, crise prolongée, défaillance gouvernance.;Tests de résilience, exercices multi-crises, cartographie dépendances.;Limiter le domino, renforcer gouvernance, cellules spécialisées, REX.;Élevée;Élevée;Élevée;santé, productivité, pannes
217;Aléa naturel;Sécheresse RGA;Retrait-gonflement des argiles;Opérationnel;Arrêt immédiat des activités et sécurisation du périmètre;Arrêt immédiat des activités et sécurisation du périmètre — Dans le contexte « Sécheresse RGA » (Aléa naturel). Retrait-gonflement des argiles. Points sensibles : fissures, désordres structurels.;Exemple : Sécheresse RGA → arrêt immédiat des activités et sécurisation du périmètre (ex. décisions immédiates, coordination, reprise).;Arrêt/retards, mode dégradé, impacts usagers/clients.;PCA/PRA, procédures mode dégradé, exercices réguliers, annuaire crise.;Arrêt sécurisé, priorisation activités, cellule terrain, points de situation.;Moyenne;Élevée;Moyenne;fissures, désordres structurels
218;Aléa naturel;Sécheresse RGA;Retrait-gonflement des argiles;Opérationnel;Désorganisation de la coordination multi-acteurs (secours, autorités, partenaires);Désorganisation de la coordination multi-acteurs (secours, autorités, partenaires) — Dans le contexte « Sécheresse RGA » (Aléa naturel). Retrait-gonflement des argiles. Points sensibles : fissures, désordres structurels.;Exemple : Sécheresse RGA → désorganisation de la coordination multi-acteurs (secours, autorités, partenaires) (ex. décisions immédiates, coordination, reprise).;Arrêt/retards, mode dégradé, impacts usagers/clients.;PCA/PRA, procédures mode dégradé, exercices réguliers, annuaire crise.;Arrêt sécurisé, priorisation activités, cellule terrain, points de situation.;Moyenne;Élevée;Moyenne;fissures, désordres structurels
219;Aléa naturel;Sécheresse RGA;Retrait-gonflement des argiles;Industriel / technique;Destruction d’ouvrages ou d’équipements critiques;Destruction d’ouvrages ou d’équipements critiques — Dans le contexte « Sécheresse RGA » (Aléa naturel). Retrait-gonflement des argiles. Points sensibles : fissures, désordres structurels.;Exemple : Sécheresse RGA → destruction d’ouvrages ou d’équipements critiques (ex. décisions immédiates, coordination, reprise).;Dommages matériels, risques de sur-accident, indisponibilité d’équipements.;Maintenance préventive, inspections, redondances techniques, permis de travail.;Mise en sécurité, réparations, expertises, reprise sous conditions.;Moyenne;Élevée;Moyenne;fissures, désordres structurels
220;Aléa naturel;Sécheresse RGA;Retrait-gonflement des argiles;Industriel / technique;Déclenchement de sécurités et arrêt automatique des systèmes;Déclenchement de sécurités et arrêt automatique des systèmes — Dans le contexte « Sécheresse RGA » (Aléa naturel). Retrait-gonflement des argiles. Points sensibles : fissures, désordres structurels.;Exemple : Sécheresse RGA → déclenchement de sécurités et arrêt automatique des systèmes (ex. décisions immédiates, coordination, reprise).;Dommages matériels, risques de sur-accident, indisponibilité d’équipements.;Maintenance préventive, inspections, redondances techniques, permis de travail.;Mise en sécurité, réparations, expertises, reprise sous conditions.;Moyenne;Élevée;Moyenne;fissures, désordres structurels
221;Aléa naturel;Sécheresse RGA;Retrait-gonflement des argiles;Ressources humaines;Traumatisme des équipes et stress post-évènement (RPS);Traumatisme des équipes et stress post-évènement (RPS) — Dans le contexte « Sécheresse RGA » (Aléa naturel). Retrait-gonflement des argiles. Points sensibles : fissures, désordres structurels.;Exemple : Sécheresse RGA → traumatisme des équipes et stress post-évènement (rps) (ex. décisions immédiates, coordination, reprise).;Choc, fatigue, absentéisme, tensions sociales.;Prévention RPS, formation managers, rotations astreinte, culture Stop Work.;Soutien psychologique, communication interne, renforts, repos imposé.;Moyenne;Élevée;Moyenne;fissures, désordres structurels
222;Aléa naturel;Sécheresse RGA;Retrait-gonflement des argiles;Ressources humaines;Exposition à des risques physiques (chaleur, fumées, toxiques);Exposition à des risques physiques (chaleur, fumées, toxiques) — Dans le contexte « Sécheresse RGA » (Aléa naturel). Retrait-gonflement des argiles. Points sensibles : fissures, désordres structurels.;Exemple : Sécheresse RGA → exposition à des risques physiques (chaleur, fumées, toxiques) (ex. décisions immédiates, coordination, reprise).;Choc, fatigue, absentéisme, tensions sociales.;Prévention RPS, formation managers, rotations astreinte, culture Stop Work.;Soutien psychologique, communication interne, renforts, repos imposé.;Moyenne;Élevée;Moyenne;fissures, désordres structurels
223;Aléa naturel;Sécheresse RGA;Retrait-gonflement des argiles;Juridique / conformité;Mise en cause pénale (accident grave, mise en danger, pollution);Mise en cause pénale (accident grave, mise en danger, pollution) — Dans le contexte « Sécheresse RGA » (Aléa naturel). Retrait-gonflement des argiles. Points sensibles : fissures, désordres structurels.;Exemple : Sécheresse RGA → mise en cause pénale (accident grave, mise en danger, pollution) (ex. décisions immédiates, coordination, reprise).;Enquêtes, obligations, contentieux, sanctions.;Veille réglementaire, audits, plans de prévention, conservation des preuves.;Déclarations, interface autorités, stratégie contentieuse, documentation.;Moyenne;Critique;Élevée;fissures, désordres structurels
224;Aléa naturel;Sécheresse RGA;Retrait-gonflement des argiles;Juridique / conformité;Contentieux contractuels (pénalités, retards, responsabilités);Contentieux contractuels (pénalités, retards, responsabilités) — Dans le contexte « Sécheresse RGA » (Aléa naturel). Retrait-gonflement des argiles. Points sensibles : fissures, désordres structurels.;Exemple : Sécheresse RGA → contentieux contractuels (pénalités, retards, responsabilités) (ex. décisions immédiates, coordination, reprise).;Enquêtes, obligations, contentieux, sanctions.;Veille réglementaire, audits, plans de prévention, conservation des preuves.;Déclarations, interface autorités, stratégie contentieuse, documentation.;Moyenne;Critique;Élevée;fissures, désordres structurels
225;Aléa naturel;Sécheresse RGA;Retrait-gonflement des argiles;Financier;Coûts de réparation et de remise en état (ouvrages, équipements);Coûts de réparation et de remise en état (ouvrages, équipements) — Dans le contexte « Sécheresse RGA » (Aléa naturel). Retrait-gonflement des argiles. Points sensibles : fissures, désordres structurels.;Exemple : Sécheresse RGA → coûts de réparation et de remise en état (ouvrages, équipements) (ex. décisions immédiates, coordination, reprise).;Pertes d’exploitation, coûts de remise en état, hausse primes/franchises.;Assurances adaptées, budgets d’urgence, suivi trésorerie, clauses contractuelles.;Activation fonds d’urgence, suivi coûts, déclaration assureur, mitigation pénalités.;Moyenne;Élevée;Moyenne;fissures, désordres structurels
226;Aléa naturel;Sécheresse RGA;Retrait-gonflement des argiles;Financier;Hausse des primes, franchises et difficultés d’assurabilité;Hausse des primes, franchises et difficultés d’assurabilité — Dans le contexte « Sécheresse RGA » (Aléa naturel). Retrait-gonflement des argiles. Points sensibles : fissures, désordres structurels.;Exemple : Sécheresse RGA → hausse des primes, franchises et difficultés d’assurabilité (ex. décisions immédiates, coordination, reprise).;Pertes d’exploitation, coûts de remise en état, hausse primes/franchises.;Assurances adaptées, budgets d’urgence, suivi trésorerie, clauses contractuelles.;Activation fonds d’urgence, suivi coûts, déclaration assureur, mitigation pénalités.;Moyenne;Élevée;Moyenne;fissures, désordres structurels
227;Aléa naturel;Sécheresse RGA;Retrait-gonflement des argiles;Image / réputation;Médiatisation nationale / locale et perte de confiance;Médiatisation nationale / locale et perte de confiance — Dans le contexte « Sécheresse RGA » (Aléa naturel). Retrait-gonflement des argiles. Points sensibles : fissures, désordres structurels.;Exemple : Sécheresse RGA → médiatisation nationale / locale et perte de confiance (ex. décisions immédiates, coordination, reprise).;Perte de confiance, pression médiatique, rumeurs.;Veille médias, porte-parole, éléments de langage, charte RS.;Communication factuelle/empathetic, lutte rumeurs, coordination autorités.;Moyenne;Élevée;Moyenne;fissures, désordres structurels
228;Aléa naturel;Sécheresse RGA;Retrait-gonflement des argiles;Image / réputation;Perception d’impréparation ou de manque de transparence;Perception d’impréparation ou de manque de transparence — Dans le contexte « Sécheresse RGA » (Aléa naturel). Retrait-gonflement des argiles. Points sensibles : fissures, désordres structurels.;Exemple : Sécheresse RGA → perception d’impréparation ou de manque de transparence (ex. décisions immédiates, coordination, reprise).;Perte de confiance, pression médiatique, rumeurs.;Veille médias, porte-parole, éléments de langage, charte RS.;Communication factuelle/empathetic, lutte rumeurs, coordination autorités.;Moyenne;Élevée;Moyenne;fissures, désordres structurels
229;Aléa naturel;Sécheresse RGA;Retrait-gonflement des argiles;Géopolitique / institutionnel;Intervention de l’État / autorités (préfecture, inspection, régulateur);Intervention de l’État / autorités (préfecture, inspection, régulateur) — Dans le contexte « Sécheresse RGA » (Aléa naturel). Retrait-gonflement des argiles. Points sensibles : fissures, désordres structurels.;Exemple : Sécheresse RGA → intervention de l’état / autorités (préfecture, inspection, régulateur) (ex. décisions immédiates, coordination, reprise).;Injonctions, contrôles, arbitrages publics, priorisation ressources.;Veille institutionnelle, carto parties prenantes, protocoles autorités.;Coordination préf/mairie/régulateurs, demandes de moyens publics.;Moyenne;Élevée;Moyenne;fissures, désordres structurels
230;Aléa naturel;Sécheresse RGA;Retrait-gonflement des argiles;Géopolitique / institutionnel;Priorisation nationale des ressources (énergie, santé, sécurité);Priorisation nationale des ressources (énergie, santé, sécurité) — Dans le contexte « Sécheresse RGA » (Aléa naturel). Retrait-gonflement des argiles. Points sensibles : fissures, désordres structurels.;Exemple : Sécheresse RGA → priorisation nationale des ressources (énergie, santé, sécurité) (ex. décisions immédiates, coordination, reprise).;Injonctions, contrôles, arbitrages publics, priorisation ressources.;Veille institutionnelle, carto parties prenantes, protocoles autorités.;Coordination préf/mairie/régulateurs, demandes de moyens publics.;Moyenne;Élevée;Moyenne;fissures, désordres structurels
231;Aléa naturel;Sécheresse RGA;Retrait-gonflement des argiles;Informatique / numérique;Perte du SI local (supervision, communications, annuaire, outils métier);Perte du SI local (supervision, communications, annuaire, outils métier) — Dans le contexte « Sécheresse RGA » (Aléa naturel). Retrait-gonflement des argiles. Points sensibles : fissures, désordres structurels.;Exemple : Sécheresse RGA → perte du si local (supervision, communications, annuaire, outils métier) (ex. décisions immédiates, coordination, reprise).;Perte outils, rupture communications, fuite info.;Segmentation, sauvegardes, redondance télécom, procédures hors-ligne.;Mode dégradé, restauration, canaux alternatifs, contrôle intégrité.;Moyenne;Élevée;Moyenne;fissures, désordres structurels
232;Aléa naturel;Sécheresse RGA;Retrait-gonflement des argiles;Informatique / numérique;Cyberattaque opportuniste pendant la crise (phishing, ransom, DDoS);Cyberattaque opportuniste pendant la crise (phishing, ransom, DDoS) — Dans le contexte « Sécheresse RGA » (Aléa naturel). Retrait-gonflement des argiles. Points sensibles : fissures, désordres structurels.;Exemple : Sécheresse RGA → cyberattaque opportuniste pendant la crise (phishing, ransom, ddos) (ex. décisions immédiates, coordination, reprise).;Perte outils, rupture communications, fuite info.;Segmentation, sauvegardes, redondance télécom, procédures hors-ligne.;Mode dégradé, restauration, canaux alternatifs, contrôle intégrité.;Moyenne;Élevée;Moyenne;fissures, désordres structurels
233;Aléa naturel;Sécheresse RGA;Retrait-gonflement des argiles;Défaillance / résilience;Effet domino multi-réseaux (énergie + télécom + eau);Effet domino multi-réseaux (énergie + télécom + eau) — Dans le contexte « Sécheresse RGA » (Aléa naturel). Retrait-gonflement des argiles. Points sensibles : fissures, désordres structurels.;Exemple : Sécheresse RGA → effet domino multi-réseaux (énergie + télécom + eau) (ex. décisions immédiates, coordination, reprise).;Domino multi-systèmes, crise prolongée, défaillance gouvernance.;Tests de résilience, exercices multi-crises, cartographie dépendances.;Limiter le domino, renforcer gouvernance, cellules spécialisées, REX.;Moyenne;Élevée;Moyenne;fissures, désordres structurels
234;Aléa naturel;Sécheresse RGA;Retrait-gonflement des argiles;Défaillance / résilience;Défaillance d’un acteur clé (prestataire, fournisseur, opérateur);Défaillance d’un acteur clé (prestataire, fournisseur, opérateur) — Dans le contexte « Sécheresse RGA » (Aléa naturel). Retrait-gonflement des argiles. Points sensibles : fissures, désordres structurels.;Exemple : Sécheresse RGA → défaillance d’un acteur clé (prestataire, fournisseur, opérateur) (ex. décisions immédiates, coordination, reprise).;Domino multi-systèmes, crise prolongée, défaillance gouvernance.;Tests de résilience, exercices multi-crises, cartographie dépendances.;Limiter le domino, renforcer gouvernance, cellules spécialisées, REX.;Moyenne;Élevée;Moyenne;fissures, désordres structurels
235;Aléa naturel;Séisme;Secousse sismique ressentie;Opérationnel;Arrêt immédiat des activités et sécurisation du périmètre;Arrêt immédiat des activités et sécurisation du périmètre — Dans le contexte « Séisme » (Aléa naturel). Secousse sismique ressentie. Points sensibles : inspection, arrêt préventif.;Exemple : Séisme → arrêt immédiat des activités et sécurisation du périmètre (ex. décisions immédiates, coordination, reprise).;Arrêt/retards, mode dégradé, impacts usagers/clients.;PCA/PRA, procédures mode dégradé, exercices réguliers, annuaire crise.;Arrêt sécurisé, priorisation activités, cellule terrain, points de situation.;Moyenne;Élevée;Moyenne;inspection, arrêt préventif
236;Aléa naturel;Séisme;Secousse sismique ressentie;Opérationnel;Désorganisation de la coordination multi-acteurs (secours, autorités, partenaires);Désorganisation de la coordination multi-acteurs (secours, autorités, partenaires) — Dans le contexte « Séisme » (Aléa naturel). Secousse sismique ressentie. Points sensibles : inspection, arrêt préventif.;Exemple : Séisme → désorganisation de la coordination multi-acteurs (secours, autorités, partenaires) (ex. décisions immédiates, coordination, reprise).;Arrêt/retards, mode dégradé, impacts usagers/clients.;PCA/PRA, procédures mode dégradé, exercices réguliers, annuaire crise.;Arrêt sécurisé, priorisation activités, cellule terrain, points de situation.;Moyenne;Élevée;Moyenne;inspection, arrêt préventif
237;Aléa naturel;Séisme;Secousse sismique ressentie;Industriel / technique;Destruction d’ouvrages ou d’équipements critiques;Destruction d’ouvrages ou d’équipements critiques — Dans le contexte « Séisme » (Aléa naturel). Secousse sismique ressentie. Points sensibles : inspection, arrêt préventif.;Exemple : Séisme → destruction d’ouvrages ou d’équipements critiques (ex. décisions immédiates, coordination, reprise).;Dommages matériels, risques de sur-accident, indisponibilité d’équipements.;Maintenance préventive, inspections, redondances techniques, permis de travail.;Mise en sécurité, réparations, expertises, reprise sous conditions.;Moyenne;Élevée;Moyenne;inspection, arrêt préventif
238;Aléa naturel;Séisme;Secousse sismique ressentie;Industriel / technique;Déclenchement de sécurités et arrêt automatique des systèmes;Déclenchement de sécurités et arrêt automatique des systèmes — Dans le contexte « Séisme » (Aléa naturel). Secousse sismique ressentie. Points sensibles : inspection, arrêt préventif.;Exemple : Séisme → déclenchement de sécurités et arrêt automatique des systèmes (ex. décisions immédiates, coordination, reprise).;Dommages matériels, risques de sur-accident, indisponibilité d’équipements.;Maintenance préventive, inspections, redondances techniques, permis de travail.;Mise en sécurité, réparations, expertises, reprise sous conditions.;Moyenne;Élevée;Moyenne;inspection, arrêt préventif
239;Aléa naturel;Séisme;Secousse sismique ressentie;Ressources humaines;Traumatisme des équipes et stress post-évènement (RPS);Traumatisme des équipes et stress post-évènement (RPS) — Dans le contexte « Séisme » (Aléa naturel). Secousse sismique ressentie. Points sensibles : inspection, arrêt préventif.;Exemple : Séisme → traumatisme des équipes et stress post-évènement (rps) (ex. décisions immédiates, coordination, reprise).;Choc, fatigue, absentéisme, tensions sociales.;Prévention RPS, formation managers, rotations astreinte, culture Stop Work.;Soutien psychologique, communication interne, renforts, repos imposé.;Moyenne;Élevée;Moyenne;inspection, arrêt préventif
240;Aléa naturel;Séisme;Secousse sismique ressentie;Ressources humaines;Exposition à des risques physiques (chaleur, fumées, toxiques);Exposition à des risques physiques (chaleur, fumées, toxiques) — Dans le contexte « Séisme » (Aléa naturel). Secousse sismique ressentie. Points sensibles : inspection, arrêt préventif.;Exemple : Séisme → exposition à des risques physiques (chaleur, fumées, toxiques) (ex. décisions immédiates, coordination, reprise).;Choc, fatigue, absentéisme, tensions sociales.;Prévention RPS, formation managers, rotations astreinte, culture Stop Work.;Soutien psychologique, communication interne, renforts, repos imposé.;Moyenne;Élevée;Moyenne;inspection, arrêt préventif
241;Aléa naturel;Séisme;Secousse sismique ressentie;Juridique / conformité;Mise en cause pénale (accident grave, mise en danger, pollution);Mise en cause pénale (accident grave, mise en danger, pollution) — Dans le contexte « Séisme » (Aléa naturel). Secousse sismique ressentie. Points sensibles : inspection, arrêt préventif.;Exemple : Séisme → mise en cause pénale (accident grave, mise en danger, pollution) (ex. décisions immédiates, coordination, reprise).;Enquêtes, obligations, contentieux, sanctions.;Veille réglementaire, audits, plans de prévention, conservation des preuves.;Déclarations, interface autorités, stratégie contentieuse, documentation.;Moyenne;Critique;Élevée;inspection, arrêt préventif
242;Aléa naturel;Séisme;Secousse sismique ressentie;Juridique / conformité;Contentieux contractuels (pénalités, retards, responsabilités);Contentieux contractuels (pénalités, retards, responsabilités) — Dans le contexte « Séisme » (Aléa naturel). Secousse sismique ressentie. Points sensibles : inspection, arrêt préventif.;Exemple : Séisme → contentieux contractuels (pénalités, retards, responsabilités) (ex. décisions immédiates, coordination, reprise).;Enquêtes, obligations, contentieux, sanctions.;Veille réglementaire, audits, plans de prévention, conservation des preuves.;Déclarations, interface autorités, stratégie contentieuse, documentation.;Moyenne;Critique;Élevée;inspection, arrêt préventif
243;Aléa naturel;Séisme;Secousse sismique ressentie;Financier;Coûts de réparation et de remise en état (ouvrages, équipements);Coûts de réparation et de remise en état (ouvrages, équipements) — Dans le contexte « Séisme » (Aléa naturel). Secousse sismique ressentie. Points sensibles : inspection, arrêt préventif.;Exemple : Séisme → coûts de réparation et de remise en état (ouvrages, équipements) (ex. décisions immédiates, coordination, reprise).;Pertes d’exploitation, coûts de remise en état, hausse primes/franchises.;Assurances adaptées, budgets d’urgence, suivi trésorerie, clauses contractuelles.;Activation fonds d’urgence, suivi coûts, déclaration assureur, mitigation pénalités.;Moyenne;Élevée;Moyenne;inspection, arrêt préventif
244;Aléa naturel;Séisme;Secousse sismique ressentie;Financier;Hausse des primes, franchises et difficultés d’assurabilité;Hausse des primes, franchises et difficultés d’assurabilité — Dans le contexte « Séisme » (Aléa naturel). Secousse sismique ressentie. Points sensibles : inspection, arrêt préventif.;Exemple : Séisme → hausse des primes, franchises et difficultés d’assurabilité (ex. décisions immédiates, coordination, reprise).;Pertes d’exploitation, coûts de remise en état, hausse primes/franchises.;Assurances adaptées, budgets d’urgence, suivi trésorerie, clauses contractuelles.;Activation fonds d’urgence, suivi coûts, déclaration assureur, mitigation pénalités.;Moyenne;Élevée;Moyenne;inspection, arrêt préventif
245;Aléa naturel;Séisme;Secousse sismique ressentie;Image / réputation;Médiatisation nationale / locale et perte de confiance;Médiatisation nationale / locale et perte de confiance — Dans le contexte « Séisme » (Aléa naturel). Secousse sismique ressentie. Points sensibles : inspection, arrêt préventif.;Exemple : Séisme → médiatisation nationale / locale et perte de confiance (ex. décisions immédiates, coordination, reprise).;Perte de confiance, pression médiatique, rumeurs.;Veille médias, porte-parole, éléments de langage, charte RS.;Communication factuelle/empathetic, lutte rumeurs, coordination autorités.;Moyenne;Élevée;Moyenne;inspection, arrêt préventif
246;Aléa naturel;Séisme;Secousse sismique ressentie;Image / réputation;Perception d’impréparation ou de manque de transparence;Perception d’impréparation ou de manque de transparence — Dans le contexte « Séisme » (Aléa naturel). Secousse sismique ressentie. Points sensibles : inspection, arrêt préventif.;Exemple : Séisme → perception d’impréparation ou de manque de transparence (ex. décisions immédiates, coordination, reprise).;Perte de confiance, pression médiatique, rumeurs.;Veille médias, porte-parole, éléments de langage, charte RS.;Communication factuelle/empathetic, lutte rumeurs, coordination autorités.;Moyenne;Élevée;Moyenne;inspection, arrêt préventif
247;Aléa naturel;Séisme;Secousse sismique ressentie;Géopolitique / institutionnel;Intervention de l’État / autorités (préfecture, inspection, régulateur);Intervention de l’État / autorités (préfecture, inspection, régulateur) — Dans le contexte « Séisme » (Aléa naturel). Secousse sismique ressentie. Points sensibles : inspection, arrêt préventif.;Exemple : Séisme → intervention de l’état / autorités (préfecture, inspection, régulateur) (ex. décisions immédiates, coordination, reprise).;Injonctions, contrôles, arbitrages publics, priorisation ressources.;Veille institutionnelle, carto parties prenantes, protocoles autorités.;Coordination préf/mairie/régulateurs, demandes de moyens publics.;Moyenne;Élevée;Moyenne;inspection, arrêt préventif
248;Aléa naturel;Séisme;Secousse sismique ressentie;Géopolitique / institutionnel;Priorisation nationale des ressources (énergie, santé, sécurité);Priorisation nationale des ressources (énergie, santé, sécurité) — Dans le contexte « Séisme » (Aléa naturel). Secousse sismique ressentie. Points sensibles : inspection, arrêt préventif.;Exemple : Séisme → priorisation nationale des ressources (énergie, santé, sécurité) (ex. décisions immédiates, coordination, reprise).;Injonctions, contrôles, arbitrages publics, priorisation ressources.;Veille institutionnelle, carto parties prenantes, protocoles autorités.;Coordination préf/mairie/régulateurs, demandes de moyens publics.;Moyenne;Élevée;Moyenne;inspection, arrêt préventif
249;Aléa naturel;Séisme;Secousse sismique ressentie;Informatique / numérique;Perte du SI local (supervision, communications, annuaire, outils métier);Perte du SI local (supervision, communications, annuaire, outils métier) — Dans le contexte « Séisme » (Aléa naturel). Secousse sismique ressentie. Points sensibles : inspection, arrêt préventif.;Exemple : Séisme → perte du si local (supervision, communications, annuaire, outils métier) (ex. décisions immédiates, coordination, reprise).;Perte outils, rupture communications, fuite info.;Segmentation, sauvegardes, redondance télécom, procédures hors-ligne.;Mode dégradé, restauration, canaux alternatifs, contrôle intégrité.;Moyenne;Élevée;Moyenne;inspection, arrêt préventif
250;Aléa naturel;Séisme;Secousse sismique ressentie;Informatique / numérique;Cyberattaque opportuniste pendant la crise (phishing, ransom, DDoS);Cyberattaque opportuniste pendant la crise (phishing, ransom, DDoS) — Dans le contexte « Séisme » (Aléa naturel). Secousse sismique ressentie. Points sensibles : inspection, arrêt préventif.;Exemple : Séisme → cyberattaque opportuniste pendant la crise (phishing, ransom, ddos) (ex. décisions immédiates, coordination, reprise).;Perte outils, rupture communications, fuite info.;Segmentation, sauvegardes, redondance télécom, procédures hors-ligne.;Mode dégradé, restauration, canaux alternatifs, contrôle intégrité.;Moyenne;Élevée;Moyenne;inspection, arrêt préventif
251;Aléa naturel;Séisme;Secousse sismique ressentie;Défaillance / résilience;Effet domino multi-réseaux (énergie + télécom + eau);Effet domino multi-réseaux (énergie + télécom + eau) — Dans le contexte « Séisme » (Aléa naturel). Secousse sismique ressentie. Points sensibles : inspection, arrêt préventif.;Exemple : Séisme → effet domino multi-réseaux (énergie + télécom + eau) (ex. décisions immédiates, coordination, reprise).;Domino multi-systèmes, crise prolongée, défaillance gouvernance.;Tests de résilience, exercices multi-crises, cartographie dépendances.;Limiter le domino, renforcer gouvernance, cellules spécialisées, REX.;Moyenne;Élevée;Moyenne;inspection, arrêt préventif
252;Aléa naturel;Séisme;Secousse sismique ressentie;Défaillance / résilience;Défaillance d’un acteur clé (prestataire, fournisseur, opérateur);Défaillance d’un acteur clé (prestataire, fournisseur, opérateur) — Dans le contexte « Séisme » (Aléa naturel). Secousse sismique ressentie. Points sensibles : inspection, arrêt préventif.;Exemple : Séisme → défaillance d’un acteur clé (prestataire, fournisseur, opérateur) (ex. décisions immédiates, coordination, reprise).;Domino multi-systèmes, crise prolongée, défaillance gouvernance.;Tests de résilience, exercices multi-crises, cartographie dépendances.;Limiter le domino, renforcer gouvernance, cellules spécialisées, REX.;Moyenne;Élevée;Moyenne;inspection, arrêt préventif
253;Aléa naturel;Feu de forêt;Feu proche d’un site;Opérationnel;Arrêt immédiat des activités et sécurisation du périmètre;Arrêt immédiat des activités et sécurisation du périmètre — Dans le contexte « Feu de forêt » (Aléa naturel). Feu proche d’un site. Points sensibles : évacuation, coupures, fumées.;Exemple : Feu de forêt → arrêt immédiat des activités et sécurisation du périmètre (ex. décisions immédiates, coordination, reprise).;Arrêt/retards, mode dégradé, impacts usagers/clients.;PCA/PRA, procédures mode dégradé, exercices réguliers, annuaire crise.;Arrêt sécurisé, priorisation activités, cellule terrain, points de situation.;Moyenne;Élevée;Moyenne;évacuation, coupures, fumées
254;Aléa naturel;Feu de forêt;Feu proche d’un site;Opérationnel;Désorganisation de la coordination multi-acteurs (secours, autorités, partenaires);Désorganisation de la coordination multi-acteurs (secours, autorités, partenaires) — Dans le contexte « Feu de forêt » (Aléa naturel). Feu proche d’un site. Points sensibles : évacuation, coupures, fumées.;Exemple : Feu de forêt → désorganisation de la coordination multi-acteurs (secours, autorités, partenaires) (ex. décisions immédiates, coordination, reprise).;Arrêt/retards, mode dégradé, impacts usagers/clients.;PCA/PRA, procédures mode dégradé, exercices réguliers, annuaire crise.;Arrêt sécurisé, priorisation activités, cellule terrain, points de situation.;Moyenne;Élevée;Moyenne;évacuation, coupures, fumées
255;Aléa naturel;Feu de forêt;Feu proche d’un site;Industriel / technique;Destruction d’ouvrages ou d’équipements critiques;Destruction d’ouvrages ou d’équipements critiques — Dans le contexte « Feu de forêt » (Aléa naturel). Feu proche d’un site. Points sensibles : évacuation, coupures, fumées.;Exemple : Feu de forêt → destruction d’ouvrages ou d’équipements critiques (ex. décisions immédiates, coordination, reprise).;Dommages matériels, risques de sur-accident, indisponibilité d’équipements.;Maintenance préventive, inspections, redondances techniques, permis de travail.;Mise en sécurité, réparations, expertises, reprise sous conditions.;Moyenne;Élevée;Moyenne;évacuation, coupures, fumées
256;Aléa naturel;Feu de forêt;Feu proche d’un site;Industriel / technique;Déclenchement de sécurités et arrêt automatique des systèmes;Déclenchement de sécurités et arrêt automatique des systèmes — Dans le contexte « Feu de forêt » (Aléa naturel). Feu proche d’un site. Points sensibles : évacuation, coupures, fumées.;Exemple : Feu de forêt → déclenchement de sécurités et arrêt automatique des systèmes (ex. décisions immédiates, coordination, reprise).;Dommages matériels, risques de sur-accident, indisponibilité d’équipements.;Maintenance préventive, inspections, redondances techniques, permis de travail.;Mise en sécurité, réparations, expertises, reprise sous conditions.;Moyenne;Élevée;Moyenne;évacuation, coupures, fumées
257;Aléa naturel;Feu de forêt;Feu proche d’un site;Ressources humaines;Traumatisme des équipes et stress post-évènement (RPS);Traumatisme des équipes et stress post-évènement (RPS) — Dans le contexte « Feu de forêt » (Aléa naturel). Feu proche d’un site. Points sensibles : évacuation, coupures, fumées.;Exemple : Feu de forêt → traumatisme des équipes et stress post-évènement (rps) (ex. décisions immédiates, coordination, reprise).;Choc, fatigue, absentéisme, tensions sociales.;Prévention RPS, formation managers, rotations astreinte, culture Stop Work.;Soutien psychologique, communication interne, renforts, repos imposé.;Moyenne;Élevée;Moyenne;évacuation, coupures, fumées
258;Aléa naturel;Feu de forêt;Feu proche d’un site;Ressources humaines;Exposition à des risques physiques (chaleur, fumées, toxiques);Exposition à des risques physiques (chaleur, fumées, toxiques) — Dans le contexte « Feu de forêt » (Aléa naturel). Feu proche d’un site. Points sensibles : évacuation, coupures, fumées.;Exemple : Feu de forêt → exposition à des risques physiques (chaleur, fumées, toxiques) (ex. décisions immédiates, coordination, reprise).;Choc, fatigue, absentéisme, tensions sociales.;Prévention RPS, formation managers, rotations astreinte, culture Stop Work.;Soutien psychologique, communication interne, renforts, repos imposé.;Moyenne;Élevée;Moyenne;évacuation, coupures, fumées
259;Aléa naturel;Feu de forêt;Feu proche d’un site;Juridique / conformité;Mise en cause pénale (accident grave, mise en danger, pollution);Mise en cause pénale (accident grave, mise en danger, pollution) — Dans le contexte « Feu de forêt » (Aléa naturel). Feu proche d’un site. Points sensibles : évacuation, coupures, fumées.;Exemple : Feu de forêt → mise en cause pénale (accident grave, mise en danger, pollution) (ex. décisions immédiates, coordination, reprise).;Enquêtes, obligations, contentieux, sanctions.;Veille réglementaire, audits, plans de prévention, conservation des preuves.;Déclarations, interface autorités, stratégie contentieuse, documentation.;Moyenne;Critique;Élevée;évacuation, coupures, fumées
260;Aléa naturel;Feu de forêt;Feu proche d’un site;Juridique / conformité;Contentieux contractuels (pénalités, retards, responsabilités);Contentieux contractuels (pénalités, retards, responsabilités) — Dans le contexte « Feu de forêt » (Aléa naturel). Feu proche d’un site. Points sensibles : évacuation, coupures, fumées.;Exemple : Feu de forêt → contentieux contractuels (pénalités, retards, responsabilités) (ex. décisions immédiates, coordination, reprise).;Enquêtes, obligations, contentieux, sanctions.;Veille réglementaire, audits, plans de prévention, conservation des preuves.;Déclarations, interface autorités, stratégie contentieuse, documentation.;Moyenne;Critique;Élevée;évacuation, coupures, fumées
261;Aléa naturel;Feu de forêt;Feu proche d’un site;Financier;Coûts de réparation et de remise en état (ouvrages, équipements);Coûts de réparation et de remise en état (ouvrages, équipements) — Dans le contexte « Feu de forêt » (Aléa naturel). Feu proche d’un site. Points sensibles : évacuation, coupures, fumées.;Exemple : Feu de forêt → coûts de réparation et de remise en état (ouvrages, équipements) (ex. décisions immédiates, coordination, reprise).;Pertes d’exploitation, coûts de remise en état, hausse primes/franchises.;Assurances adaptées, budgets d’urgence, suivi trésorerie, clauses contractuelles.;Activation fonds d’urgence, suivi coûts, déclaration assureur, mitigation pénalités.;Moyenne;Élevée;Moyenne;évacuation, coupures, fumées
262;Aléa naturel;Feu de forêt;Feu proche d’un site;Financier;Hausse des primes, franchises et difficultés d’assurabilité;Hausse des primes, franchises et difficultés d’assurabilité — Dans le contexte « Feu de forêt » (Aléa naturel). Feu proche d’un site. Points sensibles : évacuation, coupures, fumées.;Exemple : Feu de forêt → hausse des primes, franchises et difficultés d’assurabilité (ex. décisions immédiates, coordination, reprise).;Pertes d’exploitation, coûts de remise en état, hausse primes/franchises.;Assurances adaptées, budgets d’urgence, suivi trésorerie, clauses contractuelles.;Activation fonds d’urgence, suivi coûts, déclaration assureur, mitigation pénalités.;Moyenne;Élevée;Moyenne;évacuation, coupures, fumées
263;Aléa naturel;Feu de forêt;Feu proche d’un site;Image / réputation;Médiatisation nationale / locale et perte de confiance;Médiatisation nationale / locale et perte de confiance — Dans le contexte « Feu de forêt » (Aléa naturel). Feu proche d’un site. Points sensibles : évacuation, coupures, fumées.;Exemple : Feu de forêt → médiatisation nationale / locale et perte de confiance (ex. décisions immédiates, coordination, reprise).;Perte de confiance, pression médiatique, rumeurs.;Veille médias, porte-parole, éléments de langage, charte RS.;Communication factuelle/empathetic, lutte rumeurs, coordination autorités.;Moyenne;Élevée;Moyenne;évacuation, coupures, fumées
264;Aléa naturel;Feu de forêt;Feu proche d’un site;Image / réputation;Perception d’impréparation ou de manque de transparence;Perception d’impréparation ou de manque de transparence — Dans le contexte « Feu de forêt » (Aléa naturel). Feu proche d’un site. Points sensibles : évacuation, coupures, fumées.;Exemple : Feu de forêt → perception d’impréparation ou de manque de transparence (ex. décisions immédiates, coordination, reprise).;Perte de confiance, pression médiatique, rumeurs.;Veille médias, porte-parole, éléments de langage, charte RS.;Communication factuelle/empathetic, lutte rumeurs, coordination autorités.;Moyenne;Élevée;Moyenne;évacuation, coupures, fumées
265;Aléa naturel;Feu de forêt;Feu proche d’un site;Géopolitique / institutionnel;Intervention de l’État / autorités (préfecture, inspection, régulateur);Intervention de l’État / autorités (préfecture, inspection, régulateur) — Dans le contexte « Feu de forêt » (Aléa naturel). Feu proche d’un site. Points sensibles : évacuation, coupures, fumées.;Exemple : Feu de forêt → intervention de l’état / autorités (préfecture, inspection, régulateur) (ex. décisions immédiates, coordination, reprise).;Injonctions, contrôles, arbitrages publics, priorisation ressources.;Veille institutionnelle, carto parties prenantes, protocoles autorités.;Coordination préf/mairie/régulateurs, demandes de moyens publics.;Moyenne;Élevée;Moyenne;évacuation, coupures, fumées
266;Aléa naturel;Feu de forêt;Feu proche d’un site;Géopolitique / institutionnel;Priorisation nationale des ressources (énergie, santé, sécurité);Priorisation nationale des ressources (énergie, santé, sécurité) — Dans le contexte « Feu de forêt » (Aléa naturel). Feu proche d’un site. Points sensibles : évacuation, coupures, fumées.;Exemple : Feu de forêt → priorisation nationale des ressources (énergie, santé, sécurité) (ex. décisions immédiates, coordination, reprise).;Injonctions, contrôles, arbitrages publics, priorisation ressources.;Veille institutionnelle, carto parties prenantes, protocoles autorités.;Coordination préf/mairie/régulateurs, demandes de moyens publics.;Moyenne;Élevée;Moyenne;évacuation, coupures, fumées
267;Aléa naturel;Feu de forêt;Feu proche d’un site;Informatique / numérique;Perte du SI local (supervision, communications, annuaire, outils métier);Perte du SI local (supervision, communications, annuaire, outils métier) — Dans le contexte « Feu de forêt » (Aléa naturel). Feu proche d’un site. Points sensibles : évacuation, coupures, fumées.;Exemple : Feu de forêt → perte du si local (supervision, communications, annuaire, outils métier) (ex. décisions immédiates, coordination, reprise).;Perte outils, rupture communications, fuite info.;Segmentation, sauvegardes, redondance télécom, procédures hors-ligne.;Mode dégradé, restauration, canaux alternatifs, contrôle intégrité.;Moyenne;Élevée;Moyenne;évacuation, coupures, fumées
268;Aléa naturel;Feu de forêt;Feu proche d’un site;Informatique / numérique;Cyberattaque opportuniste pendant la crise (phishing, ransom, DDoS);Cyberattaque opportuniste pendant la crise (phishing, ransom, DDoS) — Dans le contexte « Feu de forêt » (Aléa naturel). Feu proche d’un site. Points sensibles : évacuation, coupures, fumées.;Exemple : Feu de forêt → cyberattaque opportuniste pendant la crise (phishing, ransom, ddos) (ex. décisions immédiates, coordination, reprise).;Perte outils, rupture communications, fuite info.;Segmentation, sauvegardes, redondance télécom, procédures hors-ligne.;Mode dégradé, restauration, canaux alternatifs, contrôle intégrité.;Moyenne;Élevée;Moyenne;évacuation, coupures, fumées
269;Aléa naturel;Feu de forêt;Feu proche d’un site;Défaillance / résilience;Effet domino multi-réseaux (énergie + télécom + eau);Effet domino multi-réseaux (énergie + télécom + eau) — Dans le contexte « Feu de forêt » (Aléa naturel). Feu proche d’un site. Points sensibles : évacuation, coupures, fumées.;Exemple : Feu de forêt → effet domino multi-réseaux (énergie + télécom + eau) (ex. décisions immédiates, coordination, reprise).;Domino multi-systèmes, crise prolongée, défaillance gouvernance.;Tests de résilience, exercices multi-crises, cartographie dépendances.;Limiter le domino, renforcer gouvernance, cellules spécialisées, REX.;Moyenne;Élevée;Moyenne;évacuation, coupures, fumées
270;Aléa naturel;Feu de forêt;Feu proche d’un site;Défaillance / résilience;Défaillance d’un acteur clé (prestataire, fournisseur, opérateur);Défaillance d’un acteur clé (prestataire, fournisseur, opérateur) — Dans le contexte « Feu de forêt » (Aléa naturel). Feu proche d’un site. Points sensibles : évacuation, coupures, fumées.;Exemple : Feu de forêt → défaillance d’un acteur clé (prestataire, fournisseur, opérateur) (ex. décisions immédiates, coordination, reprise).;Domino multi-systèmes, crise prolongée, défaillance gouvernance.;Tests de résilience, exercices multi-crises, cartographie dépendances.;Limiter le domino, renforcer gouvernance, cellules spécialisées, REX.;Moyenne;Élevée;Moyenne;évacuation, coupures, fumées
271;Aléa naturel;Submersion marine;Submersion / marée de tempête;Opérationnel;Arrêt immédiat des activités et sécurisation du périmètre;Arrêt immédiat des activités et sécurisation du périmètre — Dans le contexte « Submersion marine » (Aléa naturel). Submersion / marée de tempête. Points sensibles : infrastructures côtières impactées.;Exemple : Submersion marine → arrêt immédiat des activités et sécurisation du périmètre (ex. décisions immédiates, coordination, reprise).;Arrêt/retards, mode dégradé, impacts usagers/clients.;PCA/PRA, procédures mode dégradé, exercices réguliers, annuaire crise.;Arrêt sécurisé, priorisation activités, cellule terrain, points de situation.;Moyenne;Élevée;Moyenne;infrastructures côtières impactées
272;Aléa naturel;Submersion marine;Submersion / marée de tempête;Opérationnel;Désorganisation de la coordination multi-acteurs (secours, autorités, partenaires);Désorganisation de la coordination multi-acteurs (secours, autorités, partenaires) — Dans le contexte « Submersion marine » (Aléa naturel). Submersion / marée de tempête. Points sensibles : infrastructures côtières impactées.;Exemple : Submersion marine → désorganisation de la coordination multi-acteurs (secours, autorités, partenaires) (ex. décisions immédiates, coordination, reprise).;Arrêt/retards, mode dégradé, impacts usagers/clients.;PCA/PRA, procédures mode dégradé, exercices réguliers, annuaire crise.;Arrêt sécurisé, priorisation activités, cellule terrain, points de situation.;Moyenne;Élevée;Moyenne;infrastructures côtières impactées
273;Aléa naturel;Submersion marine;Submersion / marée de tempête;Industriel / technique;Destruction d’ouvrages ou d’équipements critiques;Destruction d’ouvrages ou d’équipements critiques — Dans le contexte « Submersion marine » (Aléa naturel). Submersion / marée de tempête. Points sensibles : infrastructures côtières impactées.;Exemple : Submersion marine → destruction d’ouvrages ou d’équipements critiques (ex. décisions immédiates, coordination, reprise).;Dommages matériels, risques de sur-accident, indisponibilité d’équipements.;Maintenance préventive, inspections, redondances techniques, permis de travail.;Mise en sécurité, réparations, expertises, reprise sous conditions.;Moyenne;Élevée;Moyenne;infrastructures côtières impactées
274;Aléa naturel;Submersion marine;Submersion / marée de tempête;Industriel / technique;Déclenchement de sécurités et arrêt automatique des systèmes;Déclenchement de sécurités et arrêt automatique des systèmes — Dans le contexte « Submersion marine » (Aléa naturel). Submersion / marée de tempête. Points sensibles : infrastructures côtières impactées.;Exemple : Submersion marine → déclenchement de sécurités et arrêt automatique des systèmes (ex. décisions immédiates, coordination, reprise).;Dommages matériels, risques de sur-accident, indisponibilité d’équipements.;Maintenance préventive, inspections, redondances techniques, permis de travail.;Mise en sécurité, réparations, expertises, reprise sous conditions.;Moyenne;Élevée;Moyenne;infrastructures côtières impactées
275;Aléa naturel;Submersion marine;Submersion / marée de tempête;Ressources humaines;Traumatisme des équipes et stress post-évènement (RPS);Traumatisme des équipes et stress post-évènement (RPS) — Dans le contexte « Submersion marine » (Aléa naturel). Submersion / marée de tempête. Points sensibles : infrastructures côtières impactées.;Exemple : Submersion marine → traumatisme des équipes et stress post-évènement (rps) (ex. décisions immédiates, coordination, reprise).;Choc, fatigue, absentéisme, tensions sociales.;Prévention RPS, formation managers, rotations astreinte, culture Stop Work.;Soutien psychologique, communication interne, renforts, repos imposé.;Moyenne;Élevée;Moyenne;infrastructures côtières impactées
276;Aléa naturel;Submersion marine;Submersion / marée de tempête;Ressources humaines;Exposition à des risques physiques (chaleur, fumées, toxiques);Exposition à des risques physiques (chaleur, fumées, toxiques) — Dans le contexte « Submersion marine » (Aléa naturel). Submersion / marée de tempête. Points sensibles : infrastructures côtières impactées.;Exemple : Submersion marine → exposition à des risques physiques (chaleur, fumées, toxiques) (ex. décisions immédiates, coordination, reprise).;Choc, fatigue, absentéisme, tensions sociales.;Prévention RPS, formation managers, rotations astreinte, culture Stop Work.;Soutien psychologique, communication interne, renforts, repos imposé.;Moyenne;Élevée;Moyenne;infrastructures côtières impactées
277;Aléa naturel;Submersion marine;Submersion / marée de tempête;Juridique / conformité;Mise en cause pénale (accident grave, mise en danger, pollution);Mise en cause pénale (accident grave, mise en danger, pollution) — Dans le contexte « Submersion marine » (Aléa naturel). Submersion / marée de tempête. Points sensibles : infrastructures côtières impactées.;Exemple : Submersion marine → mise en cause pénale (accident grave, mise en danger, pollution) (ex. décisions immédiates, coordination, reprise).;Enquêtes, obligations, contentieux, sanctions.;Veille réglementaire, audits, plans de prévention, conservation des preuves.;Déclarations, interface autorités, stratégie contentieuse, documentation.;Moyenne;Critique;Élevée;infrastructures côtières impactées
278;Aléa naturel;Submersion marine;Submersion / marée de tempête;Juridique / conformité;Contentieux contractuels (pénalités, retards, responsabilités);Contentieux contractuels (pénalités, retards, responsabilités) — Dans le contexte « Submersion marine » (Aléa naturel). Submersion / marée de tempête. Points sensibles : infrastructures côtières impactées.;Exemple : Submersion marine → contentieux contractuels (pénalités, retards, responsabilités) (ex. décisions immédiates, coordination, reprise).;Enquêtes, obligations, contentieux, sanctions.;Veille réglementaire, audits, plans de prévention, conservation des preuves.;Déclarations, interface autorités, stratégie contentieuse, documentation.;Moyenne;Critique;Élevée;infrastructures côtières impactées
279;Aléa naturel;Submersion marine;Submersion / marée de tempête;Financier;Coûts de réparation et de remise en état (ouvrages, équipements);Coûts de réparation et de remise en état (ouvrages, équipements) — Dans le contexte « Submersion marine » (Aléa naturel). Submersion / marée de tempête. Points sensibles : infrastructures côtières impactées.;Exemple : Submersion marine → coûts de réparation et de remise en état (ouvrages, équipements) (ex. décisions immédiates, coordination, reprise).;Pertes d’exploitation, coûts de remise en état, hausse primes/franchises.;Assurances adaptées, budgets d’urgence, suivi trésorerie, clauses contractuelles.;Activation fonds d’urgence, suivi coûts, déclaration assureur, mitigation pénalités.;Moyenne;Élevée;Moyenne;infrastructures côtières impactées
280;Aléa naturel;Submersion marine;Submersion / marée de tempête;Financier;Hausse des primes, franchises et difficultés d’assurabilité;Hausse des primes, franchises et difficultés d’assurabilité — Dans le contexte « Submersion marine » (Aléa naturel). Submersion / marée de tempête. Points sensibles : infrastructures côtières impactées.;Exemple : Submersion marine → hausse des primes, franchises et difficultés d’assurabilité (ex. décisions immédiates, coordination, reprise).;Pertes d’exploitation, coûts de remise en état, hausse primes/franchises.;Assurances adaptées, budgets d’urgence, suivi trésorerie, clauses contractuelles.;Activation fonds d’urgence, suivi coûts, déclaration assureur, mitigation pénalités.;Moyenne;Élevée;Moyenne;infrastructures côtières impactées
281;Aléa naturel;Submersion marine;Submersion / marée de tempête;Image / réputation;Médiatisation nationale / locale et perte de confiance;Médiatisation nationale / locale et perte de confiance — Dans le contexte « Submersion marine » (Aléa naturel). Submersion / marée de tempête. Points sensibles : infrastructures côtières impactées.;Exemple : Submersion marine → médiatisation nationale / locale et perte de confiance (ex. décisions immédiates, coordination, reprise).;Perte de confiance, pression médiatique, rumeurs.;Veille médias, porte-parole, éléments de langage, charte RS.;Communication factuelle/empathetic, lutte rumeurs, coordination autorités.;Moyenne;Élevée;Moyenne;infrastructures côtières impactées
282;Aléa naturel;Submersion marine;Submersion / marée de tempête;Image / réputation;Perception d’impréparation ou de manque de transparence;Perception d’impréparation ou de manque de transparence — Dans le contexte « Submersion marine » (Aléa naturel). Submersion / marée de tempête. Points sensibles : infrastructures côtières impactées.;Exemple : Submersion marine → perception d’impréparation ou de manque de transparence (ex. décisions immédiates, coordination, reprise).;Perte de confiance, pression médiatique, rumeurs.;Veille médias, porte-parole, éléments de langage, charte RS.;Communication factuelle/empathetic, lutte rumeurs, coordination autorités.;Moyenne;Élevée;Moyenne;infrastructures côtières impactées
283;Aléa naturel;Submersion marine;Submersion / marée de tempête;Géopolitique / institutionnel;Intervention de l’État / autorités (préfecture, inspection, régulateur);Intervention de l’État / autorités (préfecture, inspection, régulateur) — Dans le contexte « Submersion marine » (Aléa naturel). Submersion / marée de tempête. Points sensibles : infrastructures côtières impactées.;Exemple : Submersion marine → intervention de l’état / autorités (préfecture, inspection, régulateur) (ex. décisions immédiates, coordination, reprise).;Injonctions, contrôles, arbitrages publics, priorisation ressources.;Veille institutionnelle, carto parties prenantes, protocoles autorités.;Coordination préf/mairie/régulateurs, demandes de moyens publics.;Moyenne;Élevée;Moyenne;infrastructures côtières impactées
284;Aléa naturel;Submersion marine;Submersion / marée de tempête;Géopolitique / institutionnel;Priorisation nationale des ressources (énergie, santé, sécurité);Priorisation nationale des ressources (énergie, santé, sécurité) — Dans le contexte « Submersion marine » (Aléa naturel). Submersion / marée de tempête. Points sensibles : infrastructures côtières impactées.;Exemple : Submersion marine → priorisation nationale des ressources (énergie, santé, sécurité) (ex. décisions immédiates, coordination, reprise).;Injonctions, contrôles, arbitrages publics, priorisation ressources.;Veille institutionnelle, carto parties prenantes, protocoles autorités.;Coordination préf/mairie/régulateurs, demandes de moyens publics.;Moyenne;Élevée;Moyenne;infrastructures côtières impactées
285;Aléa naturel;Submersion marine;Submersion / marée de tempête;Informatique / numérique;Perte du SI local (supervision, communications, annuaire, outils métier);Perte du SI local (supervision, communications, annuaire, outils métier) — Dans le contexte « Submersion marine » (Aléa naturel). Submersion / marée de tempête. Points sensibles : infrastructures côtières impactées.;Exemple : Submersion marine → perte du si local (supervision, communications, annuaire, outils métier) (ex. décisions immédiates, coordination, reprise).;Perte outils, rupture communications, fuite info.;Segmentation, sauvegardes, redondance télécom, procédures hors-ligne.;Mode dégradé, restauration, canaux alternatifs, contrôle intégrité.;Moyenne;Élevée;Moyenne;infrastructures côtières impactées
286;Aléa naturel;Submersion marine;Submersion / marée de tempête;Informatique / numérique;Cyberattaque opportuniste pendant la crise (phishing, ransom, DDoS);Cyberattaque opportuniste pendant la crise (phishing, ransom, DDoS) — Dans le contexte « Submersion marine » (Aléa naturel). Submersion / marée de tempête. Points sensibles : infrastructures côtières impactées.;Exemple : Submersion marine → cyberattaque opportuniste pendant la crise (phishing, ransom, ddos) (ex. décisions immédiates, coordination, reprise).;Perte outils, rupture communications, fuite info.;Segmentation, sauvegardes, redondance télécom, procédures hors-ligne.;Mode dégradé, restauration, canaux alternatifs, contrôle intégrité.;Moyenne;Élevée;Moyenne;infrastructures côtières impactées
287;Aléa naturel;Submersion marine;Submersion / marée de tempête;Défaillance / résilience;Effet domino multi-réseaux (énergie + télécom + eau);Effet domino multi-réseaux (énergie + télécom + eau) — Dans le contexte « Submersion marine » (Aléa naturel). Submersion / marée de tempête. Points sensibles : infrastructures côtières impactées.;Exemple : Submersion marine → effet domino multi-réseaux (énergie + télécom + eau) (ex. décisions immédiates, coordination, reprise).;Domino multi-systèmes, crise prolongée, défaillance gouvernance.;Tests de résilience, exercices multi-crises, cartographie dépendances.;Limiter le domino, renforcer gouvernance, cellules spécialisées, REX.;Moyenne;Élevée;Moyenne;infrastructures côtières impactées
288;Aléa naturel;Submersion marine;Submersion / marée de tempête;Défaillance / résilience;Défaillance d’un acteur clé (prestataire, fournisseur, opérateur);Défaillance d’un acteur clé (prestataire, fournisseur, opérateur) — Dans le contexte « Submersion marine » (Aléa naturel). Submersion / marée de tempête. Points sensibles : infrastructures côtières impactées.;Exemple : Submersion marine → défaillance d’un acteur clé (prestataire, fournisseur, opérateur) (ex. décisions immédiates, coordination, reprise).;Domino multi-systèmes, crise prolongée, défaillance gouvernance.;Tests de résilience, exercices multi-crises, cartographie dépendances.;Limiter le domino, renforcer gouvernance, cellules spécialisées, REX.;Moyenne;Élevée;Moyenne;infrastructures côtières impactées
289;Invasion;Invasion humaine;Afflux massif sur site / occupation;Opérationnel;Arrêt immédiat des activités et sécurisation du périmètre;Arrêt immédiat des activités et sécurisation du périmètre — Dans le contexte « Invasion humaine » (Invasion). Afflux massif sur site / occupation. Points sensibles : sûreté, accès, continuité.;Exemple : Invasion humaine → arrêt immédiat des activités et sécurisation du périmètre (ex. décisions immédiates, coordination, reprise).;Arrêt/retards, mode dégradé, impacts usagers/clients.;PCA/PRA, procédures mode dégradé, exercices réguliers, annuaire crise.;Arrêt sécurisé, priorisation activités, cellule terrain, points de situation.;Moyenne;Élevée;Moyenne;sûreté, accès, continuité
290;Invasion;Invasion humaine;Afflux massif sur site / occupation;Opérationnel;Désorganisation de la coordination multi-acteurs (secours, autorités, partenaires);Désorganisation de la coordination multi-acteurs (secours, autorités, partenaires) — Dans le contexte « Invasion humaine » (Invasion). Afflux massif sur site / occupation. Points sensibles : sûreté, accès, continuité.;Exemple : Invasion humaine → désorganisation de la coordination multi-acteurs (secours, autorités, partenaires) (ex. décisions immédiates, coordination, reprise).;Arrêt/retards, mode dégradé, impacts usagers/clients.;PCA/PRA, procédures mode dégradé, exercices réguliers, annuaire crise.;Arrêt sécurisé, priorisation activités, cellule terrain, points de situation.;Moyenne;Élevée;Moyenne;sûreté, accès, continuité
291;Invasion;Invasion humaine;Afflux massif sur site / occupation;Industriel / technique;Destruction d’ouvrages ou d’équipements critiques;Destruction d’ouvrages ou d’équipements critiques — Dans le contexte « Invasion humaine » (Invasion). Afflux massif sur site / occupation. Points sensibles : sûreté, accès, continuité.;Exemple : Invasion humaine → destruction d’ouvrages ou d’équipements critiques (ex. décisions immédiates, coordination, reprise).;Dommages matériels, risques de sur-accident, indisponibilité d’équipements.;Maintenance préventive, inspections, redondances techniques, permis de travail.;Mise en sécurité, réparations, expertises, reprise sous conditions.;Moyenne;Élevée;Moyenne;sûreté, accès, continuité
292;Invasion;Invasion humaine;Afflux massif sur site / occupation;Industriel / technique;Déclenchement de sécurités et arrêt automatique des systèmes;Déclenchement de sécurités et arrêt automatique des systèmes — Dans le contexte « Invasion humaine » (Invasion). Afflux massif sur site / occupation. Points sensibles : sûreté, accès, continuité.;Exemple : Invasion humaine → déclenchement de sécurités et arrêt automatique des systèmes (ex. décisions immédiates, coordination, reprise).;Dommages matériels, risques de sur-accident, indisponibilité d’équipements.;Maintenance préventive, inspections, redondances techniques, permis de travail.;Mise en sécurité, réparations, expertises, reprise sous conditions.;Moyenne;Élevée;Moyenne;sûreté, accès, continuité
293;Invasion;Invasion humaine;Afflux massif sur site / occupation;Ressources humaines;Traumatisme des équipes et stress post-évènement (RPS);Traumatisme des équipes et stress post-évènement (RPS) — Dans le contexte « Invasion humaine » (Invasion). Afflux massif sur site / occupation. Points sensibles : sûreté, accès, continuité.;Exemple : Invasion humaine → traumatisme des équipes et stress post-évènement (rps) (ex. décisions immédiates, coordination, reprise).;Choc, fatigue, absentéisme, tensions sociales.;Prévention RPS, formation managers, rotations astreinte, culture Stop Work.;Soutien psychologique, communication interne, renforts, repos imposé.;Moyenne;Élevée;Moyenne;sûreté, accès, continuité
294;Invasion;Invasion humaine;Afflux massif sur site / occupation;Ressources humaines;Exposition à des risques physiques (chaleur, fumées, toxiques);Exposition à des risques physiques (chaleur, fumées, toxiques) — Dans le contexte « Invasion humaine » (Invasion). Afflux massif sur site / occupation. Points sensibles : sûreté, accès, continuité.;Exemple : Invasion humaine → exposition à des risques physiques (chaleur, fumées, toxiques) (ex. décisions immédiates, coordination, reprise).;Choc, fatigue, absentéisme, tensions sociales.;Prévention RPS, formation managers, rotations astreinte, culture Stop Work.;Soutien psychologique, communication interne, renforts, repos imposé.;Moyenne;Élevée;Moyenne;sûreté, accès, continuité
295;Invasion;Invasion humaine;Afflux massif sur site / occupation;Juridique / conformité;Mise en cause pénale (accident grave, mise en danger, pollution);Mise en cause pénale (accident grave, mise en danger, pollution) — Dans le contexte « Invasion humaine » (Invasion). Afflux massif sur site / occupation. Points sensibles : sûreté, accès, continuité.;Exemple : Invasion humaine → mise en cause pénale (accident grave, mise en danger, pollution) (ex. décisions immédiates, coordination, reprise).;Enquêtes, obligations, contentieux, sanctions.;Veille réglementaire, audits, plans de prévention, conservation des preuves.;Déclarations, interface autorités, stratégie contentieuse, documentation.;Moyenne;Critique;Élevée;sûreté, accès, continuité
296;Invasion;Invasion humaine;Afflux massif sur site / occupation;Juridique / conformité;Contentieux contractuels (pénalités, retards, responsabilités);Contentieux contractuels (pénalités, retards, responsabilités) — Dans le contexte « Invasion humaine » (Invasion). Afflux massif sur site / occupation. Points sensibles : sûreté, accès, continuité.;Exemple : Invasion humaine → contentieux contractuels (pénalités, retards, responsabilités) (ex. décisions immédiates, coordination, reprise).;Enquêtes, obligations, contentieux, sanctions.;Veille réglementaire, audits, plans de prévention, conservation des preuves.;Déclarations, interface autorités, stratégie contentieuse, documentation.;Moyenne;Critique;Élevée;sûreté, accès, continuité
297;Invasion;Invasion humaine;Afflux massif sur site / occupation;Financier;Coûts de réparation et de remise en état (ouvrages, équipements);Coûts de réparation et de remise en état (ouvrages, équipements) — Dans le contexte « Invasion humaine » (Invasion). Afflux massif sur site / occupation. Points sensibles : sûreté, accès, continuité.;Exemple : Invasion humaine → coûts de réparation et de remise en état (ouvrages, équipements) (ex. décisions immédiates, coordination, reprise).;Pertes d’exploitation, coûts de remise en état, hausse primes/franchises.;Assurances adaptées, budgets d’urgence, suivi trésorerie, clauses contractuelles.;Activation fonds d’urgence, suivi coûts, déclaration assureur, mitigation pénalités.;Moyenne;Élevée;Moyenne;sûreté, accès, continuité
298;Invasion;Invasion humaine;Afflux massif sur site / occupation;Financier;Hausse des primes, franchises et difficultés d’assurabilité;Hausse des primes, franchises et difficultés d’assurabilité — Dans le contexte « Invasion humaine » (Invasion). Afflux massif sur site / occupation. Points sensibles : sûreté, accès, continuité.;Exemple : Invasion humaine → hausse des primes, franchises et difficultés d’assurabilité (ex. décisions immédiates, coordination, reprise).;Pertes d’exploitation, coûts de remise en état, hausse primes/franchises.;Assurances adaptées, budgets d’urgence, suivi trésorerie, clauses contractuelles.;Activation fonds d’urgence, suivi coûts, déclaration assureur, mitigation pénalités.;Moyenne;Élevée;Moyenne;sûreté, accès, continuité
299;Invasion;Invasion humaine;Afflux massif sur site / occupation;Image / réputation;Médiatisation nationale / locale et perte de confiance;Médiatisation nationale / locale et perte de confiance — Dans le contexte « Invasion humaine » (Invasion). Afflux massif sur site / occupation. Points sensibles : sûreté, accès, continuité.;Exemple : Invasion humaine → médiatisation nationale / locale et perte de confiance (ex. décisions immédiates, coordination, reprise).;Perte de confiance, pression médiatique, rumeurs.;Veille médias, porte-parole, éléments de langage, charte RS.;Communication factuelle/empathetic, lutte rumeurs, coordination autorités.;Moyenne;Élevée;Moyenne;sûreté, accès, continuité
300;Invasion;Invasion humaine;Afflux massif sur site / occupation;Image / réputation;Perception d’impréparation ou de manque de transparence;Perception d’impréparation ou de manque de transparence — Dans le contexte « Invasion humaine » (Invasion). Afflux massif sur site / occupation. Points sensibles : sûreté, accès, continuité.;Exemple : Invasion humaine → perception d’impréparation ou de manque de transparence (ex. décisions immédiates, coordination, reprise).;Perte de confiance, pression médiatique, rumeurs.;Veille médias, porte-parole, éléments de langage, charte RS.;Communication factuelle/empathetic, lutte rumeurs, coordination autorités.;Moyenne;Élevée;Moyenne;sûreté, accès, continuité
301;Invasion;Invasion humaine;Afflux massif sur site / occupation;Géopolitique / institutionnel;Intervention de l’État / autorités (préfecture, inspection, régulateur);Intervention de l’État / autorités (préfecture, inspection, régulateur) — Dans le contexte « Invasion humaine » (Invasion). Afflux massif sur site / occupation. Points sensibles : sûreté, accès, continuité.;Exemple : Invasion humaine → intervention de l’état / autorités (préfecture, inspection, régulateur) (ex. décisions immédiates, coordination, reprise).;Injonctions, contrôles, arbitrages publics, priorisation ressources.;Veille institutionnelle, carto parties prenantes, protocoles autorités.;Coordination préf/mairie/régulateurs, demandes de moyens publics.;Moyenne;Élevée;Moyenne;sûreté, accès, continuité
302;Invasion;Invasion humaine;Afflux massif sur site / occupation;Géopolitique / institutionnel;Priorisation nationale des ressources (énergie, santé, sécurité);Priorisation nationale des ressources (énergie, santé, sécurité) — Dans le contexte « Invasion humaine » (Invasion). Afflux massif sur site / occupation. Points sensibles : sûreté, accès, continuité.;Exemple : Invasion humaine → priorisation nationale des ressources (énergie, santé, sécurité) (ex. décisions immédiates, coordination, reprise).;Injonctions, contrôles, arbitrages publics, priorisation ressources.;Veille institutionnelle, carto parties prenantes, protocoles autorités.;Coordination préf/mairie/régulateurs, demandes de moyens publics.;Moyenne;Élevée;Moyenne;sûreté, accès, continuité
303;Invasion;Invasion humaine;Afflux massif sur site / occupation;Informatique / numérique;Perte du SI local (supervision, communications, annuaire, outils métier);Perte du SI local (supervision, communications, annuaire, outils métier) — Dans le contexte « Invasion humaine » (Invasion). Afflux massif sur site / occupation. Points sensibles : sûreté, accès, continuité.;Exemple : Invasion humaine → perte du si local (supervision, communications, annuaire, outils métier) (ex. décisions immédiates, coordination, reprise).;Perte outils, rupture communications, fuite info.;Segmentation, sauvegardes, redondance télécom, procédures hors-ligne.;Mode dégradé, restauration, canaux alternatifs, contrôle intégrité.;Moyenne;Élevée;Moyenne;sûreté, accès, continuité
304;Invasion;Invasion humaine;Afflux massif sur site / occupation;Informatique / numérique;Cyberattaque opportuniste pendant la crise (phishing, ransom, DDoS);Cyberattaque opportuniste pendant la crise (phishing, ransom, DDoS) — Dans le contexte « Invasion humaine » (Invasion). Afflux massif sur site / occupation. Points sensibles : sûreté, accès, continuité.;Exemple : Invasion humaine → cyberattaque opportuniste pendant la crise (phishing, ransom, ddos) (ex. décisions immédiates, coordination, reprise).;Perte outils, rupture communications, fuite info.;Segmentation, sauvegardes, redondance télécom, procédures hors-ligne.;Mode dégradé, restauration, canaux alternatifs, contrôle intégrité.;Moyenne;Élevée;Moyenne;sûreté, accès, continuité
305;Invasion;Invasion humaine;Afflux massif sur site / occupation;Défaillance / résilience;Effet domino multi-réseaux (énergie + télécom + eau);Effet domino multi-réseaux (énergie + télécom + eau) — Dans le contexte « Invasion humaine » (Invasion). Afflux massif sur site / occupation. Points sensibles : sûreté, accès, continuité.;Exemple : Invasion humaine → effet domino multi-réseaux (énergie + télécom + eau) (ex. décisions immédiates, coordination, reprise).;Domino multi-systèmes, crise prolongée, défaillance gouvernance.;Tests de résilience, exercices multi-crises, cartographie dépendances.;Limiter le domino, renforcer gouvernance, cellules spécialisées, REX.;Moyenne;Élevée;Moyenne;sûreté, accès, continuité
306;Invasion;Invasion humaine;Afflux massif sur site / occupation;Défaillance / résilience;Défaillance d’un acteur clé (prestataire, fournisseur, opérateur);Défaillance d’un acteur clé (prestataire, fournisseur, opérateur) — Dans le contexte « Invasion humaine » (Invasion). Afflux massif sur site / occupation. Points sensibles : sûreté, accès, continuité.;Exemple : Invasion humaine → défaillance d’un acteur clé (prestataire, fournisseur, opérateur) (ex. décisions immédiates, coordination, reprise).;Domino multi-systèmes, crise prolongée, défaillance gouvernance.;Tests de résilience, exercices multi-crises, cartographie dépendances.;Limiter le domino, renforcer gouvernance, cellules spécialisées, REX.;Moyenne;Élevée;Moyenne;sûreté, accès, continuité
307;Invasion;Invasion animale volante;Essaims, oiseaux dans zones critiques;Opérationnel;Arrêt immédiat des activités et sécurisation du périmètre;Arrêt immédiat des activités et sécurisation du périmètre — Dans le contexte « Invasion animale volante » (Invasion). Essaims, oiseaux dans zones critiques. Points sensibles : risque collision, contamination.;Exemple : Invasion animale volante → arrêt immédiat des activités et sécurisation du périmètre (ex. décisions immédiates, coordination, reprise).;Arrêt/retards, mode dégradé, impacts usagers/clients.;PCA/PRA, procédures mode dégradé, exercices réguliers, annuaire crise.;Arrêt sécurisé, priorisation activités, cellule terrain, points de situation.;Moyenne;Élevée;Moyenne;risque collision, contamination
308;Invasion;Invasion animale volante;Essaims, oiseaux dans zones critiques;Opérationnel;Désorganisation de la coordination multi-acteurs (secours, autorités, partenaires);Désorganisation de la coordination multi-acteurs (secours, autorités, partenaires) — Dans le contexte « Invasion animale volante » (Invasion). Essaims, oiseaux dans zones critiques. Points sensibles : risque collision, contamination.;Exemple : Invasion animale volante → désorganisation de la coordination multi-acteurs (secours, autorités, partenaires) (ex. décisions immédiates, coordination, reprise).;Arrêt/retards, mode dégradé, impacts usagers/clients.;PCA/PRA, procédures mode dégradé, exercices réguliers, annuaire crise.;Arrêt sécurisé, priorisation activités, cellule terrain, points de situation.;Moyenne;Élevée;Moyenne;risque collision, contamination
309;Invasion;Invasion animale volante;Essaims, oiseaux dans zones critiques;Industriel / technique;Destruction d’ouvrages ou d’équipements critiques;Destruction d’ouvrages ou d’équipements critiques — Dans le contexte « Invasion animale volante » (Invasion). Essaims, oiseaux dans zones critiques. Points sensibles : risque collision, contamination.;Exemple : Invasion animale volante → destruction d’ouvrages ou d’équipements critiques (ex. décisions immédiates, coordination, reprise).;Dommages matériels, risques de sur-accident, indisponibilité d’équipements.;Maintenance préventive, inspections, redondances techniques, permis de travail.;Mise en sécurité, réparations, expertises, reprise sous conditions.;Moyenne;Élevée;Moyenne;risque collision, contamination
310;Invasion;Invasion animale volante;Essaims, oiseaux dans zones critiques;Industriel / technique;Déclenchement de sécurités et arrêt automatique des systèmes;Déclenchement de sécurités et arrêt automatique des systèmes — Dans le contexte « Invasion animale volante » (Invasion). Essaims, oiseaux dans zones critiques. Points sensibles : risque collision, contamination.;Exemple : Invasion animale volante → déclenchement de sécurités et arrêt automatique des systèmes (ex. décisions immédiates, coordination, reprise).;Dommages matériels, risques de sur-accident, indisponibilité d’équipements.;Maintenance préventive, inspections, redondances techniques, permis de travail.;Mise en sécurité, réparations, expertises, reprise sous conditions.;Moyenne;Élevée;Moyenne;risque collision, contamination
311;Invasion;Invasion animale volante;Essaims, oiseaux dans zones critiques;Ressources humaines;Traumatisme des équipes et stress post-évènement (RPS);Traumatisme des équipes et stress post-évènement (RPS) — Dans le contexte « Invasion animale volante » (Invasion). Essaims, oiseaux dans zones critiques. Points sensibles : risque collision, contamination.;Exemple : Invasion animale volante → traumatisme des équipes et stress post-évènement (rps) (ex. décisions immédiates, coordination, reprise).;Choc, fatigue, absentéisme, tensions sociales.;Prévention RPS, formation managers, rotations astreinte, culture Stop Work.;Soutien psychologique, communication interne, renforts, repos imposé.;Moyenne;Élevée;Moyenne;risque collision, contamination
312;Invasion;Invasion animale volante;Essaims, oiseaux dans zones critiques;Ressources humaines;Exposition à des risques physiques (chaleur, fumées, toxiques);Exposition à des risques physiques (chaleur, fumées, toxiques) — Dans le contexte « Invasion animale volante » (Invasion). Essaims, oiseaux dans zones critiques. Points sensibles : risque collision, contamination.;Exemple : Invasion animale volante → exposition à des risques physiques (chaleur, fumées, toxiques) (ex. décisions immédiates, coordination, reprise).;Choc, fatigue, absentéisme, tensions sociales.;Prévention RPS, formation managers, rotations astreinte, culture Stop Work.;Soutien psychologique, communication interne, renforts, repos imposé.;Moyenne;Élevée;Moyenne;risque collision, contamination
313;Invasion;Invasion animale volante;Essaims, oiseaux dans zones critiques;Juridique / conformité;Mise en cause pénale (accident grave, mise en danger, pollution);Mise en cause pénale (accident grave, mise en danger, pollution) — Dans le contexte « Invasion animale volante » (Invasion). Essaims, oiseaux dans zones critiques. Points sensibles : risque collision, contamination.;Exemple : Invasion animale volante → mise en cause pénale (accident grave, mise en danger, pollution) (ex. décisions immédiates, coordination, reprise).;Enquêtes, obligations, contentieux, sanctions.;Veille réglementaire, audits, plans de prévention, conservation des preuves.;Déclarations, interface autorités, stratégie contentieuse, documentation.;Moyenne;Critique;Élevée;risque collision, contamination
314;Invasion;Invasion animale volante;Essaims, oiseaux dans zones critiques;Juridique / conformité;Contentieux contractuels (pénalités, retards, responsabilités);Contentieux contractuels (pénalités, retards, responsabilités) — Dans le contexte « Invasion animale volante » (Invasion). Essaims, oiseaux dans zones critiques. Points sensibles : risque collision, contamination.;Exemple : Invasion animale volante → contentieux contractuels (pénalités, retards, responsabilités) (ex. décisions immédiates, coordination, reprise).;Enquêtes, obligations, contentieux, sanctions.;Veille réglementaire, audits, plans de prévention, conservation des preuves.;Déclarations, interface autorités, stratégie contentieuse, documentation.;Moyenne;Critique;Élevée;risque collision, contamination
315;Invasion;Invasion animale volante;Essaims, oiseaux dans zones critiques;Financier;Coûts de réparation et de remise en état (ouvrages, équipements);Coûts de réparation et de remise en état (ouvrages, équipements) — Dans le contexte « Invasion animale volante » (Invasion). Essaims, oiseaux dans zones critiques. Points sensibles : risque collision, contamination.;Exemple : Invasion animale volante → coûts de réparation et de remise en état (ouvrages, équipements) (ex. décisions immédiates, coordination, reprise).;Pertes d’exploitation, coûts de remise en état, hausse primes/franchises.;Assurances adaptées, budgets d’urgence, suivi trésorerie, clauses contractuelles.;Activation fonds d’urgence, suivi coûts, déclaration assureur, mitigation pénalités.;Moyenne;Élevée;Moyenne;risque collision, contamination
316;Invasion;Invasion animale volante;Essaims, oiseaux dans zones critiques;Financier;Hausse des primes, franchises et difficultés d’assurabilité;Hausse des primes, franchises et difficultés d’assurabilité — Dans le contexte « Invasion animale volante » (Invasion). Essaims, oiseaux dans zones critiques. Points sensibles : risque collision, contamination.;Exemple : Invasion animale volante → hausse des primes, franchises et difficultés d’assurabilité (ex. décisions immédiates, coordination, reprise).;Pertes d’exploitation, coûts de remise en état, hausse primes/franchises.;Assurances adaptées, budgets d’urgence, suivi trésorerie, clauses contractuelles.;Activation fonds d’urgence, suivi coûts, déclaration assureur, mitigation pénalités.;Moyenne;Élevée;Moyenne;risque collision, contamination
317;Invasion;Invasion animale volante;Essaims, oiseaux dans zones critiques;Image / réputation;Médiatisation nationale / locale et perte de confiance;Médiatisation nationale / locale et perte de confiance — Dans le contexte « Invasion animale volante » (Invasion). Essaims, oiseaux dans zones critiques. Points sensibles : risque collision, contamination.;Exemple : Invasion animale volante → médiatisation nationale / locale et perte de confiance (ex. décisions immédiates, coordination, reprise).;Perte de confiance, pression médiatique, rumeurs.;Veille médias, porte-parole, éléments de langage, charte RS.;Communication factuelle/empathetic, lutte rumeurs, coordination autorités.;Moyenne;Élevée;Moyenne;risque collision, contamination
318;Invasion;Invasion animale volante;Essaims, oiseaux dans zones critiques;Image / réputation;Perception d’impréparation ou de manque de transparence;Perception d’impréparation ou de manque de transparence — Dans le contexte « Invasion animale volante » (Invasion). Essaims, oiseaux dans zones critiques. Points sensibles : risque collision, contamination.;Exemple : Invasion animale volante → perception d’impréparation ou de manque de transparence (ex. décisions immédiates, coordination, reprise).;Perte de confiance, pression médiatique, rumeurs.;Veille médias, porte-parole, éléments de langage, charte RS.;Communication factuelle/empathetic, lutte rumeurs, coordination autorités.;Moyenne;Élevée;Moyenne;risque collision, contamination
319;Invasion;Invasion animale volante;Essaims, oiseaux dans zones critiques;Géopolitique / institutionnel;Intervention de l’État / autorités (préfecture, inspection, régulateur);Intervention de l’État / autorités (préfecture, inspection, régulateur) — Dans le contexte « Invasion animale volante » (Invasion). Essaims, oiseaux dans zones critiques. Points sensibles : risque collision, contamination.;Exemple : Invasion animale volante → intervention de l’état / autorités (préfecture, inspection, régulateur) (ex. décisions immédiates, coordination, reprise).;Injonctions, contrôles, arbitrages publics, priorisation ressources.;Veille institutionnelle, carto parties prenantes, protocoles autorités.;Coordination préf/mairie/régulateurs, demandes de moyens publics.;Moyenne;Élevée;Moyenne;risque collision, contamination
320;Invasion;Invasion animale volante;Essaims, oiseaux dans zones critiques;Géopolitique / institutionnel;Priorisation nationale des ressources (énergie, santé, sécurité);Priorisation nationale des ressources (énergie, santé, sécurité) — Dans le contexte « Invasion animale volante » (Invasion). Essaims, oiseaux dans zones critiques. Points sensibles : risque collision, contamination.;Exemple : Invasion animale volante → priorisation nationale des ressources (énergie, santé, sécurité) (ex. décisions immédiates, coordination, reprise).;Injonctions, contrôles, arbitrages publics, priorisation ressources.;Veille institutionnelle, carto parties prenantes, protocoles autorités.;Coordination préf/mairie/régulateurs, demandes de moyens publics.;Moyenne;Élevée;Moyenne;risque collision, contamination
321;Invasion;Invasion animale volante;Essaims, oiseaux dans zones critiques;Informatique / numérique;Perte du SI local (supervision, communications, annuaire, outils métier);Perte du SI local (supervision, communications, annuaire, outils métier) — Dans le contexte « Invasion animale volante » (Invasion). Essaims, oiseaux dans zones critiques. Points sensibles : risque collision, contamination.;Exemple : Invasion animale volante → perte du si local (supervision, communications, annuaire, outils métier) (ex. décisions immédiates, coordination, reprise).;Perte outils, rupture communications, fuite info.;Segmentation, sauvegardes, redondance télécom, procédures hors-ligne.;Mode dégradé, restauration, canaux alternatifs, contrôle intégrité.;Moyenne;Élevée;Moyenne;risque collision, contamination
322;Invasion;Invasion animale volante;Essaims, oiseaux dans zones critiques;Informatique / numérique;Cyberattaque opportuniste pendant la crise (phishing, ransom, DDoS);Cyberattaque opportuniste pendant la crise (phishing, ransom, DDoS) — Dans le contexte « Invasion animale volante » (Invasion). Essaims, oiseaux dans zones critiques. Points sensibles : risque collision, contamination.;Exemple : Invasion animale volante → cyberattaque opportuniste pendant la crise (phishing, ransom, ddos) (ex. décisions immédiates, coordination, reprise).;Perte outils, rupture communications, fuite info.;Segmentation, sauvegardes, redondance télécom, procédures hors-ligne.;Mode dégradé, restauration, canaux alternatifs, contrôle intégrité.;Moyenne;Élevée;Moyenne;risque collision, contamination
323;Invasion;Invasion animale volante;Essaims, oiseaux dans zones critiques;Défaillance / résilience;Effet domino multi-réseaux (énergie + télécom + eau);Effet domino multi-réseaux (énergie + télécom + eau) — Dans le contexte « Invasion animale volante » (Invasion). Essaims, oiseaux dans zones critiques. Points sensibles : risque collision, contamination.;Exemple : Invasion animale volante → effet domino multi-réseaux (énergie + télécom + eau) (ex. décisions immédiates, coordination, reprise).;Domino multi-systèmes, crise prolongée, défaillance gouvernance.;Tests de résilience, exercices multi-crises, cartographie dépendances.;Limiter le domino, renforcer gouvernance, cellules spécialisées, REX.;Moyenne;Élevée;Moyenne;risque collision, contamination
324;Invasion;Invasion animale volante;Essaims, oiseaux dans zones critiques;Défaillance / résilience;Défaillance d’un acteur clé (prestataire, fournisseur, opérateur);Défaillance d’un acteur clé (prestataire, fournisseur, opérateur) — Dans le contexte « Invasion animale volante » (Invasion). Essaims, oiseaux dans zones critiques. Points sensibles : risque collision, contamination.;Exemple : Invasion animale volante → défaillance d’un acteur clé (prestataire, fournisseur, opérateur) (ex. décisions immédiates, coordination, reprise).;Domino multi-systèmes, crise prolongée, défaillance gouvernance.;Tests de résilience, exercices multi-crises, cartographie dépendances.;Limiter le domino, renforcer gouvernance, cellules spécialisées, REX.;Moyenne;Élevée;Moyenne;risque collision, contamination
325;Invasion;Invasion animale terrestre;Rongeurs/espèces nuisibles;Opérationnel;Arrêt immédiat des activités et sécurisation du périmètre;Arrêt immédiat des activités et sécurisation du périmètre — Dans le contexte « Invasion animale terrestre » (Invasion). Rongeurs/espèces nuisibles. Points sensibles : dégradations, hygiène.;Exemple : Invasion animale terrestre → arrêt immédiat des activités et sécurisation du périmètre (ex. décisions immédiates, coordination, reprise).;Arrêt/retards, mode dégradé, impacts usagers/clients.;PCA/PRA, procédures mode dégradé, exercices réguliers, annuaire crise.;Arrêt sécurisé, priorisation activités, cellule terrain, points de situation.;Moyenne;Élevée;Moyenne;dégradations, hygiène
326;Invasion;Invasion animale terrestre;Rongeurs/espèces nuisibles;Opérationnel;Désorganisation de la coordination multi-acteurs (secours, autorités, partenaires);Désorganisation de la coordination multi-acteurs (secours, autorités, partenaires) — Dans le contexte « Invasion animale terrestre » (Invasion). Rongeurs/espèces nuisibles. Points sensibles : dégradations, hygiène.;Exemple : Invasion animale terrestre → désorganisation de la coordination multi-acteurs (secours, autorités, partenaires) (ex. décisions immédiates, coordination, reprise).;Arrêt/retards, mode dégradé, impacts usagers/clients.;PCA/PRA, procédures mode dégradé, exercices réguliers, annuaire crise.;Arrêt sécurisé, priorisation activités, cellule terrain, points de situation.;Moyenne;Élevée;Moyenne;dégradations, hygiène
327;Invasion;Invasion animale terrestre;Rongeurs/espèces nuisibles;Industriel / technique;Destruction d’ouvrages ou d’équipements critiques;Destruction d’ouvrages ou d’équipements critiques — Dans le contexte « Invasion animale terrestre » (Invasion). Rongeurs/espèces nuisibles. Points sensibles : dégradations, hygiène.;Exemple : Invasion animale terrestre → destruction d’ouvrages ou d’équipements critiques (ex. décisions immédiates, coordination, reprise).;Dommages matériels, risques de sur-accident, indisponibilité d’équipements.;Maintenance préventive, inspections, redondances techniques, permis de travail.;Mise en sécurité, réparations, expertises, reprise sous conditions.;Moyenne;Élevée;Moyenne;dégradations, hygiène
328;Invasion;Invasion animale terrestre;Rongeurs/espèces nuisibles;Industriel / technique;Déclenchement de sécurités et arrêt automatique des systèmes;Déclenchement de sécurités et arrêt automatique des systèmes — Dans le contexte « Invasion animale terrestre » (Invasion). Rongeurs/espèces nuisibles. Points sensibles : dégradations, hygiène.;Exemple : Invasion animale terrestre → déclenchement de sécurités et arrêt automatique des systèmes (ex. décisions immédiates, coordination, reprise).;Dommages matériels, risques de sur-accident, indisponibilité d’équipements.;Maintenance préventive, inspections, redondances techniques, permis de travail.;Mise en sécurité, réparations, expertises, reprise sous conditions.;Moyenne;Élevée;Moyenne;dégradations, hygiène
329;Invasion;Invasion animale terrestre;Rongeurs/espèces nuisibles;Ressources humaines;Traumatisme des équipes et stress post-évènement (RPS);Traumatisme des équipes et stress post-évènement (RPS) — Dans le contexte « Invasion animale terrestre » (Invasion). Rongeurs/espèces nuisibles. Points sensibles : dégradations, hygiène.;Exemple : Invasion animale terrestre → traumatisme des équipes et stress post-évènement (rps) (ex. décisions immédiates, coordination, reprise).;Choc, fatigue, absentéisme, tensions sociales.;Prévention RPS, formation managers, rotations astreinte, culture Stop Work.;Soutien psychologique, communication interne, renforts, repos imposé.;Moyenne;Élevée;Moyenne;dégradations, hygiène
330;Invasion;Invasion animale terrestre;Rongeurs/espèces nuisibles;Ressources humaines;Exposition à des risques physiques (chaleur, fumées, toxiques);Exposition à des risques physiques (chaleur, fumées, toxiques) — Dans le contexte « Invasion animale terrestre » (Invasion). Rongeurs/espèces nuisibles. Points sensibles : dégradations, hygiène.;Exemple : Invasion animale terrestre → exposition à des risques physiques (chaleur, fumées, toxiques) (ex. décisions immédiates, coordination, reprise).;Choc, fatigue, absentéisme, tensions sociales.;Prévention RPS, formation managers, rotations astreinte, culture Stop Work.;Soutien psychologique, communication interne, renforts, repos imposé.;Moyenne;Élevée;Moyenne;dégradations, hygiène
331;Invasion;Invasion animale terrestre;Rongeurs/espèces nuisibles;Juridique / conformité;Mise en cause pénale (accident grave, mise en danger, pollution);Mise en cause pénale (accident grave, mise en danger, pollution) — Dans le contexte « Invasion animale terrestre » (Invasion). Rongeurs/espèces nuisibles. Points sensibles : dégradations, hygiène.;Exemple : Invasion animale terrestre → mise en cause pénale (accident grave, mise en danger, pollution) (ex. décisions immédiates, coordination, reprise).;Enquêtes, obligations, contentieux, sanctions.;Veille réglementaire, audits, plans de prévention, conservation des preuves.;Déclarations, interface autorités, stratégie contentieuse, documentation.;Moyenne;Critique;Élevée;dégradations, hygiène
332;Invasion;Invasion animale terrestre;Rongeurs/espèces nuisibles;Juridique / conformité;Contentieux contractuels (pénalités, retards, responsabilités);Contentieux contractuels (pénalités, retards, responsabilités) — Dans le contexte « Invasion animale terrestre » (Invasion). Rongeurs/espèces nuisibles. Points sensibles : dégradations, hygiène.;Exemple : Invasion animale terrestre → contentieux contractuels (pénalités, retards, responsabilités) (ex. décisions immédiates, coordination, reprise).;Enquêtes, obligations, contentieux, sanctions.;Veille réglementaire, audits, plans de prévention, conservation des preuves.;Déclarations, interface autorités, stratégie contentieuse, documentation.;Moyenne;Critique;Élevée;dégradations, hygiène
333;Invasion;Invasion animale terrestre;Rongeurs/espèces nuisibles;Financier;Coûts de réparation et de remise en état (ouvrages, équipements);Coûts de réparation et de remise en état (ouvrages, équipements) — Dans le contexte « Invasion animale terrestre » (Invasion). Rongeurs/espèces nuisibles. Points sensibles : dégradations, hygiène.;Exemple : Invasion animale terrestre → coûts de réparation et de remise en état (ouvrages, équipements) (ex. décisions immédiates, coordination, reprise).;Pertes d’exploitation, coûts de remise en état, hausse primes/franchises.;Assurances adaptées, budgets d’urgence, suivi trésorerie, clauses contractuelles.;Activation fonds d’urgence, suivi coûts, déclaration assureur, mitigation pénalités.;Moyenne;Élevée;Moyenne;dégradations, hygiène
334;Invasion;Invasion animale terrestre;Rongeurs/espèces nuisibles;Financier;Hausse des primes, franchises et difficultés d’assurabilité;Hausse des primes, franchises et difficultés d’assurabilité — Dans le contexte « Invasion animale terrestre » (Invasion). Rongeurs/espèces nuisibles. Points sensibles : dégradations, hygiène.;Exemple : Invasion animale terrestre → hausse des primes, franchises et difficultés d’assurabilité (ex. décisions immédiates, coordination, reprise).;Pertes d’exploitation, coûts de remise en état, hausse primes/franchises.;Assurances adaptées, budgets d’urgence, suivi trésorerie, clauses contractuelles.;Activation fonds d’urgence, suivi coûts, déclaration assureur, mitigation pénalités.;Moyenne;Élevée;Moyenne;dégradations, hygiène
335;Invasion;Invasion animale terrestre;Rongeurs/espèces nuisibles;Image / réputation;Médiatisation nationale / locale et perte de confiance;Médiatisation nationale / locale et perte de confiance — Dans le contexte « Invasion animale terrestre » (Invasion). Rongeurs/espèces nuisibles. Points sensibles : dégradations, hygiène.;Exemple : Invasion animale terrestre → médiatisation nationale / locale et perte de confiance (ex. décisions immédiates, coordination, reprise).;Perte de confiance, pression médiatique, rumeurs.;Veille médias, porte-parole, éléments de langage, charte RS.;Communication factuelle/empathetic, lutte rumeurs, coordination autorités.;Moyenne;Élevée;Moyenne;dégradations, hygiène
336;Invasion;Invasion animale terrestre;Rongeurs/espèces nuisibles;Image / réputation;Perception d’impréparation ou de manque de transparence;Perception d’impréparation ou de manque de transparence — Dans le contexte « Invasion animale terrestre » (Invasion). Rongeurs/espèces nuisibles. Points sensibles : dégradations, hygiène.;Exemple : Invasion animale terrestre → perception d’impréparation ou de manque de transparence (ex. décisions immédiates, coordination, reprise).;Perte de confiance, pression médiatique, rumeurs.;Veille médias, porte-parole, éléments de langage, charte RS.;Communication factuelle/empathetic, lutte rumeurs, coordination autorités.;Moyenne;Élevée;Moyenne;dégradations, hygiène
337;Invasion;Invasion animale terrestre;Rongeurs/espèces nuisibles;Géopolitique / institutionnel;Intervention de l’État / autorités (préfecture, inspection, régulateur);Intervention de l’État / autorités (préfecture, inspection, régulateur) — Dans le contexte « Invasion animale terrestre » (Invasion). Rongeurs/espèces nuisibles. Points sensibles : dégradations, hygiène.;Exemple : Invasion animale terrestre → intervention de l’état / autorités (préfecture, inspection, régulateur) (ex. décisions immédiates, coordination, reprise).;Injonctions, contrôles, arbitrages publics, priorisation ressources.;Veille institutionnelle, carto parties prenantes, protocoles autorités.;Coordination préf/mairie/régulateurs, demandes de moyens publics.;Moyenne;Élevée;Moyenne;dégradations, hygiène
338;Invasion;Invasion animale terrestre;Rongeurs/espèces nuisibles;Géopolitique / institutionnel;Priorisation nationale des ressources (énergie, santé, sécurité);Priorisation nationale des ressources (énergie, santé, sécurité) — Dans le contexte « Invasion animale terrestre » (Invasion). Rongeurs/espèces nuisibles. Points sensibles : dégradations, hygiène.;Exemple : Invasion animale terrestre → priorisation nationale des ressources (énergie, santé, sécurité) (ex. décisions immédiates, coordination, reprise).;Injonctions, contrôles, arbitrages publics, priorisation ressources.;Veille institutionnelle, carto parties prenantes, protocoles autorités.;Coordination préf/mairie/régulateurs, demandes de moyens publics.;Moyenne;Élevée;Moyenne;dégradations, hygiène
339;Invasion;Invasion animale terrestre;Rongeurs/espèces nuisibles;Informatique / numérique;Perte du SI local (supervision, communications, annuaire, outils métier);Perte du SI local (supervision, communications, annuaire, outils métier) — Dans le contexte « Invasion animale terrestre » (Invasion). Rongeurs/espèces nuisibles. Points sensibles : dégradations, hygiène.;Exemple : Invasion animale terrestre → perte du si local (supervision, communications, annuaire, outils métier) (ex. décisions immédiates, coordination, reprise).;Perte outils, rupture communications, fuite info.;Segmentation, sauvegardes, redondance télécom, procédures hors-ligne.;Mode dégradé, restauration, canaux alternatifs, contrôle intégrité.;Moyenne;Élevée;Moyenne;dégradations, hygiène
340;Invasion;Invasion animale terrestre;Rongeurs/espèces nuisibles;Informatique / numérique;Cyberattaque opportuniste pendant la crise (phishing, ransom, DDoS);Cyberattaque opportuniste pendant la crise (phishing, ransom, DDoS) — Dans le contexte « Invasion animale terrestre » (Invasion). Rongeurs/espèces nuisibles. Points sensibles : dégradations, hygiène.;Exemple : Invasion animale terrestre → cyberattaque opportuniste pendant la crise (phishing, ransom, ddos) (ex. décisions immédiates, coordination, reprise).;Perte outils, rupture communications, fuite info.;Segmentation, sauvegardes, redondance télécom, procédures hors-ligne.;Mode dégradé, restauration, canaux alternatifs, contrôle intégrité.;Moyenne;Élevée;Moyenne;dégradations, hygiène
341;Invasion;Invasion animale terrestre;Rongeurs/espèces nuisibles;Défaillance / résilience;Effet domino multi-réseaux (énergie + télécom + eau);Effet domino multi-réseaux (énergie + télécom + eau) — Dans le contexte « Invasion animale terrestre » (Invasion). Rongeurs/espèces nuisibles. Points sensibles : dégradations, hygiène.;Exemple : Invasion animale terrestre → effet domino multi-réseaux (énergie + télécom + eau) (ex. décisions immédiates, coordination, reprise).;Domino multi-systèmes, crise prolongée, défaillance gouvernance.;Tests de résilience, exercices multi-crises, cartographie dépendances.;Limiter le domino, renforcer gouvernance, cellules spécialisées, REX.;Moyenne;Élevée;Moyenne;dégradations, hygiène
342;Invasion;Invasion animale terrestre;Rongeurs/espèces nuisibles;Défaillance / résilience;Défaillance d’un acteur clé (prestataire, fournisseur, opérateur);Défaillance d’un acteur clé (prestataire, fournisseur, opérateur) — Dans le contexte « Invasion animale terrestre » (Invasion). Rongeurs/espèces nuisibles. Points sensibles : dégradations, hygiène.;Exemple : Invasion animale terrestre → défaillance d’un acteur clé (prestataire, fournisseur, opérateur) (ex. décisions immédiates, coordination, reprise).;Domino multi-systèmes, crise prolongée, défaillance gouvernance.;Tests de résilience, exercices multi-crises, cartographie dépendances.;Limiter le domino, renforcer gouvernance, cellules spécialisées, REX.;Moyenne;Élevée;Moyenne;dégradations, hygiène
343;Invasion;Invasion animale aquatique;Prolifération dans prises d’eau;Opérationnel;Arrêt immédiat des activités et sécurisation du périmètre;Arrêt immédiat des activités et sécurisation du périmètre — Dans le contexte « Invasion animale aquatique » (Invasion). Prolifération dans prises d’eau. Points sensibles : colmatage, pompage.;Exemple : Invasion animale aquatique → arrêt immédiat des activités et sécurisation du périmètre (ex. décisions immédiates, coordination, reprise).;Arrêt/retards, mode dégradé, impacts usagers/clients.;PCA/PRA, procédures mode dégradé, exercices réguliers, annuaire crise.;Arrêt sécurisé, priorisation activités, cellule terrain, points de situation.;Moyenne;Élevée;Moyenne;colmatage, pompage
344;Invasion;Invasion animale aquatique;Prolifération dans prises d’eau;Opérationnel;Désorganisation de la coordination multi-acteurs (secours, autorités, partenaires);Désorganisation de la coordination multi-acteurs (secours, autorités, partenaires) — Dans le contexte « Invasion animale aquatique » (Invasion). Prolifération dans prises d’eau. Points sensibles : colmatage, pompage.;Exemple : Invasion animale aquatique → désorganisation de la coordination multi-acteurs (secours, autorités, partenaires) (ex. décisions immédiates, coordination, reprise).;Arrêt/retards, mode dégradé, impacts usagers/clients.;PCA/PRA, procédures mode dégradé, exercices réguliers, annuaire crise.;Arrêt sécurisé, priorisation activités, cellule terrain, points de situation.;Moyenne;Élevée;Moyenne;colmatage, pompage
345;Invasion;Invasion animale aquatique;Prolifération dans prises d’eau;Industriel / technique;Destruction d’ouvrages ou d’équipements critiques;Destruction d’ouvrages ou d’équipements critiques — Dans le contexte « Invasion animale aquatique » (Invasion). Prolifération dans prises d’eau. Points sensibles : colmatage, pompage.;Exemple : Invasion animale aquatique → destruction d’ouvrages ou d’équipements critiques (ex. décisions immédiates, coordination, reprise).;Dommages matériels, risques de sur-accident, indisponibilité d’équipements.;Maintenance préventive, inspections, redondances techniques, permis de travail.;Mise en sécurité, réparations, expertises, reprise sous conditions.;Moyenne;Élevée;Moyenne;colmatage, pompage
346;Invasion;Invasion animale aquatique;Prolifération dans prises d’eau;Industriel / technique;Déclenchement de sécurités et arrêt automatique des systèmes;Déclenchement de sécurités et arrêt automatique des systèmes — Dans le contexte « Invasion animale aquatique » (Invasion). Prolifération dans prises d’eau. Points sensibles : colmatage, pompage.;Exemple : Invasion animale aquatique → déclenchement de sécurités et arrêt automatique des systèmes (ex. décisions immédiates, coordination, reprise).;Dommages matériels, risques de sur-accident, indisponibilité d’équipements.;Maintenance préventive, inspections, redondances techniques, permis de travail.;Mise en sécurité, réparations, expertises, reprise sous conditions.;Moyenne;Élevée;Moyenne;colmatage, pompage
347;Invasion;Invasion animale aquatique;Prolifération dans prises d’eau;Ressources humaines;Traumatisme des équipes et stress post-évènement (RPS);Traumatisme des équipes et stress post-évènement (RPS) — Dans le contexte « Invasion animale aquatique » (Invasion). Prolifération dans prises d’eau. Points sensibles : colmatage, pompage.;Exemple : Invasion animale aquatique → traumatisme des équipes et stress post-évènement (rps) (ex. décisions immédiates, coordination, reprise).;Choc, fatigue, absentéisme, tensions sociales.;Prévention RPS, formation managers, rotations astreinte, culture Stop Work.;Soutien psychologique, communication interne, renforts, repos imposé.;Moyenne;Élevée;Moyenne;colmatage, pompage
348;Invasion;Invasion animale aquatique;Prolifération dans prises d’eau;Ressources humaines;Exposition à des risques physiques (chaleur, fumées, toxiques);Exposition à des risques physiques (chaleur, fumées, toxiques) — Dans le contexte « Invasion animale aquatique » (Invasion). Prolifération dans prises d’eau. Points sensibles : colmatage, pompage.;Exemple : Invasion animale aquatique → exposition à des risques physiques (chaleur, fumées, toxiques) (ex. décisions immédiates, coordination, reprise).;Choc, fatigue, absentéisme, tensions sociales.;Prévention RPS, formation managers, rotations astreinte, culture Stop Work.;Soutien psychologique, communication interne, renforts, repos imposé.;Moyenne;Élevée;Moyenne;colmatage, pompage
349;Invasion;Invasion animale aquatique;Prolifération dans prises d’eau;Juridique / conformité;Mise en cause pénale (accident grave, mise en danger, pollution);Mise en cause pénale (accident grave, mise en danger, pollution) — Dans le contexte « Invasion animale aquatique » (Invasion). Prolifération dans prises d’eau. Points sensibles : colmatage, pompage.;Exemple : Invasion animale aquatique → mise en cause pénale (accident grave, mise en danger, pollution) (ex. décisions immédiates, coordination, reprise).;Enquêtes, obligations, contentieux, sanctions.;Veille réglementaire, audits, plans de prévention, conservation des preuves.;Déclarations, interface autorités, stratégie contentieuse, documentation.;Moyenne;Critique;Élevée;colmatage, pompage
350;Invasion;Invasion animale aquatique;Prolifération dans prises d’eau;Juridique / conformité;Contentieux contractuels (pénalités, retards, responsabilités);Contentieux contractuels (pénalités, retards, responsabilités) — Dans le contexte « Invasion animale aquatique » (Invasion). Prolifération dans prises d’eau. Points sensibles : colmatage, pompage.;Exemple : Invasion animale aquatique → contentieux contractuels (pénalités, retards, responsabilités) (ex. décisions immédiates, coordination, reprise).;Enquêtes, obligations, contentieux, sanctions.;Veille réglementaire, audits, plans de prévention, conservation des preuves.;Déclarations, interface autorités, stratégie contentieuse, documentation.;Moyenne;Critique;Élevée;colmatage, pompage
351;Invasion;Invasion animale aquatique;Prolifération dans prises d’eau;Financier;Coûts de réparation et de remise en état (ouvrages, équipements);Coûts de réparation et de remise en état (ouvrages, équipements) — Dans le contexte « Invasion animale aquatique » (Invasion). Prolifération dans prises d’eau. Points sensibles : colmatage, pompage.;Exemple : Invasion animale aquatique → coûts de réparation et de remise en état (ouvrages, équipements) (ex. décisions immédiates, coordination, reprise).;Pertes d’exploitation, coûts de remise en état, hausse primes/franchises.;Assurances adaptées, budgets d’urgence, suivi trésorerie, clauses contractuelles.;Activation fonds d’urgence, suivi coûts, déclaration assureur, mitigation pénalités.;Moyenne;Élevée;Moyenne;colmatage, pompage
352;Invasion;Invasion animale aquatique;Prolifération dans prises d’eau;Financier;Hausse des primes, franchises et difficultés d’assurabilité;Hausse des primes, franchises et difficultés d’assurabilité — Dans le contexte « Invasion animale aquatique » (Invasion). Prolifération dans prises d’eau. Points sensibles : colmatage, pompage.;Exemple : Invasion animale aquatique → hausse des primes, franchises et difficultés d’assurabilité (ex. décisions immédiates, coordination, reprise).;Pertes d’exploitation, coûts de remise en état, hausse primes/franchises.;Assurances adaptées, budgets d’urgence, suivi trésorerie, clauses contractuelles.;Activation fonds d’urgence, suivi coûts, déclaration assureur, mitigation pénalités.;Moyenne;Élevée;Moyenne;colmatage, pompage
353;Invasion;Invasion animale aquatique;Prolifération dans prises d’eau;Image / réputation;Médiatisation nationale / locale et perte de confiance;Médiatisation nationale / locale et perte de confiance — Dans le contexte « Invasion animale aquatique » (Invasion). Prolifération dans prises d’eau. Points sensibles : colmatage, pompage.;Exemple : Invasion animale aquatique → médiatisation nationale / locale et perte de confiance (ex. décisions immédiates, coordination, reprise).;Perte de confiance, pression médiatique, rumeurs.;Veille médias, porte-parole, éléments de langage, charte RS.;Communication factuelle/empathetic, lutte rumeurs, coordination autorités.;Moyenne;Élevée;Moyenne;colmatage, pompage
354;Invasion;Invasion animale aquatique;Prolifération dans prises d’eau;Image / réputation;Perception d’impréparation ou de manque de transparence;Perception d’impréparation ou de manque de transparence — Dans le contexte « Invasion animale aquatique » (Invasion). Prolifération dans prises d’eau. Points sensibles : colmatage, pompage.;Exemple : Invasion animale aquatique → perception d’impréparation ou de manque de transparence (ex. décisions immédiates, coordination, reprise).;Perte de confiance, pression médiatique, rumeurs.;Veille médias, porte-parole, éléments de langage, charte RS.;Communication factuelle/empathetic, lutte rumeurs, coordination autorités.;Moyenne;Élevée;Moyenne;colmatage, pompage
355;Invasion;Invasion animale aquatique;Prolifération dans prises d’eau;Géopolitique / institutionnel;Intervention de l’État / autorités (préfecture, inspection, régulateur);Intervention de l’État / autorités (préfecture, inspection, régulateur) — Dans le contexte « Invasion animale aquatique » (Invasion). Prolifération dans prises d’eau. Points sensibles : colmatage, pompage.;Exemple : Invasion animale aquatique → intervention de l’état / autorités (préfecture, inspection, régulateur) (ex. décisions immédiates, coordination, reprise).;Injonctions, contrôles, arbitrages publics, priorisation ressources.;Veille institutionnelle, carto parties prenantes, protocoles autorités.;Coordination préf/mairie/régulateurs, demandes de moyens publics.;Moyenne;Élevée;Moyenne;colmatage, pompage
356;Invasion;Invasion animale aquatique;Prolifération dans prises d’eau;Géopolitique / institutionnel;Priorisation nationale des ressources (énergie, santé, sécurité);Priorisation nationale des ressources (énergie, santé, sécurité) — Dans le contexte « Invasion animale aquatique » (Invasion). Prolifération dans prises d’eau. Points sensibles : colmatage, pompage.;Exemple : Invasion animale aquatique → priorisation nationale des ressources (énergie, santé, sécurité) (ex. décisions immédiates, coordination, reprise).;Injonctions, contrôles, arbitrages publics, priorisation ressources.;Veille institutionnelle, carto parties prenantes, protocoles autorités.;Coordination préf/mairie/régulateurs, demandes de moyens publics.;Moyenne;Élevée;Moyenne;colmatage, pompage
357;Invasion;Invasion animale aquatique;Prolifération dans prises d’eau;Informatique / numérique;Perte du SI local (supervision, communications, annuaire, outils métier);Perte du SI local (supervision, communications, annuaire, outils métier) — Dans le contexte « Invasion animale aquatique » (Invasion). Prolifération dans prises d’eau. Points sensibles : colmatage, pompage.;Exemple : Invasion animale aquatique → perte du si local (supervision, communications, annuaire, outils métier) (ex. décisions immédiates, coordination, reprise).;Perte outils, rupture communications, fuite info.;Segmentation, sauvegardes, redondance télécom, procédures hors-ligne.;Mode dégradé, restauration, canaux alternatifs, contrôle intégrité.;Moyenne;Élevée;Moyenne;colmatage, pompage
358;Invasion;Invasion animale aquatique;Prolifération dans prises d’eau;Informatique / numérique;Cyberattaque opportuniste pendant la crise (phishing, ransom, DDoS);Cyberattaque opportuniste pendant la crise (phishing, ransom, DDoS) — Dans le contexte « Invasion animale aquatique » (Invasion). Prolifération dans prises d’eau. Points sensibles : colmatage, pompage.;Exemple : Invasion animale aquatique → cyberattaque opportuniste pendant la crise (phishing, ransom, ddos) (ex. décisions immédiates, coordination, reprise).;Perte outils, rupture communications, fuite info.;Segmentation, sauvegardes, redondance télécom, procédures hors-ligne.;Mode dégradé, restauration, canaux alternatifs, contrôle intégrité.;Moyenne;Élevée;Moyenne;colmatage, pompage
359;Invasion;Invasion animale aquatique;Prolifération dans prises d’eau;Défaillance / résilience;Effet domino multi-réseaux (énergie + télécom + eau);Effet domino multi-réseaux (énergie + télécom + eau) — Dans le contexte « Invasion animale aquatique » (Invasion). Prolifération dans prises d’eau. Points sensibles : colmatage, pompage.;Exemple : Invasion animale aquatique → effet domino multi-réseaux (énergie + télécom + eau) (ex. décisions immédiates, coordination, reprise).;Domino multi-systèmes, crise prolongée, défaillance gouvernance.;Tests de résilience, exercices multi-crises, cartographie dépendances.;Limiter le domino, renforcer gouvernance, cellules spécialisées, REX.;Moyenne;Élevée;Moyenne;colmatage, pompage
360;Invasion;Invasion animale aquatique;Prolifération dans prises d’eau;Défaillance / résilience;Défaillance d’un acteur clé (prestataire, fournisseur, opérateur);Défaillance d’un acteur clé (prestataire, fournisseur, opérateur) — Dans le contexte « Invasion animale aquatique » (Invasion). Prolifération dans prises d’eau. Points sensibles : colmatage, pompage.;Exemple : Invasion animale aquatique → défaillance d’un acteur clé (prestataire, fournisseur, opérateur) (ex. décisions immédiates, coordination, reprise).;Domino multi-systèmes, crise prolongée, défaillance gouvernance.;Tests de résilience, exercices multi-crises, cartographie dépendances.;Limiter le domino, renforcer gouvernance, cellules spécialisées, REX.;Moyenne;Élevée;Moyenne;colmatage, pompage
361;Invasion;Invasion numérique;Arrivée massive de bots/spam;Opérationnel;Arrêt immédiat des activités et sécurisation du périmètre;Arrêt immédiat des activités et sécurisation du périmètre — Dans le contexte « Invasion numérique » (Invasion). Arrivée massive de bots/spam. Points sensibles : saturation canaux, SI.;Exemple : Invasion numérique → arrêt immédiat des activités et sécurisation du périmètre (ex. décisions immédiates, coordination, reprise).;Arrêt/retards, mode dégradé, impacts usagers/clients.;PCA/PRA, procédures mode dégradé, exercices réguliers, annuaire crise.;Arrêt sécurisé, priorisation activités, cellule terrain, points de situation.;Moyenne;Élevée;Moyenne;saturation canaux, SI
362;Invasion;Invasion numérique;Arrivée massive de bots/spam;Opérationnel;Désorganisation de la coordination multi-acteurs (secours, autorités, partenaires);Désorganisation de la coordination multi-acteurs (secours, autorités, partenaires) — Dans le contexte « Invasion numérique » (Invasion). Arrivée massive de bots/spam. Points sensibles : saturation canaux, SI.;Exemple : Invasion numérique → désorganisation de la coordination multi-acteurs (secours, autorités, partenaires) (ex. décisions immédiates, coordination, reprise).;Arrêt/retards, mode dégradé, impacts usagers/clients.;PCA/PRA, procédures mode dégradé, exercices réguliers, annuaire crise.;Arrêt sécurisé, priorisation activités, cellule terrain, points de situation.;Moyenne;Élevée;Moyenne;saturation canaux, SI
363;Invasion;Invasion numérique;Arrivée massive de bots/spam;Industriel / technique;Destruction d’ouvrages ou d’équipements critiques;Destruction d’ouvrages ou d’équipements critiques — Dans le contexte « Invasion numérique » (Invasion). Arrivée massive de bots/spam. Points sensibles : saturation canaux, SI.;Exemple : Invasion numérique → destruction d’ouvrages ou d’équipements critiques (ex. décisions immédiates, coordination, reprise).;Dommages matériels, risques de sur-accident, indisponibilité d’équipements.;Maintenance préventive, inspections, redondances techniques, permis de travail.;Mise en sécurité, réparations, expertises, reprise sous conditions.;Moyenne;Élevée;Moyenne;saturation canaux, SI
364;Invasion;Invasion numérique;Arrivée massive de bots/spam;Industriel / technique;Déclenchement de sécurités et arrêt automatique des systèmes;Déclenchement de sécurités et arrêt automatique des systèmes — Dans le contexte « Invasion numérique » (Invasion). Arrivée massive de bots/spam. Points sensibles : saturation canaux, SI.;Exemple : Invasion numérique → déclenchement de sécurités et arrêt automatique des systèmes (ex. décisions immédiates, coordination, reprise).;Dommages matériels, risques de sur-accident, indisponibilité d’équipements.;Maintenance préventive, inspections, redondances techniques, permis de travail.;Mise en sécurité, réparations, expertises, reprise sous conditions.;Moyenne;Élevée;Moyenne;saturation canaux, SI
365;Invasion;Invasion numérique;Arrivée massive de bots/spam;Ressources humaines;Traumatisme des équipes et stress post-évènement (RPS);Traumatisme des équipes et stress post-évènement (RPS) — Dans le contexte « Invasion numérique » (Invasion). Arrivée massive de bots/spam. Points sensibles : saturation canaux, SI.;Exemple : Invasion numérique → traumatisme des équipes et stress post-évènement (rps) (ex. décisions immédiates, coordination, reprise).;Choc, fatigue, absentéisme, tensions sociales.;Prévention RPS, formation managers, rotations astreinte, culture Stop Work.;Soutien psychologique, communication interne, renforts, repos imposé.;Moyenne;Élevée;Moyenne;saturation canaux, SI
366;Invasion;Invasion numérique;Arrivée massive de bots/spam;Ressources humaines;Exposition à des risques physiques (chaleur, fumées, toxiques);Exposition à des risques physiques (chaleur, fumées, toxiques) — Dans le contexte « Invasion numérique » (Invasion). Arrivée massive de bots/spam. Points sensibles : saturation canaux, SI.;Exemple : Invasion numérique → exposition à des risques physiques (chaleur, fumées, toxiques) (ex. décisions immédiates, coordination, reprise).;Choc, fatigue, absentéisme, tensions sociales.;Prévention RPS, formation managers, rotations astreinte, culture Stop Work.;Soutien psychologique, communication interne, renforts, repos imposé.;Moyenne;Élevée;Moyenne;saturation canaux, SI
367;Invasion;Invasion numérique;Arrivée massive de bots/spam;Juridique / conformité;Mise en cause pénale (accident grave, mise en danger, pollution);Mise en cause pénale (accident grave, mise en danger, pollution) — Dans le contexte « Invasion numérique » (Invasion). Arrivée massive de bots/spam. Points sensibles : saturation canaux, SI.;Exemple : Invasion numérique → mise en cause pénale (accident grave, mise en danger, pollution) (ex. décisions immédiates, coordination, reprise).;Enquêtes, obligations, contentieux, sanctions.;Veille réglementaire, audits, plans de prévention, conservation des preuves.;Déclarations, interface autorités, stratégie contentieuse, documentation.;Moyenne;Critique;Élevée;saturation canaux, SI
368;Invasion;Invasion numérique;Arrivée massive de bots/spam;Juridique / conformité;Contentieux contractuels (pénalités, retards, responsabilités);Contentieux contractuels (pénalités, retards, responsabilités) — Dans le contexte « Invasion numérique » (Invasion). Arrivée massive de bots/spam. Points sensibles : saturation canaux, SI.;Exemple : Invasion numérique → contentieux contractuels (pénalités, retards, responsabilités) (ex. décisions immédiates, coordination, reprise).;Enquêtes, obligations, contentieux, sanctions.;Veille réglementaire, audits, plans de prévention, conservation des preuves.;Déclarations, interface autorités, stratégie contentieuse, documentation.;Moyenne;Critique;Élevée;saturation canaux, SI
369;Invasion;Invasion numérique;Arrivée massive de bots/spam;Financier;Coûts de réparation et de remise en état (ouvrages, équipements);Coûts de réparation et de remise en état (ouvrages, équipements) — Dans le contexte « Invasion numérique » (Invasion). Arrivée massive de bots/spam. Points sensibles : saturation canaux, SI.;Exemple : Invasion numérique → coûts de réparation et de remise en état (ouvrages, équipements) (ex. décisions immédiates, coordination, reprise).;Pertes d’exploitation, coûts de remise en état, hausse primes/franchises.;Assurances adaptées, budgets d’urgence, suivi trésorerie, clauses contractuelles.;Activation fonds d’urgence, suivi coûts, déclaration assureur, mitigation pénalités.;Moyenne;Élevée;Moyenne;saturation canaux, SI
370;Invasion;Invasion numérique;Arrivée massive de bots/spam;Financier;Hausse des primes, franchises et difficultés d’assurabilité;Hausse des primes, franchises et difficultés d’assurabilité — Dans le contexte « Invasion numérique » (Invasion). Arrivée massive de bots/spam. Points sensibles : saturation canaux, SI.;Exemple : Invasion numérique → hausse des primes, franchises et difficultés d’assurabilité (ex. décisions immédiates, coordination, reprise).;Pertes d’exploitation, coûts de remise en état, hausse primes/franchises.;Assurances adaptées, budgets d’urgence, suivi trésorerie, clauses contractuelles.;Activation fonds d’urgence, suivi coûts, déclaration assureur, mitigation pénalités.;Moyenne;Élevée;Moyenne;saturation canaux, SI
371;Invasion;Invasion numérique;Arrivée massive de bots/spam;Image / réputation;Médiatisation nationale / locale et perte de confiance;Médiatisation nationale / locale et perte de confiance — Dans le contexte « Invasion numérique » (Invasion). Arrivée massive de bots/spam. Points sensibles : saturation canaux, SI.;Exemple : Invasion numérique → médiatisation nationale / locale et perte de confiance (ex. décisions immédiates, coordination, reprise).;Perte de confiance, pression médiatique, rumeurs.;Veille médias, porte-parole, éléments de langage, charte RS.;Communication factuelle/empathetic, lutte rumeurs, coordination autorités.;Moyenne;Élevée;Moyenne;saturation canaux, SI
372;Invasion;Invasion numérique;Arrivée massive de bots/spam;Image / réputation;Perception d’impréparation ou de manque de transparence;Perception d’impréparation ou de manque de transparence — Dans le contexte « Invasion numérique » (Invasion). Arrivée massive de bots/spam. Points sensibles : saturation canaux, SI.;Exemple : Invasion numérique → perception d’impréparation ou de manque de transparence (ex. décisions immédiates, coordination, reprise).;Perte de confiance, pression médiatique, rumeurs.;Veille médias, porte-parole, éléments de langage, charte RS.;Communication factuelle/empathetic, lutte rumeurs, coordination autorités.;Moyenne;Élevée;Moyenne;saturation canaux, SI
373;Invasion;Invasion numérique;Arrivée massive de bots/spam;Géopolitique / institutionnel;Intervention de l’État / autorités (préfecture, inspection, régulateur);Intervention de l’État / autorités (préfecture, inspection, régulateur) — Dans le contexte « Invasion numérique » (Invasion). Arrivée massive de bots/spam. Points sensibles : saturation canaux, SI.;Exemple : Invasion numérique → intervention de l’état / autorités (préfecture, inspection, régulateur) (ex. décisions immédiates, coordination, reprise).;Injonctions, contrôles, arbitrages publics, priorisation ressources.;Veille institutionnelle, carto parties prenantes, protocoles autorités.;Coordination préf/mairie/régulateurs, demandes de moyens publics.;Moyenne;Élevée;Moyenne;saturation canaux, SI
374;Invasion;Invasion numérique;Arrivée massive de bots/spam;Géopolitique / institutionnel;Priorisation nationale des ressources (énergie, santé, sécurité);Priorisation nationale des ressources (énergie, santé, sécurité) — Dans le contexte « Invasion numérique » (Invasion). Arrivée massive de bots/spam. Points sensibles : saturation canaux, SI.;Exemple : Invasion numérique → priorisation nationale des ressources (énergie, santé, sécurité) (ex. décisions immédiates, coordination, reprise).;Injonctions, contrôles, arbitrages publics, priorisation ressources.;Veille institutionnelle, carto parties prenantes, protocoles autorités.;Coordination préf/mairie/régulateurs, demandes de moyens publics.;Moyenne;Élevée;Moyenne;saturation canaux, SI
375;Invasion;Invasion numérique;Arrivée massive de bots/spam;Informatique / numérique;Perte du SI local (supervision, communications, annuaire, outils métier);Perte du SI local (supervision, communications, annuaire, outils métier) — Dans le contexte « Invasion numérique » (Invasion). Arrivée massive de bots/spam. Points sensibles : saturation canaux, SI.;Exemple : Invasion numérique → perte du si local (supervision, communications, annuaire, outils métier) (ex. décisions immédiates, coordination, reprise).;Perte outils, rupture communications, fuite info.;Segmentation, sauvegardes, redondance télécom, procédures hors-ligne.;Mode dégradé, restauration, canaux alternatifs, contrôle intégrité.;Moyenne;Élevée;Moyenne;saturation canaux, SI
376;Invasion;Invasion numérique;Arrivée massive de bots/spam;Informatique / numérique;Cyberattaque opportuniste pendant la crise (phishing, ransom, DDoS);Cyberattaque opportuniste pendant la crise (phishing, ransom, DDoS) — Dans le contexte « Invasion numérique » (Invasion). Arrivée massive de bots/spam. Points sensibles : saturation canaux, SI.;Exemple : Invasion numérique → cyberattaque opportuniste pendant la crise (phishing, ransom, ddos) (ex. décisions immédiates, coordination, reprise).;Perte outils, rupture communications, fuite info.;Segmentation, sauvegardes, redondance télécom, procédures hors-ligne.;Mode dégradé, restauration, canaux alternatifs, contrôle intégrité.;Moyenne;Élevée;Moyenne;saturation canaux, SI
377;Invasion;Invasion numérique;Arrivée massive de bots/spam;Défaillance / résilience;Effet domino multi-réseaux (énergie + télécom + eau);Effet domino multi-réseaux (énergie + télécom + eau) — Dans le contexte « Invasion numérique » (Invasion). Arrivée massive de bots/spam. Points sensibles : saturation canaux, SI.;Exemple : Invasion numérique → effet domino multi-réseaux (énergie + télécom + eau) (ex. décisions immédiates, coordination, reprise).;Domino multi-systèmes, crise prolongée, défaillance gouvernance.;Tests de résilience, exercices multi-crises, cartographie dépendances.;Limiter le domino, renforcer gouvernance, cellules spécialisées, REX.;Moyenne;Élevée;Moyenne;saturation canaux, SI
378;Invasion;Invasion numérique;Arrivée massive de bots/spam;Défaillance / résilience;Défaillance d’un acteur clé (prestataire, fournisseur, opérateur);Défaillance d’un acteur clé (prestataire, fournisseur, opérateur) — Dans le contexte « Invasion numérique » (Invasion). Arrivée massive de bots/spam. Points sensibles : saturation canaux, SI.;Exemple : Invasion numérique → défaillance d’un acteur clé (prestataire, fournisseur, opérateur) (ex. décisions immédiates, coordination, reprise).;Domino multi-systèmes, crise prolongée, défaillance gouvernance.;Tests de résilience, exercices multi-crises, cartographie dépendances.;Limiter le domino, renforcer gouvernance, cellules spécialisées, REX.;Moyenne;Élevée;Moyenne;saturation canaux, SI
379;Invasion;Invasion “interne”;Sur-sollicitation (appels, tickets);Opérationnel;Arrêt immédiat des activités et sécurisation du périmètre;Arrêt immédiat des activités et sécurisation du périmètre — Dans le contexte « Invasion “interne” » (Invasion). Sur-sollicitation (appels, tickets). Points sensibles : désorganisation, surcharge.;Exemple : Invasion “interne” → arrêt immédiat des activités et sécurisation du périmètre (ex. décisions immédiates, coordination, reprise).;Arrêt/retards, mode dégradé, impacts usagers/clients.;PCA/PRA, procédures mode dégradé, exercices réguliers, annuaire crise.;Arrêt sécurisé, priorisation activités, cellule terrain, points de situation.;Moyenne;Élevée;Moyenne;désorganisation, surcharge
380;Invasion;Invasion “interne”;Sur-sollicitation (appels, tickets);Opérationnel;Désorganisation de la coordination multi-acteurs (secours, autorités, partenaires);Désorganisation de la coordination multi-acteurs (secours, autorités, partenaires) — Dans le contexte « Invasion “interne” » (Invasion). Sur-sollicitation (appels, tickets). Points sensibles : désorganisation, surcharge.;Exemple : Invasion “interne” → désorganisation de la coordination multi-acteurs (secours, autorités, partenaires) (ex. décisions immédiates, coordination, reprise).;Arrêt/retards, mode dégradé, impacts usagers/clients.;PCA/PRA, procédures mode dégradé, exercices réguliers, annuaire crise.;Arrêt sécurisé, priorisation activités, cellule terrain, points de situation.;Moyenne;Élevée;Moyenne;désorganisation, surcharge
381;Invasion;Invasion “interne”;Sur-sollicitation (appels, tickets);Industriel / technique;Destruction d’ouvrages ou d’équipements critiques;Destruction d’ouvrages ou d’équipements critiques — Dans le contexte « Invasion “interne” » (Invasion). Sur-sollicitation (appels, tickets). Points sensibles : désorganisation, surcharge.;Exemple : Invasion “interne” → destruction d’ouvrages ou d’équipements critiques (ex. décisions immédiates, coordination, reprise).;Dommages matériels, risques de sur-accident, indisponibilité d’équipements.;Maintenance préventive, inspections, redondances techniques, permis de travail.;Mise en sécurité, réparations, expertises, reprise sous conditions.;Moyenne;Élevée;Moyenne;désorganisation, surcharge
382;Invasion;Invasion “interne”;Sur-sollicitation (appels, tickets);Industriel / technique;Déclenchement de sécurités et arrêt automatique des systèmes;Déclenchement de sécurités et arrêt automatique des systèmes — Dans le contexte « Invasion “interne” » (Invasion). Sur-sollicitation (appels, tickets). Points sensibles : désorganisation, surcharge.;Exemple : Invasion “interne” → déclenchement de sécurités et arrêt automatique des systèmes (ex. décisions immédiates, coordination, reprise).;Dommages matériels, risques de sur-accident, indisponibilité d’équipements.;Maintenance préventive, inspections, redondances techniques, permis de travail.;Mise en sécurité, réparations, expertises, reprise sous conditions.;Moyenne;Élevée;Moyenne;désorganisation, surcharge
383;Invasion;Invasion “interne”;Sur-sollicitation (appels, tickets);Ressources humaines;Traumatisme des équipes et stress post-évènement (RPS);Traumatisme des équipes et stress post-évènement (RPS) — Dans le contexte « Invasion “interne” » (Invasion). Sur-sollicitation (appels, tickets). Points sensibles : désorganisation, surcharge.;Exemple : Invasion “interne” → traumatisme des équipes et stress post-évènement (rps) (ex. décisions immédiates, coordination, reprise).;Choc, fatigue, absentéisme, tensions sociales.;Prévention RPS, formation managers, rotations astreinte, culture Stop Work.;Soutien psychologique, communication interne, renforts, repos imposé.;Moyenne;Élevée;Moyenne;désorganisation, surcharge
384;Invasion;Invasion “interne”;Sur-sollicitation (appels, tickets);Ressources humaines;Exposition à des risques physiques (chaleur, fumées, toxiques);Exposition à des risques physiques (chaleur, fumées, toxiques) — Dans le contexte « Invasion “interne” » (Invasion). Sur-sollicitation (appels, tickets). Points sensibles : désorganisation, surcharge.;Exemple : Invasion “interne” → exposition à des risques physiques (chaleur, fumées, toxiques) (ex. décisions immédiates, coordination, reprise).;Choc, fatigue, absentéisme, tensions sociales.;Prévention RPS, formation managers, rotations astreinte, culture Stop Work.;Soutien psychologique, communication interne, renforts, repos imposé.;Moyenne;Élevée;Moyenne;désorganisation, surcharge
385;Invasion;Invasion “interne”;Sur-sollicitation (appels, tickets);Juridique / conformité;Mise en cause pénale (accident grave, mise en danger, pollution);Mise en cause pénale (accident grave, mise en danger, pollution) — Dans le contexte « Invasion “interne” » (Invasion). Sur-sollicitation (appels, tickets). Points sensibles : désorganisation, surcharge.;Exemple : Invasion “interne” → mise en cause pénale (accident grave, mise en danger, pollution) (ex. décisions immédiates, coordination, reprise).;Enquêtes, obligations, contentieux, sanctions.;Veille réglementaire, audits, plans de prévention, conservation des preuves.;Déclarations, interface autorités, stratégie contentieuse, documentation.;Moyenne;Critique;Élevée;désorganisation, surcharge
386;Invasion;Invasion “interne”;Sur-sollicitation (appels, tickets);Juridique / conformité;Contentieux contractuels (pénalités, retards, responsabilités);Contentieux contractuels (pénalités, retards, responsabilités) — Dans le contexte « Invasion “interne” » (Invasion). Sur-sollicitation (appels, tickets). Points sensibles : désorganisation, surcharge.;Exemple : Invasion “interne” → contentieux contractuels (pénalités, retards, responsabilités) (ex. décisions immédiates, coordination, reprise).;Enquêtes, obligations, contentieux, sanctions.;Veille réglementaire, audits, plans de prévention, conservation des preuves.;Déclarations, interface autorités, stratégie contentieuse, documentation.;Moyenne;Critique;Élevée;désorganisation, surcharge
387;Invasion;Invasion “interne”;Sur-sollicitation (appels, tickets);Financier;Coûts de réparation et de remise en état (ouvrages, équipements);Coûts de réparation et de remise en état (ouvrages, équipements) — Dans le contexte « Invasion “interne” » (Invasion). Sur-sollicitation (appels, tickets). Points sensibles : désorganisation, surcharge.;Exemple : Invasion “interne” → coûts de réparation et de remise en état (ouvrages, équipements) (ex. décisions immédiates, coordination, reprise).;Pertes d’exploitation, coûts de remise en état, hausse primes/franchises.;Assurances adaptées, budgets d’urgence, suivi trésorerie, clauses contractuelles.;Activation fonds d’urgence, suivi coûts, déclaration assureur, mitigation pénalités.;Moyenne;Élevée;Moyenne;désorganisation, surcharge
388;Invasion;Invasion “interne”;Sur-sollicitation (appels, tickets);Financier;Hausse des primes, franchises et difficultés d’assurabilité;Hausse des primes, franchises et difficultés d’assurabilité — Dans le contexte « Invasion “interne” » (Invasion). Sur-sollicitation (appels, tickets). Points sensibles : désorganisation, surcharge.;Exemple : Invasion “interne” → hausse des primes, franchises et difficultés d’assurabilité (ex. décisions immédiates, coordination, reprise).;Pertes d’exploitation, coûts de remise en état, hausse primes/franchises.;Assurances adaptées, budgets d’urgence, suivi trésorerie, clauses contractuelles.;Activation fonds d’urgence, suivi coûts, déclaration assureur, mitigation pénalités.;Moyenne;Élevée;Moyenne;désorganisation, surcharge
389;Invasion;Invasion “interne”;Sur-sollicitation (appels, tickets);Image / réputation;Médiatisation nationale / locale et perte de confiance;Médiatisation nationale / locale et perte de confiance — Dans le contexte « Invasion “interne” » (Invasion). Sur-sollicitation (appels, tickets). Points sensibles : désorganisation, surcharge.;Exemple : Invasion “interne” → médiatisation nationale / locale et perte de confiance (ex. décisions immédiates, coordination, reprise).;Perte de confiance, pression médiatique, rumeurs.;Veille médias, porte-parole, éléments de langage, charte RS.;Communication factuelle/empathetic, lutte rumeurs, coordination autorités.;Moyenne;Élevée;Moyenne;désorganisation, surcharge
390;Invasion;Invasion “interne”;Sur-sollicitation (appels, tickets);Image / réputation;Perception d’impréparation ou de manque de transparence;Perception d’impréparation ou de manque de transparence — Dans le contexte « Invasion “interne” » (Invasion). Sur-sollicitation (appels, tickets). Points sensibles : désorganisation, surcharge.;Exemple : Invasion “interne” → perception d’impréparation ou de manque de transparence (ex. décisions immédiates, coordination, reprise).;Perte de confiance, pression médiatique, rumeurs.;Veille médias, porte-parole, éléments de langage, charte RS.;Communication factuelle/empathetic, lutte rumeurs, coordination autorités.;Moyenne;Élevée;Moyenne;désorganisation, surcharge
391;Invasion;Invasion “interne”;Sur-sollicitation (appels, tickets);Géopolitique / institutionnel;Intervention de l’État / autorités (préfecture, inspection, régulateur);Intervention de l’État / autorités (préfecture, inspection, régulateur) — Dans le contexte « Invasion “interne” » (Invasion). Sur-sollicitation (appels, tickets). Points sensibles : désorganisation, surcharge.;Exemple : Invasion “interne” → intervention de l’état / autorités (préfecture, inspection, régulateur) (ex. décisions immédiates, coordination, reprise).;Injonctions, contrôles, arbitrages publics, priorisation ressources.;Veille institutionnelle, carto parties prenantes, protocoles autorités.;Coordination préf/mairie/régulateurs, demandes de moyens publics.;Moyenne;Élevée;Moyenne;désorganisation, surcharge
392;Invasion;Invasion “interne”;Sur-sollicitation (appels, tickets);Géopolitique / institutionnel;Priorisation nationale des ressources (énergie, santé, sécurité);Priorisation nationale des ressources (énergie, santé, sécurité) — Dans le contexte « Invasion “interne” » (Invasion). Sur-sollicitation (appels, tickets). Points sensibles : désorganisation, surcharge.;Exemple : Invasion “interne” → priorisation nationale des ressources (énergie, santé, sécurité) (ex. décisions immédiates, coordination, reprise).;Injonctions, contrôles, arbitrages publics, priorisation ressources.;Veille institutionnelle, carto parties prenantes, protocoles autorités.;Coordination préf/mairie/régulateurs, demandes de moyens publics.;Moyenne;Élevée;Moyenne;désorganisation, surcharge
393;Invasion;Invasion “interne”;Sur-sollicitation (appels, tickets);Informatique / numérique;Perte du SI local (supervision, communications, annuaire, outils métier);Perte du SI local (supervision, communications, annuaire, outils métier) — Dans le contexte « Invasion “interne” » (Invasion). Sur-sollicitation (appels, tickets). Points sensibles : désorganisation, surcharge.;Exemple : Invasion “interne” → perte du si local (supervision, communications, annuaire, outils métier) (ex. décisions immédiates, coordination, reprise).;Perte outils, rupture communications, fuite info.;Segmentation, sauvegardes, redondance télécom, procédures hors-ligne.;Mode dégradé, restauration, canaux alternatifs, contrôle intégrité.;Moyenne;Élevée;Moyenne;désorganisation, surcharge
394;Invasion;Invasion “interne”;Sur-sollicitation (appels, tickets);Informatique / numérique;Cyberattaque opportuniste pendant la crise (phishing, ransom, DDoS);Cyberattaque opportuniste pendant la crise (phishing, ransom, DDoS) — Dans le contexte « Invasion “interne” » (Invasion). Sur-sollicitation (appels, tickets). Points sensibles : désorganisation, surcharge.;Exemple : Invasion “interne” → cyberattaque opportuniste pendant la crise (phishing, ransom, ddos) (ex. décisions immédiates, coordination, reprise).;Perte outils, rupture communications, fuite info.;Segmentation, sauvegardes, redondance télécom, procédures hors-ligne.;Mode dégradé, restauration, canaux alternatifs, contrôle intégrité.;Moyenne;Élevée;Moyenne;désorganisation, surcharge
395;Invasion;Invasion “interne”;Sur-sollicitation (appels, tickets);Défaillance / résilience;Effet domino multi-réseaux (énergie + télécom + eau);Effet domino multi-réseaux (énergie + télécom + eau) — Dans le contexte « Invasion “interne” » (Invasion). Sur-sollicitation (appels, tickets). Points sensibles : désorganisation, surcharge.;Exemple : Invasion “interne” → effet domino multi-réseaux (énergie + télécom + eau) (ex. décisions immédiates, coordination, reprise).;Domino multi-systèmes, crise prolongée, défaillance gouvernance.;Tests de résilience, exercices multi-crises, cartographie dépendances.;Limiter le domino, renforcer gouvernance, cellules spécialisées, REX.;Moyenne;Élevée;Moyenne;désorganisation, surcharge
396;Invasion;Invasion “interne”;Sur-sollicitation (appels, tickets);Défaillance / résilience;Défaillance d’un acteur clé (prestataire, fournisseur, opérateur);Défaillance d’un acteur clé (prestataire, fournisseur, opérateur) — Dans le contexte « Invasion “interne” » (Invasion). Sur-sollicitation (appels, tickets). Points sensibles : désorganisation, surcharge.;Exemple : Invasion “interne” → défaillance d’un acteur clé (prestataire, fournisseur, opérateur) (ex. décisions immédiates, coordination, reprise).;Domino multi-systèmes, crise prolongée, défaillance gouvernance.;Tests de résilience, exercices multi-crises, cartographie dépendances.;Limiter le domino, renforcer gouvernance, cellules spécialisées, REX.;Moyenne;Élevée;Moyenne;désorganisation, surcharge
397;Invasion;Invasion de visiteurs;Curieux/médias sur site;Opérationnel;Arrêt immédiat des activités et sécurisation du périmètre;Arrêt immédiat des activités et sécurisation du périmètre — Dans le contexte « Invasion de visiteurs » (Invasion). Curieux/médias sur site. Points sensibles : image, sécurité.;Exemple : Invasion de visiteurs → arrêt immédiat des activités et sécurisation du périmètre (ex. décisions immédiates, coordination, reprise).;Arrêt/retards, mode dégradé, impacts usagers/clients.;PCA/PRA, procédures mode dégradé, exercices réguliers, annuaire crise.;Arrêt sécurisé, priorisation activités, cellule terrain, points de situation.;Moyenne;Élevée;Moyenne;image, sécurité
398;Invasion;Invasion de visiteurs;Curieux/médias sur site;Opérationnel;Désorganisation de la coordination multi-acteurs (secours, autorités, partenaires);Désorganisation de la coordination multi-acteurs (secours, autorités, partenaires) — Dans le contexte « Invasion de visiteurs » (Invasion). Curieux/médias sur site. Points sensibles : image, sécurité.;Exemple : Invasion de visiteurs → désorganisation de la coordination multi-acteurs (secours, autorités, partenaires) (ex. décisions immédiates, coordination, reprise).;Arrêt/retards, mode dégradé, impacts usagers/clients.;PCA/PRA, procédures mode dégradé, exercices réguliers, annuaire crise.;Arrêt sécurisé, priorisation activités, cellule terrain, points de situation.;Moyenne;Élevée;Moyenne;image, sécurité
399;Invasion;Invasion de visiteurs;Curieux/médias sur site;Industriel / technique;Destruction d’ouvrages ou d’équipements critiques;Destruction d’ouvrages ou d’équipements critiques — Dans le contexte « Invasion de visiteurs » (Invasion). Curieux/médias sur site. Points sensibles : image, sécurité.;Exemple : Invasion de visiteurs → destruction d’ouvrages ou d’équipements critiques (ex. décisions immédiates, coordination, reprise).;Dommages matériels, risques de sur-accident, indisponibilité d’équipements.;Maintenance préventive, inspections, redondances techniques, permis de travail.;Mise en sécurité, réparations, expertises, reprise sous conditions.;Moyenne;Élevée;Moyenne;image, sécurité
400;Invasion;Invasion de visiteurs;Curieux/médias sur site;Industriel / technique;Déclenchement de sécurités et arrêt automatique des systèmes;Déclenchement de sécurités et arrêt automatique des systèmes — Dans le contexte « Invasion de visiteurs » (Invasion). Curieux/médias sur site. Points sensibles : image, sécurité.;Exemple : Invasion de visiteurs → déclenchement de sécurités et arrêt automatique des systèmes (ex. décisions immédiates, coordination, reprise).;Dommages matériels, risques de sur-accident, indisponibilité d’équipements.;Maintenance préventive, inspections, redondances techniques, permis de travail.;Mise en sécurité, réparations, expertises, reprise sous conditions.;Moyenne;Élevée;Moyenne;image, sécurité
401;Invasion;Invasion de visiteurs;Curieux/médias sur site;Ressources humaines;Traumatisme des équipes et stress post-évènement (RPS);Traumatisme des équipes et stress post-évènement (RPS) — Dans le contexte « Invasion de visiteurs » (Invasion). Curieux/médias sur site. Points sensibles : image, sécurité.;Exemple : Invasion de visiteurs → traumatisme des équipes et stress post-évènement (rps) (ex. décisions immédiates, coordination, reprise).;Choc, fatigue, absentéisme, tensions sociales.;Prévention RPS, formation managers, rotations astreinte, culture Stop Work.;Soutien psychologique, communication interne, renforts, repos imposé.;Moyenne;Élevée;Moyenne;image, sécurité
402;Invasion;Invasion de visiteurs;Curieux/médias sur site;Ressources humaines;Exposition à des risques physiques (chaleur, fumées, toxiques);Exposition à des risques physiques (chaleur, fumées, toxiques) — Dans le contexte « Invasion de visiteurs » (Invasion). Curieux/médias sur site. Points sensibles : image, sécurité.;Exemple : Invasion de visiteurs → exposition à des risques physiques (chaleur, fumées, toxiques) (ex. décisions immédiates, coordination, reprise).;Choc, fatigue, absentéisme, tensions sociales.;Prévention RPS, formation managers, rotations astreinte, culture Stop Work.;Soutien psychologique, communication interne, renforts, repos imposé.;Moyenne;Élevée;Moyenne;image, sécurité
403;Invasion;Invasion de visiteurs;Curieux/médias sur site;Juridique / conformité;Mise en cause pénale (accident grave, mise en danger, pollution);Mise en cause pénale (accident grave, mise en danger, pollution) — Dans le contexte « Invasion de visiteurs » (Invasion). Curieux/médias sur site. Points sensibles : image, sécurité.;Exemple : Invasion de visiteurs → mise en cause pénale (accident grave, mise en danger, pollution) (ex. décisions immédiates, coordination, reprise).;Enquêtes, obligations, contentieux, sanctions.;Veille réglementaire, audits, plans de prévention, conservation des preuves.;Déclarations, interface autorités, stratégie contentieuse, documentation.;Moyenne;Critique;Élevée;image, sécurité
404;Invasion;Invasion de visiteurs;Curieux/médias sur site;Juridique / conformité;Contentieux contractuels (pénalités, retards, responsabilités);Contentieux contractuels (pénalités, retards, responsabilités) — Dans le contexte « Invasion de visiteurs » (Invasion). Curieux/médias sur site. Points sensibles : image, sécurité.;Exemple : Invasion de visiteurs → contentieux contractuels (pénalités, retards, responsabilités) (ex. décisions immédiates, coordination, reprise).;Enquêtes, obligations, contentieux, sanctions.;Veille réglementaire, audits, plans de prévention, conservation des preuves.;Déclarations, interface autorités, stratégie contentieuse, documentation.;Moyenne;Critique;Élevée;image, sécurité
405;Invasion;Invasion de visiteurs;Curieux/médias sur site;Financier;Coûts de réparation et de remise en état (ouvrages, équipements);Coûts de réparation et de remise en état (ouvrages, équipements) — Dans le contexte « Invasion de visiteurs » (Invasion). Curieux/médias sur site. Points sensibles : image, sécurité.;Exemple : Invasion de visiteurs → coûts de réparation et de remise en état (ouvrages, équipements) (ex. décisions immédiates, coordination, reprise).;Pertes d’exploitation, coûts de remise en état, hausse primes/franchises.;Assurances adaptées, budgets d’urgence, suivi trésorerie, clauses contractuelles.;Activation fonds d’urgence, suivi coûts, déclaration assureur, mitigation pénalités.;Moyenne;Élevée;Moyenne;image, sécurité
406;Invasion;Invasion de visiteurs;Curieux/médias sur site;Financier;Hausse des primes, franchises et difficultés d’assurabilité;Hausse des primes, franchises et difficultés d’assurabilité — Dans le contexte « Invasion de visiteurs » (Invasion). Curieux/médias sur site. Points sensibles : image, sécurité.;Exemple : Invasion de visiteurs → hausse des primes, franchises et difficultés d’assurabilité (ex. décisions immédiates, coordination, reprise).;Pertes d’exploitation, coûts de remise en état, hausse primes/franchises.;Assurances adaptées, budgets d’urgence, suivi trésorerie, clauses contractuelles.;Activation fonds d’urgence, suivi coûts, déclaration assureur, mitigation pénalités.;Moyenne;Élevée;Moyenne;image, sécurité
407;Invasion;Invasion de visiteurs;Curieux/médias sur site;Image / réputation;Médiatisation nationale / locale et perte de confiance;Médiatisation nationale / locale et perte de confiance — Dans le contexte « Invasion de visiteurs » (Invasion). Curieux/médias sur site. Points sensibles : image, sécurité.;Exemple : Invasion de visiteurs → médiatisation nationale / locale et perte de confiance (ex. décisions immédiates, coordination, reprise).;Perte de confiance, pression médiatique, rumeurs.;Veille médias, porte-parole, éléments de langage, charte RS.;Communication factuelle/empathetic, lutte rumeurs, coordination autorités.;Moyenne;Élevée;Moyenne;image, sécurité
408;Invasion;Invasion de visiteurs;Curieux/médias sur site;Image / réputation;Perception d’impréparation ou de manque de transparence;Perception d’impréparation ou de manque de transparence — Dans le contexte « Invasion de visiteurs » (Invasion). Curieux/médias sur site. Points sensibles : image, sécurité.;Exemple : Invasion de visiteurs → perception d’impréparation ou de manque de transparence (ex. décisions immédiates, coordination, reprise).;Perte de confiance, pression médiatique, rumeurs.;Veille médias, porte-parole, éléments de langage, charte RS.;Communication factuelle/empathetic, lutte rumeurs, coordination autorités.;Moyenne;Élevée;Moyenne;image, sécurité
409;Invasion;Invasion de visiteurs;Curieux/médias sur site;Géopolitique / institutionnel;Intervention de l’État / autorités (préfecture, inspection, régulateur);Intervention de l’État / autorités (préfecture, inspection, régulateur) — Dans le contexte « Invasion de visiteurs » (Invasion). Curieux/médias sur site. Points sensibles : image, sécurité.;Exemple : Invasion de visiteurs → intervention de l’état / autorités (préfecture, inspection, régulateur) (ex. décisions immédiates, coordination, reprise).;Injonctions, contrôles, arbitrages publics, priorisation ressources.;Veille institutionnelle, carto parties prenantes, protocoles autorités.;Coordination préf/mairie/régulateurs, demandes de moyens publics.;Moyenne;Élevée;Moyenne;image, sécurité
410;Invasion;Invasion de visiteurs;Curieux/médias sur site;Géopolitique / institutionnel;Priorisation nationale des ressources (énergie, santé, sécurité);Priorisation nationale des ressources (énergie, santé, sécurité) — Dans le contexte « Invasion de visiteurs » (Invasion). Curieux/médias sur site. Points sensibles : image, sécurité.;Exemple : Invasion de visiteurs → priorisation nationale des ressources (énergie, santé, sécurité) (ex. décisions immédiates, coordination, reprise).;Injonctions, contrôles, arbitrages publics, priorisation ressources.;Veille institutionnelle, carto parties prenantes, protocoles autorités.;Coordination préf/mairie/régulateurs, demandes de moyens publics.;Moyenne;Élevée;Moyenne;image, sécurité
411;Invasion;Invasion de visiteurs;Curieux/médias sur site;Informatique / numérique;Perte du SI local (supervision, communications, annuaire, outils métier);Perte du SI local (supervision, communications, annuaire, outils métier) — Dans le contexte « Invasion de visiteurs » (Invasion). Curieux/médias sur site. Points sensibles : image, sécurité.;Exemple : Invasion de visiteurs → perte du si local (supervision, communications, annuaire, outils métier) (ex. décisions immédiates, coordination, reprise).;Perte outils, rupture communications, fuite info.;Segmentation, sauvegardes, redondance télécom, procédures hors-ligne.;Mode dégradé, restauration, canaux alternatifs, contrôle intégrité.;Moyenne;Élevée;Moyenne;image, sécurité
412;Invasion;Invasion de visiteurs;Curieux/médias sur site;Informatique / numérique;Cyberattaque opportuniste pendant la crise (phishing, ransom, DDoS);Cyberattaque opportuniste pendant la crise (phishing, ransom, DDoS) — Dans le contexte « Invasion de visiteurs » (Invasion). Curieux/médias sur site. Points sensibles : image, sécurité.;Exemple : Invasion de visiteurs → cyberattaque opportuniste pendant la crise (phishing, ransom, ddos) (ex. décisions immédiates, coordination, reprise).;Perte outils, rupture communications, fuite info.;Segmentation, sauvegardes, redondance télécom, procédures hors-ligne.;Mode dégradé, restauration, canaux alternatifs, contrôle intégrité.;Moyenne;Élevée;Moyenne;image, sécurité
413;Invasion;Invasion de visiteurs;Curieux/médias sur site;Défaillance / résilience;Effet domino multi-réseaux (énergie + télécom + eau);Effet domino multi-réseaux (énergie + télécom + eau) — Dans le contexte « Invasion de visiteurs » (Invasion). Curieux/médias sur site. Points sensibles : image, sécurité.;Exemple : Invasion de visiteurs → effet domino multi-réseaux (énergie + télécom + eau) (ex. décisions immédiates, coordination, reprise).;Domino multi-systèmes, crise prolongée, défaillance gouvernance.;Tests de résilience, exercices multi-crises, cartographie dépendances.;Limiter le domino, renforcer gouvernance, cellules spécialisées, REX.;Moyenne;Élevée;Moyenne;image, sécurité
414;Invasion;Invasion de visiteurs;Curieux/médias sur site;Défaillance / résilience;Défaillance d’un acteur clé (prestataire, fournisseur, opérateur);Défaillance d’un acteur clé (prestataire, fournisseur, opérateur) — Dans le contexte « Invasion de visiteurs » (Invasion). Curieux/médias sur site. Points sensibles : image, sécurité.;Exemple : Invasion de visiteurs → défaillance d’un acteur clé (prestataire, fournisseur, opérateur) (ex. décisions immédiates, coordination, reprise).;Domino multi-systèmes, crise prolongée, défaillance gouvernance.;Tests de résilience, exercices multi-crises, cartographie dépendances.;Limiter le domino, renforcer gouvernance, cellules spécialisées, REX.;Moyenne;Élevée;Moyenne;image, sécurité
415;Invasion;Invasion opportuniste;Arrivée de faux prestataires;Opérationnel;Arrêt immédiat des activités et sécurisation du périmètre;Arrêt immédiat des activités et sécurisation du périmètre — Dans le contexte « Invasion opportuniste » (Invasion). Arrivée de faux prestataires. Points sensibles : fraude, confusion.;Exemple : Invasion opportuniste → arrêt immédiat des activités et sécurisation du périmètre (ex. décisions immédiates, coordination, reprise).;Arrêt/retards, mode dégradé, impacts usagers/clients.;PCA/PRA, procédures mode dégradé, exercices réguliers, annuaire crise.;Arrêt sécurisé, priorisation activités, cellule terrain, points de situation.;Moyenne;Élevée;Moyenne;fraude, confusion
416;Invasion;Invasion opportuniste;Arrivée de faux prestataires;Opérationnel;Désorganisation de la coordination multi-acteurs (secours, autorités, partenaires);Désorganisation de la coordination multi-acteurs (secours, autorités, partenaires) — Dans le contexte « Invasion opportuniste » (Invasion). Arrivée de faux prestataires. Points sensibles : fraude, confusion.;Exemple : Invasion opportuniste → désorganisation de la coordination multi-acteurs (secours, autorités, partenaires) (ex. décisions immédiates, coordination, reprise).;Arrêt/retards, mode dégradé, impacts usagers/clients.;PCA/PRA, procédures mode dégradé, exercices réguliers, annuaire crise.;Arrêt sécurisé, priorisation activités, cellule terrain, points de situation.;Moyenne;Élevée;Moyenne;fraude, confusion
417;Invasion;Invasion opportuniste;Arrivée de faux prestataires;Industriel / technique;Destruction d’ouvrages ou d’équipements critiques;Destruction d’ouvrages ou d’équipements critiques — Dans le contexte « Invasion opportuniste » (Invasion). Arrivée de faux prestataires. Points sensibles : fraude, confusion.;Exemple : Invasion opportuniste → destruction d’ouvrages ou d’équipements critiques (ex. décisions immédiates, coordination, reprise).;Dommages matériels, risques de sur-accident, indisponibilité d’équipements.;Maintenance préventive, inspections, redondances techniques, permis de travail.;Mise en sécurité, réparations, expertises, reprise sous conditions.;Moyenne;Élevée;Moyenne;fraude, confusion
418;Invasion;Invasion opportuniste;Arrivée de faux prestataires;Industriel / technique;Déclenchement de sécurités et arrêt automatique des systèmes;Déclenchement de sécurités et arrêt automatique des systèmes — Dans le contexte « Invasion opportuniste » (Invasion). Arrivée de faux prestataires. Points sensibles : fraude, confusion.;Exemple : Invasion opportuniste → déclenchement de sécurités et arrêt automatique des systèmes (ex. décisions immédiates, coordination, reprise).;Dommages matériels, risques de sur-accident, indisponibilité d’équipements.;Maintenance préventive, inspections, redondances techniques, permis de travail.;Mise en sécurité, réparations, expertises, reprise sous conditions.;Moyenne;Élevée;Moyenne;fraude, confusion
419;Invasion;Invasion opportuniste;Arrivée de faux prestataires;Ressources humaines;Traumatisme des équipes et stress post-évènement (RPS);Traumatisme des équipes et stress post-évènement (RPS) — Dans le contexte « Invasion opportuniste » (Invasion). Arrivée de faux prestataires. Points sensibles : fraude, confusion.;Exemple : Invasion opportuniste → traumatisme des équipes et stress post-évènement (rps) (ex. décisions immédiates, coordination, reprise).;Choc, fatigue, absentéisme, tensions sociales.;Prévention RPS, formation managers, rotations astreinte, culture Stop Work.;Soutien psychologique, communication interne, renforts, repos imposé.;Moyenne;Élevée;Moyenne;fraude, confusion
420;Invasion;Invasion opportuniste;Arrivée de faux prestataires;Ressources humaines;Exposition à des risques physiques (chaleur, fumées, toxiques);Exposition à des risques physiques (chaleur, fumées, toxiques) — Dans le contexte « Invasion opportuniste » (Invasion). Arrivée de faux prestataires. Points sensibles : fraude, confusion.;Exemple : Invasion opportuniste → exposition à des risques physiques (chaleur, fumées, toxiques) (ex. décisions immédiates, coordination, reprise).;Choc, fatigue, absentéisme, tensions sociales.;Prévention RPS, formation managers, rotations astreinte, culture Stop Work.;Soutien psychologique, communication interne, renforts, repos imposé.;Moyenne;Élevée;Moyenne;fraude, confusion
421;Invasion;Invasion opportuniste;Arrivée de faux prestataires;Juridique / conformité;Mise en cause pénale (accident grave, mise en danger, pollution);Mise en cause pénale (accident grave, mise en danger, pollution) — Dans le contexte « Invasion opportuniste » (Invasion). Arrivée de faux prestataires. Points sensibles : fraude, confusion.;Exemple : Invasion opportuniste → mise en cause pénale (accident grave, mise en danger, pollution) (ex. décisions immédiates, coordination, reprise).;Enquêtes, obligations, contentieux, sanctions.;Veille réglementaire, audits, plans de prévention, conservation des preuves.;Déclarations, interface autorités, stratégie contentieuse, documentation.;Moyenne;Critique;Élevée;fraude, confusion
422;Invasion;Invasion opportuniste;Arrivée de faux prestataires;Juridique / conformité;Contentieux contractuels (pénalités, retards, responsabilités);Contentieux contractuels (pénalités, retards, responsabilités) — Dans le contexte « Invasion opportuniste » (Invasion). Arrivée de faux prestataires. Points sensibles : fraude, confusion.;Exemple : Invasion opportuniste → contentieux contractuels (pénalités, retards, responsabilités) (ex. décisions immédiates, coordination, reprise).;Enquêtes, obligations, contentieux, sanctions.;Veille réglementaire, audits, plans de prévention, conservation des preuves.;Déclarations, interface autorités, stratégie contentieuse, documentation.;Moyenne;Critique;Élevée;fraude, confusion
423;Invasion;Invasion opportuniste;Arrivée de faux prestataires;Financier;Coûts de réparation et de remise en état (ouvrages, équipements);Coûts de réparation et de remise en état (ouvrages, équipements) — Dans le contexte « Invasion opportuniste » (Invasion). Arrivée de faux prestataires. Points sensibles : fraude, confusion.;Exemple : Invasion opportuniste → coûts de réparation et de remise en état (ouvrages, équipements) (ex. décisions immédiates, coordination, reprise).;Pertes d’exploitation, coûts de remise en état, hausse primes/franchises.;Assurances adaptées, budgets d’urgence, suivi trésorerie, clauses contractuelles.;Activation fonds d’urgence, suivi coûts, déclaration assureur, mitigation pénalités.;Moyenne;Élevée;Moyenne;fraude, confusion
424;Invasion;Invasion opportuniste;Arrivée de faux prestataires;Financier;Hausse des primes, franchises et difficultés d’assurabilité;Hausse des primes, franchises et difficultés d’assurabilité — Dans le contexte « Invasion opportuniste » (Invasion). Arrivée de faux prestataires. Points sensibles : fraude, confusion.;Exemple : Invasion opportuniste → hausse des primes, franchises et difficultés d’assurabilité (ex. décisions immédiates, coordination, reprise).;Pertes d’exploitation, coûts de remise en état, hausse primes/franchises.;Assurances adaptées, budgets d’urgence, suivi trésorerie, clauses contractuelles.;Activation fonds d’urgence, suivi coûts, déclaration assureur, mitigation pénalités.;Moyenne;Élevée;Moyenne;fraude, confusion
425;Invasion;Invasion opportuniste;Arrivée de faux prestataires;Image / réputation;Médiatisation nationale / locale et perte de confiance;Médiatisation nationale / locale et perte de confiance — Dans le contexte « Invasion opportuniste » (Invasion). Arrivée de faux prestataires. Points sensibles : fraude, confusion.;Exemple : Invasion opportuniste → médiatisation nationale / locale et perte de confiance (ex. décisions immédiates, coordination, reprise).;Perte de confiance, pression médiatique, rumeurs.;Veille médias, porte-parole, éléments de langage, charte RS.;Communication factuelle/empathetic, lutte rumeurs, coordination autorités.;Moyenne;Élevée;Moyenne;fraude, confusion
426;Invasion;Invasion opportuniste;Arrivée de faux prestataires;Image / réputation;Perception d’impréparation ou de manque de transparence;Perception d’impréparation ou de manque de transparence — Dans le contexte « Invasion opportuniste » (Invasion). Arrivée de faux prestataires. Points sensibles : fraude, confusion.;Exemple : Invasion opportuniste → perception d’impréparation ou de manque de transparence (ex. décisions immédiates, coordination, reprise).;Perte de confiance, pression médiatique, rumeurs.;Veille médias, porte-parole, éléments de langage, charte RS.;Communication factuelle/empathetic, lutte rumeurs, coordination autorités.;Moyenne;Élevée;Moyenne;fraude, confusion
427;Invasion;Invasion opportuniste;Arrivée de faux prestataires;Géopolitique / institutionnel;Intervention de l’État / autorités (préfecture, inspection, régulateur);Intervention de l’État / autorités (préfecture, inspection, régulateur) — Dans le contexte « Invasion opportuniste » (Invasion). Arrivée de faux prestataires. Points sensibles : fraude, confusion.;Exemple : Invasion opportuniste → intervention de l’état / autorités (préfecture, inspection, régulateur) (ex. décisions immédiates, coordination, reprise).;Injonctions, contrôles, arbitrages publics, priorisation ressources.;Veille institutionnelle, carto parties prenantes, protocoles autorités.;Coordination préf/mairie/régulateurs, demandes de moyens publics.;Moyenne;Élevée;Moyenne;fraude, confusion
428;Invasion;Invasion opportuniste;Arrivée de faux prestataires;Géopolitique / institutionnel;Priorisation nationale des ressources (énergie, santé, sécurité);Priorisation nationale des ressources (énergie, santé, sécurité) — Dans le contexte « Invasion opportuniste » (Invasion). Arrivée de faux prestataires. Points sensibles : fraude, confusion.;Exemple : Invasion opportuniste → priorisation nationale des ressources (énergie, santé, sécurité) (ex. décisions immédiates, coordination, reprise).;Injonctions, contrôles, arbitrages publics, priorisation ressources.;Veille institutionnelle, carto parties prenantes, protocoles autorités.;Coordination préf/mairie/régulateurs, demandes de moyens publics.;Moyenne;Élevée;Moyenne;fraude, confusion
429;Invasion;Invasion opportuniste;Arrivée de faux prestataires;Informatique / numérique;Perte du SI local (supervision, communications, annuaire, outils métier);Perte du SI local (supervision, communications, annuaire, outils métier) — Dans le contexte « Invasion opportuniste » (Invasion). Arrivée de faux prestataires. Points sensibles : fraude, confusion.;Exemple : Invasion opportuniste → perte du si local (supervision, communications, annuaire, outils métier) (ex. décisions immédiates, coordination, reprise).;Perte outils, rupture communications, fuite info.;Segmentation, sauvegardes, redondance télécom, procédures hors-ligne.;Mode dégradé, restauration, canaux alternatifs, contrôle intégrité.;Moyenne;Élevée;Moyenne;fraude, confusion
430;Invasion;Invasion opportuniste;Arrivée de faux prestataires;Informatique / numérique;Cyberattaque opportuniste pendant la crise (phishing, ransom, DDoS);Cyberattaque opportuniste pendant la crise (phishing, ransom, DDoS) — Dans le contexte « Invasion opportuniste » (Invasion). Arrivée de faux prestataires. Points sensibles : fraude, confusion.;Exemple : Invasion opportuniste → cyberattaque opportuniste pendant la crise (phishing, ransom, ddos) (ex. décisions immédiates, coordination, reprise).;Perte outils, rupture communications, fuite info.;Segmentation, sauvegardes, redondance télécom, procédures hors-ligne.;Mode dégradé, restauration, canaux alternatifs, contrôle intégrité.;Moyenne;Élevée;Moyenne;fraude, confusion
431;Invasion;Invasion opportuniste;Arrivée de faux prestataires;Défaillance / résilience;Effet domino multi-réseaux (énergie + télécom + eau);Effet domino multi-réseaux (énergie + télécom + eau) — Dans le contexte « Invasion opportuniste » (Invasion). Arrivée de faux prestataires. Points sensibles : fraude, confusion.;Exemple : Invasion opportuniste → effet domino multi-réseaux (énergie + télécom + eau) (ex. décisions immédiates, coordination, reprise).;Domino multi-systèmes, crise prolongée, défaillance gouvernance.;Tests de résilience, exercices multi-crises, cartographie dépendances.;Limiter le domino, renforcer gouvernance, cellules spécialisées, REX.;Moyenne;Élevée;Moyenne;fraude, confusion
432;Invasion;Invasion opportuniste;Arrivée de faux prestataires;Défaillance / résilience;Défaillance d’un acteur clé (prestataire, fournisseur, opérateur);Défaillance d’un acteur clé (prestataire, fournisseur, opérateur) — Dans le contexte « Invasion opportuniste » (Invasion). Arrivée de faux prestataires. Points sensibles : fraude, confusion.;Exemple : Invasion opportuniste → défaillance d’un acteur clé (prestataire, fournisseur, opérateur) (ex. décisions immédiates, coordination, reprise).;Domino multi-systèmes, crise prolongée, défaillance gouvernance.;Tests de résilience, exercices multi-crises, cartographie dépendances.;Limiter le domino, renforcer gouvernance, cellules spécialisées, REX.;Moyenne;Élevée;Moyenne;fraude, confusion
433;Médico-sanitaire;Épidémie;Virus saisonnier/épidémie locale;Opérationnel;Arrêt immédiat des activités et sécurisation du périmètre;Arrêt immédiat des activités et sécurisation du périmètre — Dans le contexte « Épidémie » (Médico-sanitaire). Virus saisonnier/épidémie locale. Points sensibles : absentéisme, mesures sanitaires.;Exemple : Épidémie → arrêt immédiat des activités et sécurisation du périmètre (ex. décisions immédiates, coordination, reprise).;Arrêt/retards, mode dégradé, impacts usagers/clients.;PCA/PRA, procédures mode dégradé, exercices réguliers, annuaire crise.;Arrêt sécurisé, priorisation activités, cellule terrain, points de situation.;Moyenne;Élevée;Moyenne;absentéisme, mesures sanitaires
434;Médico-sanitaire;Épidémie;Virus saisonnier/épidémie locale;Opérationnel;Désorganisation de la coordination multi-acteurs (secours, autorités, partenaires);Désorganisation de la coordination multi-acteurs (secours, autorités, partenaires) — Dans le contexte « Épidémie » (Médico-sanitaire). Virus saisonnier/épidémie locale. Points sensibles : absentéisme, mesures sanitaires.;Exemple : Épidémie → désorganisation de la coordination multi-acteurs (secours, autorités, partenaires) (ex. décisions immédiates, coordination, reprise).;Arrêt/retards, mode dégradé, impacts usagers/clients.;PCA/PRA, procédures mode dégradé, exercices réguliers, annuaire crise.;Arrêt sécurisé, priorisation activités, cellule terrain, points de situation.;Moyenne;Élevée;Moyenne;absentéisme, mesures sanitaires
435;Médico-sanitaire;Épidémie;Virus saisonnier/épidémie locale;Industriel / technique;Destruction d’ouvrages ou d’équipements critiques;Destruction d’ouvrages ou d’équipements critiques — Dans le contexte « Épidémie » (Médico-sanitaire). Virus saisonnier/épidémie locale. Points sensibles : absentéisme, mesures sanitaires.;Exemple : Épidémie → destruction d’ouvrages ou d’équipements critiques (ex. décisions immédiates, coordination, reprise).;Dommages matériels, risques de sur-accident, indisponibilité d’équipements.;Maintenance préventive, inspections, redondances techniques, permis de travail.;Mise en sécurité, réparations, expertises, reprise sous conditions.;Moyenne;Élevée;Moyenne;absentéisme, mesures sanitaires
436;Médico-sanitaire;Épidémie;Virus saisonnier/épidémie locale;Industriel / technique;Déclenchement de sécurités et arrêt automatique des systèmes;Déclenchement de sécurités et arrêt automatique des systèmes — Dans le contexte « Épidémie » (Médico-sanitaire). Virus saisonnier/épidémie locale. Points sensibles : absentéisme, mesures sanitaires.;Exemple : Épidémie → déclenchement de sécurités et arrêt automatique des systèmes (ex. décisions immédiates, coordination, reprise).;Dommages matériels, risques de sur-accident, indisponibilité d’équipements.;Maintenance préventive, inspections, redondances techniques, permis de travail.;Mise en sécurité, réparations, expertises, reprise sous conditions.;Moyenne;Élevée;Moyenne;absentéisme, mesures sanitaires
437;Médico-sanitaire;Épidémie;Virus saisonnier/épidémie locale;Ressources humaines;Traumatisme des équipes et stress post-évènement (RPS);Traumatisme des équipes et stress post-évènement (RPS) — Dans le contexte « Épidémie » (Médico-sanitaire). Virus saisonnier/épidémie locale. Points sensibles : absentéisme, mesures sanitaires.;Exemple : Épidémie → traumatisme des équipes et stress post-évènement (rps) (ex. décisions immédiates, coordination, reprise).;Choc, fatigue, absentéisme, tensions sociales.;Prévention RPS, formation managers, rotations astreinte, culture Stop Work.;Soutien psychologique, communication interne, renforts, repos imposé.;Moyenne;Élevée;Moyenne;absentéisme, mesures sanitaires
438;Médico-sanitaire;Épidémie;Virus saisonnier/épidémie locale;Ressources humaines;Exposition à des risques physiques (chaleur, fumées, toxiques);Exposition à des risques physiques (chaleur, fumées, toxiques) — Dans le contexte « Épidémie » (Médico-sanitaire). Virus saisonnier/épidémie locale. Points sensibles : absentéisme, mesures sanitaires.;Exemple : Épidémie → exposition à des risques physiques (chaleur, fumées, toxiques) (ex. décisions immédiates, coordination, reprise).;Choc, fatigue, absentéisme, tensions sociales.;Prévention RPS, formation managers, rotations astreinte, culture Stop Work.;Soutien psychologique, communication interne, renforts, repos imposé.;Moyenne;Élevée;Moyenne;absentéisme, mesures sanitaires
439;Médico-sanitaire;Épidémie;Virus saisonnier/épidémie locale;Juridique / conformité;Mise en cause pénale (accident grave, mise en danger, pollution);Mise en cause pénale (accident grave, mise en danger, pollution) — Dans le contexte « Épidémie » (Médico-sanitaire). Virus saisonnier/épidémie locale. Points sensibles : absentéisme, mesures sanitaires.;Exemple : Épidémie → mise en cause pénale (accident grave, mise en danger, pollution) (ex. décisions immédiates, coordination, reprise).;Enquêtes, obligations, contentieux, sanctions.;Veille réglementaire, audits, plans de prévention, conservation des preuves.;Déclarations, interface autorités, stratégie contentieuse, documentation.;Moyenne;Critique;Élevée;absentéisme, mesures sanitaires
440;Médico-sanitaire;Épidémie;Virus saisonnier/épidémie locale;Juridique / conformité;Contentieux contractuels (pénalités, retards, responsabilités);Contentieux contractuels (pénalités, retards, responsabilités) — Dans le contexte « Épidémie » (Médico-sanitaire). Virus saisonnier/épidémie locale. Points sensibles : absentéisme, mesures sanitaires.;Exemple : Épidémie → contentieux contractuels (pénalités, retards, responsabilités) (ex. décisions immédiates, coordination, reprise).;Enquêtes, obligations, contentieux, sanctions.;Veille réglementaire, audits, plans de prévention, conservation des preuves.;Déclarations, interface autorités, stratégie contentieuse, documentation.;Moyenne;Critique;Élevée;absentéisme, mesures sanitaires
441;Médico-sanitaire;Épidémie;Virus saisonnier/épidémie locale;Financier;Coûts de réparation et de remise en état (ouvrages, équipements);Coûts de réparation et de remise en état (ouvrages, équipements) — Dans le contexte « Épidémie » (Médico-sanitaire). Virus saisonnier/épidémie locale. Points sensibles : absentéisme, mesures sanitaires.;Exemple : Épidémie → coûts de réparation et de remise en état (ouvrages, équipements) (ex. décisions immédiates, coordination, reprise).;Pertes d’exploitation, coûts de remise en état, hausse primes/franchises.;Assurances adaptées, budgets d’urgence, suivi trésorerie, clauses contractuelles.;Activation fonds d’urgence, suivi coûts, déclaration assureur, mitigation pénalités.;Moyenne;Élevée;Moyenne;absentéisme, mesures sanitaires
442;Médico-sanitaire;Épidémie;Virus saisonnier/épidémie locale;Financier;Hausse des primes, franchises et difficultés d’assurabilité;Hausse des primes, franchises et difficultés d’assurabilité — Dans le contexte « Épidémie » (Médico-sanitaire). Virus saisonnier/épidémie locale. Points sensibles : absentéisme, mesures sanitaires.;Exemple : Épidémie → hausse des primes, franchises et difficultés d’assurabilité (ex. décisions immédiates, coordination, reprise).;Pertes d’exploitation, coûts de remise en état, hausse primes/franchises.;Assurances adaptées, budgets d’urgence, suivi trésorerie, clauses contractuelles.;Activation fonds d’urgence, suivi coûts, déclaration assureur, mitigation pénalités.;Moyenne;Élevée;Moyenne;absentéisme, mesures sanitaires
443;Médico-sanitaire;Épidémie;Virus saisonnier/épidémie locale;Image / réputation;Médiatisation nationale / locale et perte de confiance;Médiatisation nationale / locale et perte de confiance — Dans le contexte « Épidémie » (Médico-sanitaire). Virus saisonnier/épidémie locale. Points sensibles : absentéisme, mesures sanitaires.;Exemple : Épidémie → médiatisation nationale / locale et perte de confiance (ex. décisions immédiates, coordination, reprise).;Perte de confiance, pression médiatique, rumeurs.;Veille médias, porte-parole, éléments de langage, charte RS.;Communication factuelle/empathetic, lutte rumeurs, coordination autorités.;Moyenne;Élevée;Moyenne;absentéisme, mesures sanitaires
444;Médico-sanitaire;Épidémie;Virus saisonnier/épidémie locale;Image / réputation;Perception d’impréparation ou de manque de transparence;Perception d’impréparation ou de manque de transparence — Dans le contexte « Épidémie » (Médico-sanitaire). Virus saisonnier/épidémie locale. Points sensibles : absentéisme, mesures sanitaires.;Exemple : Épidémie → perception d’impréparation ou de manque de transparence (ex. décisions immédiates, coordination, reprise).;Perte de confiance, pression médiatique, rumeurs.;Veille médias, porte-parole, éléments de langage, charte RS.;Communication factuelle/empathetic, lutte rumeurs, coordination autorités.;Moyenne;Élevée;Moyenne;absentéisme, mesures sanitaires
445;Médico-sanitaire;Épidémie;Virus saisonnier/épidémie locale;Géopolitique / institutionnel;Intervention de l’État / autorités (préfecture, inspection, régulateur);Intervention de l’État / autorités (préfecture, inspection, régulateur) — Dans le contexte « Épidémie » (Médico-sanitaire). Virus saisonnier/épidémie locale. Points sensibles : absentéisme, mesures sanitaires.;Exemple : Épidémie → intervention de l’état / autorités (préfecture, inspection, régulateur) (ex. décisions immédiates, coordination, reprise).;Injonctions, contrôles, arbitrages publics, priorisation ressources.;Veille institutionnelle, carto parties prenantes, protocoles autorités.;Coordination préf/mairie/régulateurs, demandes de moyens publics.;Moyenne;Élevée;Moyenne;absentéisme, mesures sanitaires
446;Médico-sanitaire;Épidémie;Virus saisonnier/épidémie locale;Géopolitique / institutionnel;Priorisation nationale des ressources (énergie, santé, sécurité);Priorisation nationale des ressources (énergie, santé, sécurité) — Dans le contexte « Épidémie » (Médico-sanitaire). Virus saisonnier/épidémie locale. Points sensibles : absentéisme, mesures sanitaires.;Exemple : Épidémie → priorisation nationale des ressources (énergie, santé, sécurité) (ex. décisions immédiates, coordination, reprise).;Injonctions, contrôles, arbitrages publics, priorisation ressources.;Veille institutionnelle, carto parties prenantes, protocoles autorités.;Coordination préf/mairie/régulateurs, demandes de moyens publics.;Moyenne;Élevée;Moyenne;absentéisme, mesures sanitaires
447;Médico-sanitaire;Épidémie;Virus saisonnier/épidémie locale;Informatique / numérique;Perte du SI local (supervision, communications, annuaire, outils métier);Perte du SI local (supervision, communications, annuaire, outils métier) — Dans le contexte « Épidémie » (Médico-sanitaire). Virus saisonnier/épidémie locale. Points sensibles : absentéisme, mesures sanitaires.;Exemple : Épidémie → perte du si local (supervision, communications, annuaire, outils métier) (ex. décisions immédiates, coordination, reprise).;Perte outils, rupture communications, fuite info.;Segmentation, sauvegardes, redondance télécom, procédures hors-ligne.;Mode dégradé, restauration, canaux alternatifs, contrôle intégrité.;Moyenne;Élevée;Moyenne;absentéisme, mesures sanitaires
448;Médico-sanitaire;Épidémie;Virus saisonnier/épidémie locale;Informatique / numérique;Cyberattaque opportuniste pendant la crise (phishing, ransom, DDoS);Cyberattaque opportuniste pendant la crise (phishing, ransom, DDoS) — Dans le contexte « Épidémie » (Médico-sanitaire). Virus saisonnier/épidémie locale. Points sensibles : absentéisme, mesures sanitaires.;Exemple : Épidémie → cyberattaque opportuniste pendant la crise (phishing, ransom, ddos) (ex. décisions immédiates, coordination, reprise).;Perte outils, rupture communications, fuite info.;Segmentation, sauvegardes, redondance télécom, procédures hors-ligne.;Mode dégradé, restauration, canaux alternatifs, contrôle intégrité.;Moyenne;Élevée;Moyenne;absentéisme, mesures sanitaires
449;Médico-sanitaire;Épidémie;Virus saisonnier/épidémie locale;Défaillance / résilience;Effet domino multi-réseaux (énergie + télécom + eau);Effet domino multi-réseaux (énergie + télécom + eau) — Dans le contexte « Épidémie » (Médico-sanitaire). Virus saisonnier/épidémie locale. Points sensibles : absentéisme, mesures sanitaires.;Exemple : Épidémie → effet domino multi-réseaux (énergie + télécom + eau) (ex. décisions immédiates, coordination, reprise).;Domino multi-systèmes, crise prolongée, défaillance gouvernance.;Tests de résilience, exercices multi-crises, cartographie dépendances.;Limiter le domino, renforcer gouvernance, cellules spécialisées, REX.;Moyenne;Élevée;Moyenne;absentéisme, mesures sanitaires
450;Médico-sanitaire;Épidémie;Virus saisonnier/épidémie locale;Défaillance / résilience;Défaillance d’un acteur clé (prestataire, fournisseur, opérateur);Défaillance d’un acteur clé (prestataire, fournisseur, opérateur) — Dans le contexte « Épidémie » (Médico-sanitaire). Virus saisonnier/épidémie locale. Points sensibles : absentéisme, mesures sanitaires.;Exemple : Épidémie → défaillance d’un acteur clé (prestataire, fournisseur, opérateur) (ex. décisions immédiates, coordination, reprise).;Domino multi-systèmes, crise prolongée, défaillance gouvernance.;Tests de résilience, exercices multi-crises, cartographie dépendances.;Limiter le domino, renforcer gouvernance, cellules spécialisées, REX.;Moyenne;Élevée;Moyenne;absentéisme, mesures sanitaires
451;Médico-sanitaire;Pandémie;Crise sanitaire majeure;Opérationnel;Arrêt immédiat des activités et sécurisation du périmètre;Arrêt immédiat des activités et sécurisation du périmètre — Dans le contexte « Pandémie » (Médico-sanitaire). Crise sanitaire majeure. Points sensibles : PCA, télétravail, restrictions.;Exemple : Pandémie → arrêt immédiat des activités et sécurisation du périmètre (ex. décisions immédiates, coordination, reprise).;Arrêt/retards, mode dégradé, impacts usagers/clients.;PCA/PRA, procédures mode dégradé, exercices réguliers, annuaire crise.;Arrêt sécurisé, priorisation activités, cellule terrain, points de situation.;Moyenne;Élevée;Moyenne;PCA, télétravail, restrictions
452;Médico-sanitaire;Pandémie;Crise sanitaire majeure;Opérationnel;Désorganisation de la coordination multi-acteurs (secours, autorités, partenaires);Désorganisation de la coordination multi-acteurs (secours, autorités, partenaires) — Dans le contexte « Pandémie » (Médico-sanitaire). Crise sanitaire majeure. Points sensibles : PCA, télétravail, restrictions.;Exemple : Pandémie → désorganisation de la coordination multi-acteurs (secours, autorités, partenaires) (ex. décisions immédiates, coordination, reprise).;Arrêt/retards, mode dégradé, impacts usagers/clients.;PCA/PRA, procédures mode dégradé, exercices réguliers, annuaire crise.;Arrêt sécurisé, priorisation activités, cellule terrain, points de situation.;Moyenne;Élevée;Moyenne;PCA, télétravail, restrictions
453;Médico-sanitaire;Pandémie;Crise sanitaire majeure;Industriel / technique;Destruction d’ouvrages ou d’équipements critiques;Destruction d’ouvrages ou d’équipements critiques — Dans le contexte « Pandémie » (Médico-sanitaire). Crise sanitaire majeure. Points sensibles : PCA, télétravail, restrictions.;Exemple : Pandémie → destruction d’ouvrages ou d’équipements critiques (ex. décisions immédiates, coordination, reprise).;Dommages matériels, risques de sur-accident, indisponibilité d’équipements.;Maintenance préventive, inspections, redondances techniques, permis de travail.;Mise en sécurité, réparations, expertises, reprise sous conditions.;Moyenne;Élevée;Moyenne;PCA, télétravail, restrictions
454;Médico-sanitaire;Pandémie;Crise sanitaire majeure;Industriel / technique;Déclenchement de sécurités et arrêt automatique des systèmes;Déclenchement de sécurités et arrêt automatique des systèmes — Dans le contexte « Pandémie » (Médico-sanitaire). Crise sanitaire majeure. Points sensibles : PCA, télétravail, restrictions.;Exemple : Pandémie → déclenchement de sécurités et arrêt automatique des systèmes (ex. décisions immédiates, coordination, reprise).;Dommages matériels, risques de sur-accident, indisponibilité d’équipements.;Maintenance préventive, inspections, redondances techniques, permis de travail.;Mise en sécurité, réparations, expertises, reprise sous conditions.;Moyenne;Élevée;Moyenne;PCA, télétravail, restrictions
455;Médico-sanitaire;Pandémie;Crise sanitaire majeure;Ressources humaines;Traumatisme des équipes et stress post-évènement (RPS);Traumatisme des équipes et stress post-évènement (RPS) — Dans le contexte « Pandémie » (Médico-sanitaire). Crise sanitaire majeure. Points sensibles : PCA, télétravail, restrictions.;Exemple : Pandémie → traumatisme des équipes et stress post-évènement (rps) (ex. décisions immédiates, coordination, reprise).;Choc, fatigue, absentéisme, tensions sociales.;Prévention RPS, formation managers, rotations astreinte, culture Stop Work.;Soutien psychologique, communication interne, renforts, repos imposé.;Moyenne;Élevée;Moyenne;PCA, télétravail, restrictions
456;Médico-sanitaire;Pandémie;Crise sanitaire majeure;Ressources humaines;Exposition à des risques physiques (chaleur, fumées, toxiques);Exposition à des risques physiques (chaleur, fumées, toxiques) — Dans le contexte « Pandémie » (Médico-sanitaire). Crise sanitaire majeure. Points sensibles : PCA, télétravail, restrictions.;Exemple : Pandémie → exposition à des risques physiques (chaleur, fumées, toxiques) (ex. décisions immédiates, coordination, reprise).;Choc, fatigue, absentéisme, tensions sociales.;Prévention RPS, formation managers, rotations astreinte, culture Stop Work.;Soutien psychologique, communication interne, renforts, repos imposé.;Moyenne;Élevée;Moyenne;PCA, télétravail, restrictions
457;Médico-sanitaire;Pandémie;Crise sanitaire majeure;Juridique / conformité;Mise en cause pénale (accident grave, mise en danger, pollution);Mise en cause pénale (accident grave, mise en danger, pollution) — Dans le contexte « Pandémie » (Médico-sanitaire). Crise sanitaire majeure. Points sensibles : PCA, télétravail, restrictions.;Exemple : Pandémie → mise en cause pénale (accident grave, mise en danger, pollution) (ex. décisions immédiates, coordination, reprise).;Enquêtes, obligations, contentieux, sanctions.;Veille réglementaire, audits, plans de prévention, conservation des preuves.;Déclarations, interface autorités, stratégie contentieuse, documentation.;Moyenne;Critique;Élevée;PCA, télétravail, restrictions
458;Médico-sanitaire;Pandémie;Crise sanitaire majeure;Juridique / conformité;Contentieux contractuels (pénalités, retards, responsabilités);Contentieux contractuels (pénalités, retards, responsabilités) — Dans le contexte « Pandémie » (Médico-sanitaire). Crise sanitaire majeure. Points sensibles : PCA, télétravail, restrictions.;Exemple : Pandémie → contentieux contractuels (pénalités, retards, responsabilités) (ex. décisions immédiates, coordination, reprise).;Enquêtes, obligations, contentieux, sanctions.;Veille réglementaire, audits, plans de prévention, conservation des preuves.;Déclarations, interface autorités, stratégie contentieuse, documentation.;Moyenne;Critique;Élevée;PCA, télétravail, restrictions
459;Médico-sanitaire;Pandémie;Crise sanitaire majeure;Financier;Coûts de réparation et de remise en état (ouvrages, équipements);Coûts de réparation et de remise en état (ouvrages, équipements) — Dans le contexte « Pandémie » (Médico-sanitaire). Crise sanitaire majeure. Points sensibles : PCA, télétravail, restrictions.;Exemple : Pandémie → coûts de réparation et de remise en état (ouvrages, équipements) (ex. décisions immédiates, coordination, reprise).;Pertes d’exploitation, coûts de remise en état, hausse primes/franchises.;Assurances adaptées, budgets d’urgence, suivi trésorerie, clauses contractuelles.;Activation fonds d’urgence, suivi coûts, déclaration assureur, mitigation pénalités.;Moyenne;Élevée;Moyenne;PCA, télétravail, restrictions
460;Médico-sanitaire;Pandémie;Crise sanitaire majeure;Financier;Hausse des primes, franchises et difficultés d’assurabilité;Hausse des primes, franchises et difficultés d’assurabilité — Dans le contexte « Pandémie » (Médico-sanitaire). Crise sanitaire majeure. Points sensibles : PCA, télétravail, restrictions.;Exemple : Pandémie → hausse des primes, franchises et difficultés d’assurabilité (ex. décisions immédiates, coordination, reprise).;Pertes d’exploitation, coûts de remise en état, hausse primes/franchises.;Assurances adaptées, budgets d’urgence, suivi trésorerie, clauses contractuelles.;Activation fonds d’urgence, suivi coûts, déclaration assureur, mitigation pénalités.;Moyenne;Élevée;Moyenne;PCA, télétravail, restrictions
461;Médico-sanitaire;Pandémie;Crise sanitaire majeure;Image / réputation;Médiatisation nationale / locale et perte de confiance;Médiatisation nationale / locale et perte de confiance — Dans le contexte « Pandémie » (Médico-sanitaire). Crise sanitaire majeure. Points sensibles : PCA, télétravail, restrictions.;Exemple : Pandémie → médiatisation nationale / locale et perte de confiance (ex. décisions immédiates, coordination, reprise).;Perte de confiance, pression médiatique, rumeurs.;Veille médias, porte-parole, éléments de langage, charte RS.;Communication factuelle/empathetic, lutte rumeurs, coordination autorités.;Moyenne;Élevée;Moyenne;PCA, télétravail, restrictions
462;Médico-sanitaire;Pandémie;Crise sanitaire majeure;Image / réputation;Perception d’impréparation ou de manque de transparence;Perception d’impréparation ou de manque de transparence — Dans le contexte « Pandémie » (Médico-sanitaire). Crise sanitaire majeure. Points sensibles : PCA, télétravail, restrictions.;Exemple : Pandémie → perception d’impréparation ou de manque de transparence (ex. décisions immédiates, coordination, reprise).;Perte de confiance, pression médiatique, rumeurs.;Veille médias, porte-parole, éléments de langage, charte RS.;Communication factuelle/empathetic, lutte rumeurs, coordination autorités.;Moyenne;Élevée;Moyenne;PCA, télétravail, restrictions
463;Médico-sanitaire;Pandémie;Crise sanitaire majeure;Géopolitique / institutionnel;Intervention de l’État / autorités (préfecture, inspection, régulateur);Intervention de l’État / autorités (préfecture, inspection, régulateur) — Dans le contexte « Pandémie » (Médico-sanitaire). Crise sanitaire majeure. Points sensibles : PCA, télétravail, restrictions.;Exemple : Pandémie → intervention de l’état / autorités (préfecture, inspection, régulateur) (ex. décisions immédiates, coordination, reprise).;Injonctions, contrôles, arbitrages publics, priorisation ressources.;Veille institutionnelle, carto parties prenantes, protocoles autorités.;Coordination préf/mairie/régulateurs, demandes de moyens publics.;Moyenne;Élevée;Moyenne;PCA, télétravail, restrictions
464;Médico-sanitaire;Pandémie;Crise sanitaire majeure;Géopolitique / institutionnel;Priorisation nationale des ressources (énergie, santé, sécurité);Priorisation nationale des ressources (énergie, santé, sécurité) — Dans le contexte « Pandémie » (Médico-sanitaire). Crise sanitaire majeure. Points sensibles : PCA, télétravail, restrictions.;Exemple : Pandémie → priorisation nationale des ressources (énergie, santé, sécurité) (ex. décisions immédiates, coordination, reprise).;Injonctions, contrôles, arbitrages publics, priorisation ressources.;Veille institutionnelle, carto parties prenantes, protocoles autorités.;Coordination préf/mairie/régulateurs, demandes de moyens publics.;Moyenne;Élevée;Moyenne;PCA, télétravail, restrictions
465;Médico-sanitaire;Pandémie;Crise sanitaire majeure;Informatique / numérique;Perte du SI local (supervision, communications, annuaire, outils métier);Perte du SI local (supervision, communications, annuaire, outils métier) — Dans le contexte « Pandémie » (Médico-sanitaire). Crise sanitaire majeure. Points sensibles : PCA, télétravail, restrictions.;Exemple : Pandémie → perte du si local (supervision, communications, annuaire, outils métier) (ex. décisions immédiates, coordination, reprise).;Perte outils, rupture communications, fuite info.;Segmentation, sauvegardes, redondance télécom, procédures hors-ligne.;Mode dégradé, restauration, canaux alternatifs, contrôle intégrité.;Moyenne;Élevée;Moyenne;PCA, télétravail, restrictions
466;Médico-sanitaire;Pandémie;Crise sanitaire majeure;Informatique / numérique;Cyberattaque opportuniste pendant la crise (phishing, ransom, DDoS);Cyberattaque opportuniste pendant la crise (phishing, ransom, DDoS) — Dans le contexte « Pandémie » (Médico-sanitaire). Crise sanitaire majeure. Points sensibles : PCA, télétravail, restrictions.;Exemple : Pandémie → cyberattaque opportuniste pendant la crise (phishing, ransom, ddos) (ex. décisions immédiates, coordination, reprise).;Perte outils, rupture communications, fuite info.;Segmentation, sauvegardes, redondance télécom, procédures hors-ligne.;Mode dégradé, restauration, canaux alternatifs, contrôle intégrité.;Moyenne;Élevée;Moyenne;PCA, télétravail, restrictions
467;Médico-sanitaire;Pandémie;Crise sanitaire majeure;Défaillance / résilience;Effet domino multi-réseaux (énergie + télécom + eau);Effet domino multi-réseaux (énergie + télécom + eau) — Dans le contexte « Pandémie » (Médico-sanitaire). Crise sanitaire majeure. Points sensibles : PCA, télétravail, restrictions.;Exemple : Pandémie → effet domino multi-réseaux (énergie + télécom + eau) (ex. décisions immédiates, coordination, reprise).;Domino multi-systèmes, crise prolongée, défaillance gouvernance.;Tests de résilience, exercices multi-crises, cartographie dépendances.;Limiter le domino, renforcer gouvernance, cellules spécialisées, REX.;Moyenne;Élevée;Moyenne;PCA, télétravail, restrictions
468;Médico-sanitaire;Pandémie;Crise sanitaire majeure;Défaillance / résilience;Défaillance d’un acteur clé (prestataire, fournisseur, opérateur);Défaillance d’un acteur clé (prestataire, fournisseur, opérateur) — Dans le contexte « Pandémie » (Médico-sanitaire). Crise sanitaire majeure. Points sensibles : PCA, télétravail, restrictions.;Exemple : Pandémie → défaillance d’un acteur clé (prestataire, fournisseur, opérateur) (ex. décisions immédiates, coordination, reprise).;Domino multi-systèmes, crise prolongée, défaillance gouvernance.;Tests de résilience, exercices multi-crises, cartographie dépendances.;Limiter le domino, renforcer gouvernance, cellules spécialisées, REX.;Moyenne;Élevée;Moyenne;PCA, télétravail, restrictions
469;Médico-sanitaire;Épizootie;Maladie animale affectant chaîne;Opérationnel;Arrêt immédiat des activités et sécurisation du périmètre;Arrêt immédiat des activités et sécurisation du périmètre — Dans le contexte « Épizootie » (Médico-sanitaire). Maladie animale affectant chaîne. Points sensibles : ruptures appro, restrictions.;Exemple : Épizootie → arrêt immédiat des activités et sécurisation du périmètre (ex. décisions immédiates, coordination, reprise).;Arrêt/retards, mode dégradé, impacts usagers/clients.;PCA/PRA, procédures mode dégradé, exercices réguliers, annuaire crise.;Arrêt sécurisé, priorisation activités, cellule terrain, points de situation.;Moyenne;Élevée;Moyenne;ruptures appro, restrictions
470;Médico-sanitaire;Épizootie;Maladie animale affectant chaîne;Opérationnel;Désorganisation de la coordination multi-acteurs (secours, autorités, partenaires);Désorganisation de la coordination multi-acteurs (secours, autorités, partenaires) — Dans le contexte « Épizootie » (Médico-sanitaire). Maladie animale affectant chaîne. Points sensibles : ruptures appro, restrictions.;Exemple : Épizootie → désorganisation de la coordination multi-acteurs (secours, autorités, partenaires) (ex. décisions immédiates, coordination, reprise).;Arrêt/retards, mode dégradé, impacts usagers/clients.;PCA/PRA, procédures mode dégradé, exercices réguliers, annuaire crise.;Arrêt sécurisé, priorisation activités, cellule terrain, points de situation.;Moyenne;Élevée;Moyenne;ruptures appro, restrictions
471;Médico-sanitaire;Épizootie;Maladie animale affectant chaîne;Industriel / technique;Destruction d’ouvrages ou d’équipements critiques;Destruction d’ouvrages ou d’équipements critiques — Dans le contexte « Épizootie » (Médico-sanitaire). Maladie animale affectant chaîne. Points sensibles : ruptures appro, restrictions.;Exemple : Épizootie → destruction d’ouvrages ou d’équipements critiques (ex. décisions immédiates, coordination, reprise).;Dommages matériels, risques de sur-accident, indisponibilité d’équipements.;Maintenance préventive, inspections, redondances techniques, permis de travail.;Mise en sécurité, réparations, expertises, reprise sous conditions.;Moyenne;Élevée;Moyenne;ruptures appro, restrictions
472;Médico-sanitaire;Épizootie;Maladie animale affectant chaîne;Industriel / technique;Déclenchement de sécurités et arrêt automatique des systèmes;Déclenchement de sécurités et arrêt automatique des systèmes — Dans le contexte « Épizootie » (Médico-sanitaire). Maladie animale affectant chaîne. Points sensibles : ruptures appro, restrictions.;Exemple : Épizootie → déclenchement de sécurités et arrêt automatique des systèmes (ex. décisions immédiates, coordination, reprise).;Dommages matériels, risques de sur-accident, indisponibilité d’équipements.;Maintenance préventive, inspections, redondances techniques, permis de travail.;Mise en sécurité, réparations, expertises, reprise sous conditions.;Moyenne;Élevée;Moyenne;ruptures appro, restrictions
473;Médico-sanitaire;Épizootie;Maladie animale affectant chaîne;Ressources humaines;Traumatisme des équipes et stress post-évènement (RPS);Traumatisme des équipes et stress post-évènement (RPS) — Dans le contexte « Épizootie » (Médico-sanitaire). Maladie animale affectant chaîne. Points sensibles : ruptures appro, restrictions.;Exemple : Épizootie → traumatisme des équipes et stress post-évènement (rps) (ex. décisions immédiates, coordination, reprise).;Choc, fatigue, absentéisme, tensions sociales.;Prévention RPS, formation managers, rotations astreinte, culture Stop Work.;Soutien psychologique, communication interne, renforts, repos imposé.;Moyenne;Élevée;Moyenne;ruptures appro, restrictions
474;Médico-sanitaire;Épizootie;Maladie animale affectant chaîne;Ressources humaines;Exposition à des risques physiques (chaleur, fumées, toxiques);Exposition à des risques physiques (chaleur, fumées, toxiques) — Dans le contexte « Épizootie » (Médico-sanitaire). Maladie animale affectant chaîne. Points sensibles : ruptures appro, restrictions.;Exemple : Épizootie → exposition à des risques physiques (chaleur, fumées, toxiques) (ex. décisions immédiates, coordination, reprise).;Choc, fatigue, absentéisme, tensions sociales.;Prévention RPS, formation managers, rotations astreinte, culture Stop Work.;Soutien psychologique, communication interne, renforts, repos imposé.;Moyenne;Élevée;Moyenne;ruptures appro, restrictions
475;Médico-sanitaire;Épizootie;Maladie animale affectant chaîne;Juridique / conformité;Mise en cause pénale (accident grave, mise en danger, pollution);Mise en cause pénale (accident grave, mise en danger, pollution) — Dans le contexte « Épizootie » (Médico-sanitaire). Maladie animale affectant chaîne. Points sensibles : ruptures appro, restrictions.;Exemple : Épizootie → mise en cause pénale (accident grave, mise en danger, pollution) (ex. décisions immédiates, coordination, reprise).;Enquêtes, obligations, contentieux, sanctions.;Veille réglementaire, audits, plans de prévention, conservation des preuves.;Déclarations, interface autorités, stratégie contentieuse, documentation.;Moyenne;Critique;Élevée;ruptures appro, restrictions
476;Médico-sanitaire;Épizootie;Maladie animale affectant chaîne;Juridique / conformité;Contentieux contractuels (pénalités, retards, responsabilités);Contentieux contractuels (pénalités, retards, responsabilités) — Dans le contexte « Épizootie » (Médico-sanitaire). Maladie animale affectant chaîne. Points sensibles : ruptures appro, restrictions.;Exemple : Épizootie → contentieux contractuels (pénalités, retards, responsabilités) (ex. décisions immédiates, coordination, reprise).;Enquêtes, obligations, contentieux, sanctions.;Veille réglementaire, audits, plans de prévention, conservation des preuves.;Déclarations, interface autorités, stratégie contentieuse, documentation.;Moyenne;Critique;Élevée;ruptures appro, restrictions
477;Médico-sanitaire;Épizootie;Maladie animale affectant chaîne;Financier;Coûts de réparation et de remise en état (ouvrages, équipements);Coûts de réparation et de remise en état (ouvrages, équipements) — Dans le contexte « Épizootie » (Médico-sanitaire). Maladie animale affectant chaîne. Points sensibles : ruptures appro, restrictions.;Exemple : Épizootie → coûts de réparation et de remise en état (ouvrages, équipements) (ex. décisions immédiates, coordination, reprise).;Pertes d’exploitation, coûts de remise en état, hausse primes/franchises.;Assurances adaptées, budgets d’urgence, suivi trésorerie, clauses contractuelles.;Activation fonds d’urgence, suivi coûts, déclaration assureur, mitigation pénalités.;Moyenne;Élevée;Moyenne;ruptures appro, restrictions
478;Médico-sanitaire;Épizootie;Maladie animale affectant chaîne;Financier;Hausse des primes, franchises et difficultés d’assurabilité;Hausse des primes, franchises et difficultés d’assurabilité — Dans le contexte « Épizootie » (Médico-sanitaire). Maladie animale affectant chaîne. Points sensibles : ruptures appro, restrictions.;Exemple : Épizootie → hausse des primes, franchises et difficultés d’assurabilité (ex. décisions immédiates, coordination, reprise).;Pertes d’exploitation, coûts de remise en état, hausse primes/franchises.;Assurances adaptées, budgets d’urgence, suivi trésorerie, clauses contractuelles.;Activation fonds d’urgence, suivi coûts, déclaration assureur, mitigation pénalités.;Moyenne;Élevée;Moyenne;ruptures appro, restrictions
479;Médico-sanitaire;Épizootie;Maladie animale affectant chaîne;Image / réputation;Médiatisation nationale / locale et perte de confiance;Médiatisation nationale / locale et perte de confiance — Dans le contexte « Épizootie » (Médico-sanitaire). Maladie animale affectant chaîne. Points sensibles : ruptures appro, restrictions.;Exemple : Épizootie → médiatisation nationale / locale et perte de confiance (ex. décisions immédiates, coordination, reprise).;Perte de confiance, pression médiatique, rumeurs.;Veille médias, porte-parole, éléments de langage, charte RS.;Communication factuelle/empathetic, lutte rumeurs, coordination autorités.;Moyenne;Élevée;Moyenne;ruptures appro, restrictions
480;Médico-sanitaire;Épizootie;Maladie animale affectant chaîne;Image / réputation;Perception d’impréparation ou de manque de transparence;Perception d’impréparation ou de manque de transparence — Dans le contexte « Épizootie » (Médico-sanitaire). Maladie animale affectant chaîne. Points sensibles : ruptures appro, restrictions.;Exemple : Épizootie → perception d’impréparation ou de manque de transparence (ex. décisions immédiates, coordination, reprise).;Perte de confiance, pression médiatique, rumeurs.;Veille médias, porte-parole, éléments de langage, charte RS.;Communication factuelle/empathetic, lutte rumeurs, coordination autorités.;Moyenne;Élevée;Moyenne;ruptures appro, restrictions
481;Médico-sanitaire;Épizootie;Maladie animale affectant chaîne;Géopolitique / institutionnel;Intervention de l’État / autorités (préfecture, inspection, régulateur);Intervention de l’État / autorités (préfecture, inspection, régulateur) — Dans le contexte « Épizootie » (Médico-sanitaire). Maladie animale affectant chaîne. Points sensibles : ruptures appro, restrictions.;Exemple : Épizootie → intervention de l’état / autorités (préfecture, inspection, régulateur) (ex. décisions immédiates, coordination, reprise).;Injonctions, contrôles, arbitrages publics, priorisation ressources.;Veille institutionnelle, carto parties prenantes, protocoles autorités.;Coordination préf/mairie/régulateurs, demandes de moyens publics.;Moyenne;Élevée;Moyenne;ruptures appro, restrictions
482;Médico-sanitaire;Épizootie;Maladie animale affectant chaîne;Géopolitique / institutionnel;Priorisation nationale des ressources (énergie, santé, sécurité);Priorisation nationale des ressources (énergie, santé, sécurité) — Dans le contexte « Épizootie » (Médico-sanitaire). Maladie animale affectant chaîne. Points sensibles : ruptures appro, restrictions.;Exemple : Épizootie → priorisation nationale des ressources (énergie, santé, sécurité) (ex. décisions immédiates, coordination, reprise).;Injonctions, contrôles, arbitrages publics, priorisation ressources.;Veille institutionnelle, carto parties prenantes, protocoles autorités.;Coordination préf/mairie/régulateurs, demandes de moyens publics.;Moyenne;Élevée;Moyenne;ruptures appro, restrictions
483;Médico-sanitaire;Épizootie;Maladie animale affectant chaîne;Informatique / numérique;Perte du SI local (supervision, communications, annuaire, outils métier);Perte du SI local (supervision, communications, annuaire, outils métier) — Dans le contexte « Épizootie » (Médico-sanitaire). Maladie animale affectant chaîne. Points sensibles : ruptures appro, restrictions.;Exemple : Épizootie → perte du si local (supervision, communications, annuaire, outils métier) (ex. décisions immédiates, coordination, reprise).;Perte outils, rupture communications, fuite info.;Segmentation, sauvegardes, redondance télécom, procédures hors-ligne.;Mode dégradé, restauration, canaux alternatifs, contrôle intégrité.;Moyenne;Élevée;Moyenne;ruptures appro, restrictions
484;Médico-sanitaire;Épizootie;Maladie animale affectant chaîne;Informatique / numérique;Cyberattaque opportuniste pendant la crise (phishing, ransom, DDoS);Cyberattaque opportuniste pendant la crise (phishing, ransom, DDoS) — Dans le contexte « Épizootie » (Médico-sanitaire). Maladie animale affectant chaîne. Points sensibles : ruptures appro, restrictions.;Exemple : Épizootie → cyberattaque opportuniste pendant la crise (phishing, ransom, ddos) (ex. décisions immédiates, coordination, reprise).;Perte outils, rupture communications, fuite info.;Segmentation, sauvegardes, redondance télécom, procédures hors-ligne.;Mode dégradé, restauration, canaux alternatifs, contrôle intégrité.;Moyenne;Élevée;Moyenne;ruptures appro, restrictions
485;Médico-sanitaire;Épizootie;Maladie animale affectant chaîne;Défaillance / résilience;Effet domino multi-réseaux (énergie + télécom + eau);Effet domino multi-réseaux (énergie + télécom + eau) — Dans le contexte « Épizootie » (Médico-sanitaire). Maladie animale affectant chaîne. Points sensibles : ruptures appro, restrictions.;Exemple : Épizootie → effet domino multi-réseaux (énergie + télécom + eau) (ex. décisions immédiates, coordination, reprise).;Domino multi-systèmes, crise prolongée, défaillance gouvernance.;Tests de résilience, exercices multi-crises, cartographie dépendances.;Limiter le domino, renforcer gouvernance, cellules spécialisées, REX.;Moyenne;Élevée;Moyenne;ruptures appro, restrictions
486;Médico-sanitaire;Épizootie;Maladie animale affectant chaîne;Défaillance / résilience;Défaillance d’un acteur clé (prestataire, fournisseur, opérateur);Défaillance d’un acteur clé (prestataire, fournisseur, opérateur) — Dans le contexte « Épizootie » (Médico-sanitaire). Maladie animale affectant chaîne. Points sensibles : ruptures appro, restrictions.;Exemple : Épizootie → défaillance d’un acteur clé (prestataire, fournisseur, opérateur) (ex. décisions immédiates, coordination, reprise).;Domino multi-systèmes, crise prolongée, défaillance gouvernance.;Tests de résilience, exercices multi-crises, cartographie dépendances.;Limiter le domino, renforcer gouvernance, cellules spécialisées, REX.;Moyenne;Élevée;Moyenne;ruptures appro, restrictions
487;Médico-sanitaire;Intoxication;Intoxication alimentaire ou chimique;Opérationnel;Arrêt immédiat des activités et sécurisation du périmètre;Arrêt immédiat des activités et sécurisation du périmètre — Dans le contexte « Intoxication » (Médico-sanitaire). Intoxication alimentaire ou chimique. Points sensibles : évacuation, prise en charge.;Exemple : Intoxication → arrêt immédiat des activités et sécurisation du périmètre (ex. décisions immédiates, coordination, reprise).;Arrêt/retards, mode dégradé, impacts usagers/clients.;PCA/PRA, procédures mode dégradé, exercices réguliers, annuaire crise.;Arrêt sécurisé, priorisation activités, cellule terrain, points de situation.;Moyenne;Élevée;Moyenne;évacuation, prise en charge
488;Médico-sanitaire;Intoxication;Intoxication alimentaire ou chimique;Opérationnel;Désorganisation de la coordination multi-acteurs (secours, autorités, partenaires);Désorganisation de la coordination multi-acteurs (secours, autorités, partenaires) — Dans le contexte « Intoxication » (Médico-sanitaire). Intoxication alimentaire ou chimique. Points sensibles : évacuation, prise en charge.;Exemple : Intoxication → désorganisation de la coordination multi-acteurs (secours, autorités, partenaires) (ex. décisions immédiates, coordination, reprise).;Arrêt/retards, mode dégradé, impacts usagers/clients.;PCA/PRA, procédures mode dégradé, exercices réguliers, annuaire crise.;Arrêt sécurisé, priorisation activités, cellule terrain, points de situation.;Moyenne;Élevée;Moyenne;évacuation, prise en charge
489;Médico-sanitaire;Intoxication;Intoxication alimentaire ou chimique;Industriel / technique;Destruction d’ouvrages ou d’équipements critiques;Destruction d’ouvrages ou d’équipements critiques — Dans le contexte « Intoxication » (Médico-sanitaire). Intoxication alimentaire ou chimique. Points sensibles : évacuation, prise en charge.;Exemple : Intoxication → destruction d’ouvrages ou d’équipements critiques (ex. décisions immédiates, coordination, reprise).;Dommages matériels, risques de sur-accident, indisponibilité d’équipements.;Maintenance préventive, inspections, redondances techniques, permis de travail.;Mise en sécurité, réparations, expertises, reprise sous conditions.;Moyenne;Élevée;Moyenne;évacuation, prise en charge
490;Médico-sanitaire;Intoxication;Intoxication alimentaire ou chimique;Industriel / technique;Déclenchement de sécurités et arrêt automatique des systèmes;Déclenchement de sécurités et arrêt automatique des systèmes — Dans le contexte « Intoxication » (Médico-sanitaire). Intoxication alimentaire ou chimique. Points sensibles : évacuation, prise en charge.;Exemple : Intoxication → déclenchement de sécurités et arrêt automatique des systèmes (ex. décisions immédiates, coordination, reprise).;Dommages matériels, risques de sur-accident, indisponibilité d’équipements.;Maintenance préventive, inspections, redondances techniques, permis de travail.;Mise en sécurité, réparations, expertises, reprise sous conditions.;Moyenne;Élevée;Moyenne;évacuation, prise en charge
491;Médico-sanitaire;Intoxication;Intoxication alimentaire ou chimique;Ressources humaines;Traumatisme des équipes et stress post-évènement (RPS);Traumatisme des équipes et stress post-évènement (RPS) — Dans le contexte « Intoxication » (Médico-sanitaire). Intoxication alimentaire ou chimique. Points sensibles : évacuation, prise en charge.;Exemple : Intoxication → traumatisme des équipes et stress post-évènement (rps) (ex. décisions immédiates, coordination, reprise).;Choc, fatigue, absentéisme, tensions sociales.;Prévention RPS, formation managers, rotations astreinte, culture Stop Work.;Soutien psychologique, communication interne, renforts, repos imposé.;Moyenne;Élevée;Moyenne;évacuation, prise en charge
492;Médico-sanitaire;Intoxication;Intoxication alimentaire ou chimique;Ressources humaines;Exposition à des risques physiques (chaleur, fumées, toxiques);Exposition à des risques physiques (chaleur, fumées, toxiques) — Dans le contexte « Intoxication » (Médico-sanitaire). Intoxication alimentaire ou chimique. Points sensibles : évacuation, prise en charge.;Exemple : Intoxication → exposition à des risques physiques (chaleur, fumées, toxiques) (ex. décisions immédiates, coordination, reprise).;Choc, fatigue, absentéisme, tensions sociales.;Prévention RPS, formation managers, rotations astreinte, culture Stop Work.;Soutien psychologique, communication interne, renforts, repos imposé.;Moyenne;Élevée;Moyenne;évacuation, prise en charge
493;Médico-sanitaire;Intoxication;Intoxication alimentaire ou chimique;Juridique / conformité;Mise en cause pénale (accident grave, mise en danger, pollution);Mise en cause pénale (accident grave, mise en danger, pollution) — Dans le contexte « Intoxication » (Médico-sanitaire). Intoxication alimentaire ou chimique. Points sensibles : évacuation, prise en charge.;Exemple : Intoxication → mise en cause pénale (accident grave, mise en danger, pollution) (ex. décisions immédiates, coordination, reprise).;Enquêtes, obligations, contentieux, sanctions.;Veille réglementaire, audits, plans de prévention, conservation des preuves.;Déclarations, interface autorités, stratégie contentieuse, documentation.;Moyenne;Critique;Élevée;évacuation, prise en charge
494;Médico-sanitaire;Intoxication;Intoxication alimentaire ou chimique;Juridique / conformité;Contentieux contractuels (pénalités, retards, responsabilités);Contentieux contractuels (pénalités, retards, responsabilités) — Dans le contexte « Intoxication » (Médico-sanitaire). Intoxication alimentaire ou chimique. Points sensibles : évacuation, prise en charge.;Exemple : Intoxication → contentieux contractuels (pénalités, retards, responsabilités) (ex. décisions immédiates, coordination, reprise).;Enquêtes, obligations, contentieux, sanctions.;Veille réglementaire, audits, plans de prévention, conservation des preuves.;Déclarations, interface autorités, stratégie contentieuse, documentation.;Moyenne;Critique;Élevée;évacuation, prise en charge
495;Médico-sanitaire;Intoxication;Intoxication alimentaire ou chimique;Financier;Coûts de réparation et de remise en état (ouvrages, équipements);Coûts de réparation et de remise en état (ouvrages, équipements) — Dans le contexte « Intoxication » (Médico-sanitaire). Intoxication alimentaire ou chimique. Points sensibles : évacuation, prise en charge.;Exemple : Intoxication → coûts de réparation et de remise en état (ouvrages, équipements) (ex. décisions immédiates, coordination, reprise).;Pertes d’exploitation, coûts de remise en état, hausse primes/franchises.;Assurances adaptées, budgets d’urgence, suivi trésorerie, clauses contractuelles.;Activation fonds d’urgence, suivi coûts, déclaration assureur, mitigation pénalités.;Moyenne;Élevée;Moyenne;évacuation, prise en charge
496;Médico-sanitaire;Intoxication;Intoxication alimentaire ou chimique;Financier;Hausse des primes, franchises et difficultés d’assurabilité;Hausse des primes, franchises et difficultés d’assurabilité — Dans le contexte « Intoxication » (Médico-sanitaire). Intoxication alimentaire ou chimique. Points sensibles : évacuation, prise en charge.;Exemple : Intoxication → hausse des primes, franchises et difficultés d’assurabilité (ex. décisions immédiates, coordination, reprise).;Pertes d’exploitation, coûts de remise en état, hausse primes/franchises.;Assurances adaptées, budgets d’urgence, suivi trésorerie, clauses contractuelles.;Activation fonds d’urgence, suivi coûts, déclaration assureur, mitigation pénalités.;Moyenne;Élevée;Moyenne;évacuation, prise en charge
497;Médico-sanitaire;Intoxication;Intoxication alimentaire ou chimique;Image / réputation;Médiatisation nationale / locale et perte de confiance;Médiatisation nationale / locale et perte de confiance — Dans le contexte « Intoxication » (Médico-sanitaire). Intoxication alimentaire ou chimique. Points sensibles : évacuation, prise en charge.;Exemple : Intoxication → médiatisation nationale / locale et perte de confiance (ex. décisions immédiates, coordination, reprise).;Perte de confiance, pression médiatique, rumeurs.;Veille médias, porte-parole, éléments de langage, charte RS.;Communication factuelle/empathetic, lutte rumeurs, coordination autorités.;Moyenne;Élevée;Moyenne;évacuation, prise en charge
498;Médico-sanitaire;Intoxication;Intoxication alimentaire ou chimique;Image / réputation;Perception d’impréparation ou de manque de transparence;Perception d’impréparation ou de manque de transparence — Dans le contexte « Intoxication » (Médico-sanitaire). Intoxication alimentaire ou chimique. Points sensibles : évacuation, prise en charge.;Exemple : Intoxication → perception d’impréparation ou de manque de transparence (ex. décisions immédiates, coordination, reprise).;Perte de confiance, pression médiatique, rumeurs.;Veille médias, porte-parole, éléments de langage, charte RS.;Communication factuelle/empathetic, lutte rumeurs, coordination autorités.;Moyenne;Élevée;Moyenne;évacuation, prise en charge
499;Médico-sanitaire;Intoxication;Intoxication alimentaire ou chimique;Géopolitique / institutionnel;Intervention de l’État / autorités (préfecture, inspection, régulateur);Intervention de l’État / autorités (préfecture, inspection, régulateur) — Dans le contexte « Intoxication » (Médico-sanitaire). Intoxication alimentaire ou chimique. Points sensibles : évacuation, prise en charge.;Exemple : Intoxication → intervention de l’état / autorités (préfecture, inspection, régulateur) (ex. décisions immédiates, coordination, reprise).;Injonctions, contrôles, arbitrages publics, priorisation ressources.;Veille institutionnelle, carto parties prenantes, protocoles autorités.;Coordination préf/mairie/régulateurs, demandes de moyens publics.;Moyenne;Élevée;Moyenne;évacuation, prise en charge
500;Médico-sanitaire;Intoxication;Intoxication alimentaire ou chimique;Géopolitique / institutionnel;Priorisation nationale des ressources (énergie, santé, sécurité);Priorisation nationale des ressources (énergie, santé, sécurité) — Dans le contexte « Intoxication » (Médico-sanitaire). Intoxication alimentaire ou chimique. Points sensibles : évacuation, prise en charge.;Exemple : Intoxication → priorisation nationale des ressources (énergie, santé, sécurité) (ex. décisions immédiates, coordination, reprise).;Injonctions, contrôles, arbitrages publics, priorisation ressources.;Veille institutionnelle, carto parties prenantes, protocoles autorités.;Coordination préf/mairie/régulateurs, demandes de moyens publics.;Moyenne;Élevée;Moyenne;évacuation, prise en charge
501;Médico-sanitaire;Intoxication;Intoxication alimentaire ou chimique;Informatique / numérique;Perte du SI local (supervision, communications, annuaire, outils métier);Perte du SI local (supervision, communications, annuaire, outils métier) — Dans le contexte « Intoxication » (Médico-sanitaire). Intoxication alimentaire ou chimique. Points sensibles : évacuation, prise en charge.;Exemple : Intoxication → perte du si local (supervision, communications, annuaire, outils métier) (ex. décisions immédiates, coordination, reprise).;Perte outils, rupture communications, fuite info.;Segmentation, sauvegardes, redondance télécom, procédures hors-ligne.;Mode dégradé, restauration, canaux alternatifs, contrôle intégrité.;Moyenne;Élevée;Moyenne;évacuation, prise en charge
502;Médico-sanitaire;Intoxication;Intoxication alimentaire ou chimique;Informatique / numérique;Cyberattaque opportuniste pendant la crise (phishing, ransom, DDoS);Cyberattaque opportuniste pendant la crise (phishing, ransom, DDoS) — Dans le contexte « Intoxication » (Médico-sanitaire). Intoxication alimentaire ou chimique. Points sensibles : évacuation, prise en charge.;Exemple : Intoxication → cyberattaque opportuniste pendant la crise (phishing, ransom, ddos) (ex. décisions immédiates, coordination, reprise).;Perte outils, rupture communications, fuite info.;Segmentation, sauvegardes, redondance télécom, procédures hors-ligne.;Mode dégradé, restauration, canaux alternatifs, contrôle intégrité.;Moyenne;Élevée;Moyenne;évacuation, prise en charge
503;Médico-sanitaire;Intoxication;Intoxication alimentaire ou chimique;Défaillance / résilience;Effet domino multi-réseaux (énergie + télécom + eau);Effet domino multi-réseaux (énergie + télécom + eau) — Dans le contexte « Intoxication » (Médico-sanitaire). Intoxication alimentaire ou chimique. Points sensibles : évacuation, prise en charge.;Exemple : Intoxication → effet domino multi-réseaux (énergie + télécom + eau) (ex. décisions immédiates, coordination, reprise).;Domino multi-systèmes, crise prolongée, défaillance gouvernance.;Tests de résilience, exercices multi-crises, cartographie dépendances.;Limiter le domino, renforcer gouvernance, cellules spécialisées, REX.;Moyenne;Élevée;Moyenne;évacuation, prise en charge
504;Médico-sanitaire;Intoxication;Intoxication alimentaire ou chimique;Défaillance / résilience;Défaillance d’un acteur clé (prestataire, fournisseur, opérateur);Défaillance d’un acteur clé (prestataire, fournisseur, opérateur) — Dans le contexte « Intoxication » (Médico-sanitaire). Intoxication alimentaire ou chimique. Points sensibles : évacuation, prise en charge.;Exemple : Intoxication → défaillance d’un acteur clé (prestataire, fournisseur, opérateur) (ex. décisions immédiates, coordination, reprise).;Domino multi-systèmes, crise prolongée, défaillance gouvernance.;Tests de résilience, exercices multi-crises, cartographie dépendances.;Limiter le domino, renforcer gouvernance, cellules spécialisées, REX.;Moyenne;Élevée;Moyenne;évacuation, prise en charge
505;Médico-sanitaire;Contamination eau;Suspicion contamination réseau d’eau;Opérationnel;Arrêt immédiat des activités et sécurisation du périmètre;Arrêt immédiat des activités et sécurisation du périmètre — Dans le contexte « Contamination eau » (Médico-sanitaire). Suspicion contamination réseau d’eau. Points sensibles : arrêt, analyses, communication.;Exemple : Contamination eau → arrêt immédiat des activités et sécurisation du périmètre (ex. décisions immédiates, coordination, reprise).;Arrêt/retards, mode dégradé, impacts usagers/clients.;PCA/PRA, procédures mode dégradé, exercices réguliers, annuaire crise.;Arrêt sécurisé, priorisation activités, cellule terrain, points de situation.;Moyenne;Élevée;Moyenne;arrêt, analyses, communication
506;Médico-sanitaire;Contamination eau;Suspicion contamination réseau d’eau;Opérationnel;Désorganisation de la coordination multi-acteurs (secours, autorités, partenaires);Désorganisation de la coordination multi-acteurs (secours, autorités, partenaires) — Dans le contexte « Contamination eau » (Médico-sanitaire). Suspicion contamination réseau d’eau. Points sensibles : arrêt, analyses, communication.;Exemple : Contamination eau → désorganisation de la coordination multi-acteurs (secours, autorités, partenaires) (ex. décisions immédiates, coordination, reprise).;Arrêt/retards, mode dégradé, impacts usagers/clients.;PCA/PRA, procédures mode dégradé, exercices réguliers, annuaire crise.;Arrêt sécurisé, priorisation activités, cellule terrain, points de situation.;Moyenne;Élevée;Moyenne;arrêt, analyses, communication
507;Médico-sanitaire;Contamination eau;Suspicion contamination réseau d’eau;Industriel / technique;Destruction d’ouvrages ou d’équipements critiques;Destruction d’ouvrages ou d’équipements critiques — Dans le contexte « Contamination eau » (Médico-sanitaire). Suspicion contamination réseau d’eau. Points sensibles : arrêt, analyses, communication.;Exemple : Contamination eau → destruction d’ouvrages ou d’équipements critiques (ex. décisions immédiates, coordination, reprise).;Dommages matériels, risques de sur-accident, indisponibilité d’équipements.;Maintenance préventive, inspections, redondances techniques, permis de travail.;Mise en sécurité, réparations, expertises, reprise sous conditions.;Moyenne;Élevée;Moyenne;arrêt, analyses, communication
508;Médico-sanitaire;Contamination eau;Suspicion contamination réseau d’eau;Industriel / technique;Déclenchement de sécurités et arrêt automatique des systèmes;Déclenchement de sécurités et arrêt automatique des systèmes — Dans le contexte « Contamination eau » (Médico-sanitaire). Suspicion contamination réseau d’eau. Points sensibles : arrêt, analyses, communication.;Exemple : Contamination eau → déclenchement de sécurités et arrêt automatique des systèmes (ex. décisions immédiates, coordination, reprise).;Dommages matériels, risques de sur-accident, indisponibilité d’équipements.;Maintenance préventive, inspections, redondances techniques, permis de travail.;Mise en sécurité, réparations, expertises, reprise sous conditions.;Moyenne;Élevée;Moyenne;arrêt, analyses, communication
509;Médico-sanitaire;Contamination eau;Suspicion contamination réseau d’eau;Ressources humaines;Traumatisme des équipes et stress post-évènement (RPS);Traumatisme des équipes et stress post-évènement (RPS) — Dans le contexte « Contamination eau » (Médico-sanitaire). Suspicion contamination réseau d’eau. Points sensibles : arrêt, analyses, communication.;Exemple : Contamination eau → traumatisme des équipes et stress post-évènement (rps) (ex. décisions immédiates, coordination, reprise).;Choc, fatigue, absentéisme, tensions sociales.;Prévention RPS, formation managers, rotations astreinte, culture Stop Work.;Soutien psychologique, communication interne, renforts, repos imposé.;Moyenne;Élevée;Moyenne;arrêt, analyses, communication
510;Médico-sanitaire;Contamination eau;Suspicion contamination réseau d’eau;Ressources humaines;Exposition à des risques physiques (chaleur, fumées, toxiques);Exposition à des risques physiques (chaleur, fumées, toxiques) — Dans le contexte « Contamination eau » (Médico-sanitaire). Suspicion contamination réseau d’eau. Points sensibles : arrêt, analyses, communication.;Exemple : Contamination eau → exposition à des risques physiques (chaleur, fumées, toxiques) (ex. décisions immédiates, coordination, reprise).;Choc, fatigue, absentéisme, tensions sociales.;Prévention RPS, formation managers, rotations astreinte, culture Stop Work.;Soutien psychologique, communication interne, renforts, repos imposé.;Moyenne;Élevée;Moyenne;arrêt, analyses, communication
511;Médico-sanitaire;Contamination eau;Suspicion contamination réseau d’eau;Juridique / conformité;Mise en cause pénale (accident grave, mise en danger, pollution);Mise en cause pénale (accident grave, mise en danger, pollution) — Dans le contexte « Contamination eau » (Médico-sanitaire). Suspicion contamination réseau d’eau. Points sensibles : arrêt, analyses, communication.;Exemple : Contamination eau → mise en cause pénale (accident grave, mise en danger, pollution) (ex. décisions immédiates, coordination, reprise).;Enquêtes, obligations, contentieux, sanctions.;Veille réglementaire, audits, plans de prévention, conservation des preuves.;Déclarations, interface autorités, stratégie contentieuse, documentation.;Moyenne;Critique;Élevée;arrêt, analyses, communication
512;Médico-sanitaire;Contamination eau;Suspicion contamination réseau d’eau;Juridique / conformité;Contentieux contractuels (pénalités, retards, responsabilités);Contentieux contractuels (pénalités, retards, responsabilités) — Dans le contexte « Contamination eau » (Médico-sanitaire). Suspicion contamination réseau d’eau. Points sensibles : arrêt, analyses, communication.;Exemple : Contamination eau → contentieux contractuels (pénalités, retards, responsabilités) (ex. décisions immédiates, coordination, reprise).;Enquêtes, obligations, contentieux, sanctions.;Veille réglementaire, audits, plans de prévention, conservation des preuves.;Déclarations, interface autorités, stratégie contentieuse, documentation.;Moyenne;Critique;Élevée;arrêt, analyses, communication
513;Médico-sanitaire;Contamination eau;Suspicion contamination réseau d’eau;Financier;Coûts de réparation et de remise en état (ouvrages, équipements);Coûts de réparation et de remise en état (ouvrages, équipements) — Dans le contexte « Contamination eau » (Médico-sanitaire). Suspicion contamination réseau d’eau. Points sensibles : arrêt, analyses, communication.;Exemple : Contamination eau → coûts de réparation et de remise en état (ouvrages, équipements) (ex. décisions immédiates, coordination, reprise).;Pertes d’exploitation, coûts de remise en état, hausse primes/franchises.;Assurances adaptées, budgets d’urgence, suivi trésorerie, clauses contractuelles.;Activation fonds d’urgence, suivi coûts, déclaration assureur, mitigation pénalités.;Moyenne;Élevée;Moyenne;arrêt, analyses, communication
514;Médico-sanitaire;Contamination eau;Suspicion contamination réseau d’eau;Financier;Hausse des primes, franchises et difficultés d’assurabilité;Hausse des primes, franchises et difficultés d’assurabilité — Dans le contexte « Contamination eau » (Médico-sanitaire). Suspicion contamination réseau d’eau. Points sensibles : arrêt, analyses, communication.;Exemple : Contamination eau → hausse des primes, franchises et difficultés d’assurabilité (ex. décisions immédiates, coordination, reprise).;Pertes d’exploitation, coûts de remise en état, hausse primes/franchises.;Assurances adaptées, budgets d’urgence, suivi trésorerie, clauses contractuelles.;Activation fonds d’urgence, suivi coûts, déclaration assureur, mitigation pénalités.;Moyenne;Élevée;Moyenne;arrêt, analyses, communication
515;Médico-sanitaire;Contamination eau;Suspicion contamination réseau d’eau;Image / réputation;Médiatisation nationale / locale et perte de confiance;Médiatisation nationale / locale et perte de confiance — Dans le contexte « Contamination eau » (Médico-sanitaire). Suspicion contamination réseau d’eau. Points sensibles : arrêt, analyses, communication.;Exemple : Contamination eau → médiatisation nationale / locale et perte de confiance (ex. décisions immédiates, coordination, reprise).;Perte de confiance, pression médiatique, rumeurs.;Veille médias, porte-parole, éléments de langage, charte RS.;Communication factuelle/empathetic, lutte rumeurs, coordination autorités.;Moyenne;Élevée;Moyenne;arrêt, analyses, communication
516;Médico-sanitaire;Contamination eau;Suspicion contamination réseau d’eau;Image / réputation;Perception d’impréparation ou de manque de transparence;Perception d’impréparation ou de manque de transparence — Dans le contexte « Contamination eau » (Médico-sanitaire). Suspicion contamination réseau d’eau. Points sensibles : arrêt, analyses, communication.;Exemple : Contamination eau → perception d’impréparation ou de manque de transparence (ex. décisions immédiates, coordination, reprise).;Perte de confiance, pression médiatique, rumeurs.;Veille médias, porte-parole, éléments de langage, charte RS.;Communication factuelle/empathetic, lutte rumeurs, coordination autorités.;Moyenne;Élevée;Moyenne;arrêt, analyses, communication
517;Médico-sanitaire;Contamination eau;Suspicion contamination réseau d’eau;Géopolitique / institutionnel;Intervention de l’État / autorités (préfecture, inspection, régulateur);Intervention de l’État / autorités (préfecture, inspection, régulateur) — Dans le contexte « Contamination eau » (Médico-sanitaire). Suspicion contamination réseau d’eau. Points sensibles : arrêt, analyses, communication.;Exemple : Contamination eau → intervention de l’état / autorités (préfecture, inspection, régulateur) (ex. décisions immédiates, coordination, reprise).;Injonctions, contrôles, arbitrages publics, priorisation ressources.;Veille institutionnelle, carto parties prenantes, protocoles autorités.;Coordination préf/mairie/régulateurs, demandes de moyens publics.;Moyenne;Élevée;Moyenne;arrêt, analyses, communication
518;Médico-sanitaire;Contamination eau;Suspicion contamination réseau d’eau;Géopolitique / institutionnel;Priorisation nationale des ressources (énergie, santé, sécurité);Priorisation nationale des ressources (énergie, santé, sécurité) — Dans le contexte « Contamination eau » (Médico-sanitaire). Suspicion contamination réseau d’eau. Points sensibles : arrêt, analyses, communication.;Exemple : Contamination eau → priorisation nationale des ressources (énergie, santé, sécurité) (ex. décisions immédiates, coordination, reprise).;Injonctions, contrôles, arbitrages publics, priorisation ressources.;Veille institutionnelle, carto parties prenantes, protocoles autorités.;Coordination préf/mairie/régulateurs, demandes de moyens publics.;Moyenne;Élevée;Moyenne;arrêt, analyses, communication
519;Médico-sanitaire;Contamination eau;Suspicion contamination réseau d’eau;Informatique / numérique;Perte du SI local (supervision, communications, annuaire, outils métier);Perte du SI local (supervision, communications, annuaire, outils métier) — Dans le contexte « Contamination eau » (Médico-sanitaire). Suspicion contamination réseau d’eau. Points sensibles : arrêt, analyses, communication.;Exemple : Contamination eau → perte du si local (supervision, communications, annuaire, outils métier) (ex. décisions immédiates, coordination, reprise).;Perte outils, rupture communications, fuite info.;Segmentation, sauvegardes, redondance télécom, procédures hors-ligne.;Mode dégradé, restauration, canaux alternatifs, contrôle intégrité.;Moyenne;Élevée;Moyenne;arrêt, analyses, communication
520;Médico-sanitaire;Contamination eau;Suspicion contamination réseau d’eau;Informatique / numérique;Cyberattaque opportuniste pendant la crise (phishing, ransom, DDoS);Cyberattaque opportuniste pendant la crise (phishing, ransom, DDoS) — Dans le contexte « Contamination eau » (Médico-sanitaire). Suspicion contamination réseau d’eau. Points sensibles : arrêt, analyses, communication.;Exemple : Contamination eau → cyberattaque opportuniste pendant la crise (phishing, ransom, ddos) (ex. décisions immédiates, coordination, reprise).;Perte outils, rupture communications, fuite info.;Segmentation, sauvegardes, redondance télécom, procédures hors-ligne.;Mode dégradé, restauration, canaux alternatifs, contrôle intégrité.;Moyenne;Élevée;Moyenne;arrêt, analyses, communication
521;Médico-sanitaire;Contamination eau;Suspicion contamination réseau d’eau;Défaillance / résilience;Effet domino multi-réseaux (énergie + télécom + eau);Effet domino multi-réseaux (énergie + télécom + eau) — Dans le contexte « Contamination eau » (Médico-sanitaire). Suspicion contamination réseau d’eau. Points sensibles : arrêt, analyses, communication.;Exemple : Contamination eau → effet domino multi-réseaux (énergie + télécom + eau) (ex. décisions immédiates, coordination, reprise).;Domino multi-systèmes, crise prolongée, défaillance gouvernance.;Tests de résilience, exercices multi-crises, cartographie dépendances.;Limiter le domino, renforcer gouvernance, cellules spécialisées, REX.;Moyenne;Élevée;Moyenne;arrêt, analyses, communication
522;Médico-sanitaire;Contamination eau;Suspicion contamination réseau d’eau;Défaillance / résilience;Défaillance d’un acteur clé (prestataire, fournisseur, opérateur);Défaillance d’un acteur clé (prestataire, fournisseur, opérateur) — Dans le contexte « Contamination eau » (Médico-sanitaire). Suspicion contamination réseau d’eau. Points sensibles : arrêt, analyses, communication.;Exemple : Contamination eau → défaillance d’un acteur clé (prestataire, fournisseur, opérateur) (ex. décisions immédiates, coordination, reprise).;Domino multi-systèmes, crise prolongée, défaillance gouvernance.;Tests de résilience, exercices multi-crises, cartographie dépendances.;Limiter le domino, renforcer gouvernance, cellules spécialisées, REX.;Moyenne;Élevée;Moyenne;arrêt, analyses, communication
523;Médico-sanitaire;Chaleur au travail;Malaise(s) liés à chaleur;Opérationnel;Arrêt immédiat des activités et sécurisation du périmètre;Arrêt immédiat des activités et sécurisation du périmètre — Dans le contexte « Chaleur au travail » (Médico-sanitaire). Malaise(s) liés à chaleur. Points sensibles : arrêts, adaptation postes.;Exemple : Chaleur au travail → arrêt immédiat des activités et sécurisation du périmètre (ex. décisions immédiates, coordination, reprise).;Arrêt/retards, mode dégradé, impacts usagers/clients.;PCA/PRA, procédures mode dégradé, exercices réguliers, annuaire crise.;Arrêt sécurisé, priorisation activités, cellule terrain, points de situation.;Moyenne;Élevée;Moyenne;arrêts, adaptation postes
524;Médico-sanitaire;Chaleur au travail;Malaise(s) liés à chaleur;Opérationnel;Désorganisation de la coordination multi-acteurs (secours, autorités, partenaires);Désorganisation de la coordination multi-acteurs (secours, autorités, partenaires) — Dans le contexte « Chaleur au travail » (Médico-sanitaire). Malaise(s) liés à chaleur. Points sensibles : arrêts, adaptation postes.;Exemple : Chaleur au travail → désorganisation de la coordination multi-acteurs (secours, autorités, partenaires) (ex. décisions immédiates, coordination, reprise).;Arrêt/retards, mode dégradé, impacts usagers/clients.;PCA/PRA, procédures mode dégradé, exercices réguliers, annuaire crise.;Arrêt sécurisé, priorisation activités, cellule terrain, points de situation.;Moyenne;Élevée;Moyenne;arrêts, adaptation postes
525;Médico-sanitaire;Chaleur au travail;Malaise(s) liés à chaleur;Industriel / technique;Destruction d’ouvrages ou d’équipements critiques;Destruction d’ouvrages ou d’équipements critiques — Dans le contexte « Chaleur au travail » (Médico-sanitaire). Malaise(s) liés à chaleur. Points sensibles : arrêts, adaptation postes.;Exemple : Chaleur au travail → destruction d’ouvrages ou d’équipements critiques (ex. décisions immédiates, coordination, reprise).;Dommages matériels, risques de sur-accident, indisponibilité d’équipements.;Maintenance préventive, inspections, redondances techniques, permis de travail.;Mise en sécurité, réparations, expertises, reprise sous conditions.;Moyenne;Élevée;Moyenne;arrêts, adaptation postes
526;Médico-sanitaire;Chaleur au travail;Malaise(s) liés à chaleur;Industriel / technique;Déclenchement de sécurités et arrêt automatique des systèmes;Déclenchement de sécurités et arrêt automatique des systèmes — Dans le contexte « Chaleur au travail » (Médico-sanitaire). Malaise(s) liés à chaleur. Points sensibles : arrêts, adaptation postes.;Exemple : Chaleur au travail → déclenchement de sécurités et arrêt automatique des systèmes (ex. décisions immédiates, coordination, reprise).;Dommages matériels, risques de sur-accident, indisponibilité d’équipements.;Maintenance préventive, inspections, redondances techniques, permis de travail.;Mise en sécurité, réparations, expertises, reprise sous conditions.;Moyenne;Élevée;Moyenne;arrêts, adaptation postes
527;Médico-sanitaire;Chaleur au travail;Malaise(s) liés à chaleur;Ressources humaines;Traumatisme des équipes et stress post-évènement (RPS);Traumatisme des équipes et stress post-évènement (RPS) — Dans le contexte « Chaleur au travail » (Médico-sanitaire). Malaise(s) liés à chaleur. Points sensibles : arrêts, adaptation postes.;Exemple : Chaleur au travail → traumatisme des équipes et stress post-évènement (rps) (ex. décisions immédiates, coordination, reprise).;Choc, fatigue, absentéisme, tensions sociales.;Prévention RPS, formation managers, rotations astreinte, culture Stop Work.;Soutien psychologique, communication interne, renforts, repos imposé.;Moyenne;Élevée;Moyenne;arrêts, adaptation postes
528;Médico-sanitaire;Chaleur au travail;Malaise(s) liés à chaleur;Ressources humaines;Exposition à des risques physiques (chaleur, fumées, toxiques);Exposition à des risques physiques (chaleur, fumées, toxiques) — Dans le contexte « Chaleur au travail » (Médico-sanitaire). Malaise(s) liés à chaleur. Points sensibles : arrêts, adaptation postes.;Exemple : Chaleur au travail → exposition à des risques physiques (chaleur, fumées, toxiques) (ex. décisions immédiates, coordination, reprise).;Choc, fatigue, absentéisme, tensions sociales.;Prévention RPS, formation managers, rotations astreinte, culture Stop Work.;Soutien psychologique, communication interne, renforts, repos imposé.;Moyenne;Élevée;Moyenne;arrêts, adaptation postes
529;Médico-sanitaire;Chaleur au travail;Malaise(s) liés à chaleur;Juridique / conformité;Mise en cause pénale (accident grave, mise en danger, pollution);Mise en cause pénale (accident grave, mise en danger, pollution) — Dans le contexte « Chaleur au travail » (Médico-sanitaire). Malaise(s) liés à chaleur. Points sensibles : arrêts, adaptation postes.;Exemple : Chaleur au travail → mise en cause pénale (accident grave, mise en danger, pollution) (ex. décisions immédiates, coordination, reprise).;Enquêtes, obligations, contentieux, sanctions.;Veille réglementaire, audits, plans de prévention, conservation des preuves.;Déclarations, interface autorités, stratégie contentieuse, documentation.;Moyenne;Critique;Élevée;arrêts, adaptation postes
530;Médico-sanitaire;Chaleur au travail;Malaise(s) liés à chaleur;Juridique / conformité;Contentieux contractuels (pénalités, retards, responsabilités);Contentieux contractuels (pénalités, retards, responsabilités) — Dans le contexte « Chaleur au travail » (Médico-sanitaire). Malaise(s) liés à chaleur. Points sensibles : arrêts, adaptation postes.;Exemple : Chaleur au travail → contentieux contractuels (pénalités, retards, responsabilités) (ex. décisions immédiates, coordination, reprise).;Enquêtes, obligations, contentieux, sanctions.;Veille réglementaire, audits, plans de prévention, conservation des preuves.;Déclarations, interface autorités, stratégie contentieuse, documentation.;Moyenne;Critique;Élevée;arrêts, adaptation postes
531;Médico-sanitaire;Chaleur au travail;Malaise(s) liés à chaleur;Financier;Coûts de réparation et de remise en état (ouvrages, équipements);Coûts de réparation et de remise en état (ouvrages, équipements) — Dans le contexte « Chaleur au travail » (Médico-sanitaire). Malaise(s) liés à chaleur. Points sensibles : arrêts, adaptation postes.;Exemple : Chaleur au travail → coûts de réparation et de remise en état (ouvrages, équipements) (ex. décisions immédiates, coordination, reprise).;Pertes d’exploitation, coûts de remise en état, hausse primes/franchises.;Assurances adaptées, budgets d’urgence, suivi trésorerie, clauses contractuelles.;Activation fonds d’urgence, suivi coûts, déclaration assureur, mitigation pénalités.;Moyenne;Élevée;Moyenne;arrêts, adaptation postes
532;Médico-sanitaire;Chaleur au travail;Malaise(s) liés à chaleur;Financier;Hausse des primes, franchises et difficultés d’assurabilité;Hausse des primes, franchises et difficultés d’assurabilité — Dans le contexte « Chaleur au travail » (Médico-sanitaire). Malaise(s) liés à chaleur. Points sensibles : arrêts, adaptation postes.;Exemple : Chaleur au travail → hausse des primes, franchises et difficultés d’assurabilité (ex. décisions immédiates, coordination, reprise).;Pertes d’exploitation, coûts de remise en état, hausse primes/franchises.;Assurances adaptées, budgets d’urgence, suivi trésorerie, clauses contractuelles.;Activation fonds d’urgence, suivi coûts, déclaration assureur, mitigation pénalités.;Moyenne;Élevée;Moyenne;arrêts, adaptation postes
533;Médico-sanitaire;Chaleur au travail;Malaise(s) liés à chaleur;Image / réputation;Médiatisation nationale / locale et perte de confiance;Médiatisation nationale / locale et perte de confiance — Dans le contexte « Chaleur au travail » (Médico-sanitaire). Malaise(s) liés à chaleur. Points sensibles : arrêts, adaptation postes.;Exemple : Chaleur au travail → médiatisation nationale / locale et perte de confiance (ex. décisions immédiates, coordination, reprise).;Perte de confiance, pression médiatique, rumeurs.;Veille médias, porte-parole, éléments de langage, charte RS.;Communication factuelle/empathetic, lutte rumeurs, coordination autorités.;Moyenne;Élevée;Moyenne;arrêts, adaptation postes
534;Médico-sanitaire;Chaleur au travail;Malaise(s) liés à chaleur;Image / réputation;Perception d’impréparation ou de manque de transparence;Perception d’impréparation ou de manque de transparence — Dans le contexte « Chaleur au travail » (Médico-sanitaire). Malaise(s) liés à chaleur. Points sensibles : arrêts, adaptation postes.;Exemple : Chaleur au travail → perception d’impréparation ou de manque de transparence (ex. décisions immédiates, coordination, reprise).;Perte de confiance, pression médiatique, rumeurs.;Veille médias, porte-parole, éléments de langage, charte RS.;Communication factuelle/empathetic, lutte rumeurs, coordination autorités.;Moyenne;Élevée;Moyenne;arrêts, adaptation postes
535;Médico-sanitaire;Chaleur au travail;Malaise(s) liés à chaleur;Géopolitique / institutionnel;Intervention de l’État / autorités (préfecture, inspection, régulateur);Intervention de l’État / autorités (préfecture, inspection, régulateur) — Dans le contexte « Chaleur au travail » (Médico-sanitaire). Malaise(s) liés à chaleur. Points sensibles : arrêts, adaptation postes.;Exemple : Chaleur au travail → intervention de l’état / autorités (préfecture, inspection, régulateur) (ex. décisions immédiates, coordination, reprise).;Injonctions, contrôles, arbitrages publics, priorisation ressources.;Veille institutionnelle, carto parties prenantes, protocoles autorités.;Coordination préf/mairie/régulateurs, demandes de moyens publics.;Moyenne;Élevée;Moyenne;arrêts, adaptation postes
536;Médico-sanitaire;Chaleur au travail;Malaise(s) liés à chaleur;Géopolitique / institutionnel;Priorisation nationale des ressources (énergie, santé, sécurité);Priorisation nationale des ressources (énergie, santé, sécurité) — Dans le contexte « Chaleur au travail » (Médico-sanitaire). Malaise(s) liés à chaleur. Points sensibles : arrêts, adaptation postes.;Exemple : Chaleur au travail → priorisation nationale des ressources (énergie, santé, sécurité) (ex. décisions immédiates, coordination, reprise).;Injonctions, contrôles, arbitrages publics, priorisation ressources.;Veille institutionnelle, carto parties prenantes, protocoles autorités.;Coordination préf/mairie/régulateurs, demandes de moyens publics.;Moyenne;Élevée;Moyenne;arrêts, adaptation postes
537;Médico-sanitaire;Chaleur au travail;Malaise(s) liés à chaleur;Informatique / numérique;Perte du SI local (supervision, communications, annuaire, outils métier);Perte du SI local (supervision, communications, annuaire, outils métier) — Dans le contexte « Chaleur au travail » (Médico-sanitaire). Malaise(s) liés à chaleur. Points sensibles : arrêts, adaptation postes.;Exemple : Chaleur au travail → perte du si local (supervision, communications, annuaire, outils métier) (ex. décisions immédiates, coordination, reprise).;Perte outils, rupture communications, fuite info.;Segmentation, sauvegardes, redondance télécom, procédures hors-ligne.;Mode dégradé, restauration, canaux alternatifs, contrôle intégrité.;Moyenne;Élevée;Moyenne;arrêts, adaptation postes
538;Médico-sanitaire;Chaleur au travail;Malaise(s) liés à chaleur;Informatique / numérique;Cyberattaque opportuniste pendant la crise (phishing, ransom, DDoS);Cyberattaque opportuniste pendant la crise (phishing, ransom, DDoS) — Dans le contexte « Chaleur au travail » (Médico-sanitaire). Malaise(s) liés à chaleur. Points sensibles : arrêts, adaptation postes.;Exemple : Chaleur au travail → cyberattaque opportuniste pendant la crise (phishing, ransom, ddos) (ex. décisions immédiates, coordination, reprise).;Perte outils, rupture communications, fuite info.;Segmentation, sauvegardes, redondance télécom, procédures hors-ligne.;Mode dégradé, restauration, canaux alternatifs, contrôle intégrité.;Moyenne;Élevée;Moyenne;arrêts, adaptation postes
539;Médico-sanitaire;Chaleur au travail;Malaise(s) liés à chaleur;Défaillance / résilience;Effet domino multi-réseaux (énergie + télécom + eau);Effet domino multi-réseaux (énergie + télécom + eau) — Dans le contexte « Chaleur au travail » (Médico-sanitaire). Malaise(s) liés à chaleur. Points sensibles : arrêts, adaptation postes.;Exemple : Chaleur au travail → effet domino multi-réseaux (énergie + télécom + eau) (ex. décisions immédiates, coordination, reprise).;Domino multi-systèmes, crise prolongée, défaillance gouvernance.;Tests de résilience, exercices multi-crises, cartographie dépendances.;Limiter le domino, renforcer gouvernance, cellules spécialisées, REX.;Moyenne;Élevée;Moyenne;arrêts, adaptation postes
540;Médico-sanitaire;Chaleur au travail;Malaise(s) liés à chaleur;Défaillance / résilience;Défaillance d’un acteur clé (prestataire, fournisseur, opérateur);Défaillance d’un acteur clé (prestataire, fournisseur, opérateur) — Dans le contexte « Chaleur au travail » (Médico-sanitaire). Malaise(s) liés à chaleur. Points sensibles : arrêts, adaptation postes.;Exemple : Chaleur au travail → défaillance d’un acteur clé (prestataire, fournisseur, opérateur) (ex. décisions immédiates, coordination, reprise).;Domino multi-systèmes, crise prolongée, défaillance gouvernance.;Tests de résilience, exercices multi-crises, cartographie dépendances.;Limiter le domino, renforcer gouvernance, cellules spécialisées, REX.;Moyenne;Élevée;Moyenne;arrêts, adaptation postes
541;Médico-sanitaire;Santé mentale;Crise psychosociale post-évènement;Opérationnel;Arrêt immédiat des activités et sécurisation du périmètre;Arrêt immédiat des activités et sécurisation du périmètre — Dans le contexte « Santé mentale » (Médico-sanitaire). Crise psychosociale post-évènement. Points sensibles : RPS, accompagnement.;Exemple : Santé mentale → arrêt immédiat des activités et sécurisation du périmètre (ex. décisions immédiates, coordination, reprise).;Arrêt/retards, mode dégradé, impacts usagers/clients.;PCA/PRA, procédures mode dégradé, exercices réguliers, annuaire crise.;Arrêt sécurisé, priorisation activités, cellule terrain, points de situation.;Moyenne;Élevée;Moyenne;RPS, accompagnement
542;Médico-sanitaire;Santé mentale;Crise psychosociale post-évènement;Opérationnel;Désorganisation de la coordination multi-acteurs (secours, autorités, partenaires);Désorganisation de la coordination multi-acteurs (secours, autorités, partenaires) — Dans le contexte « Santé mentale » (Médico-sanitaire). Crise psychosociale post-évènement. Points sensibles : RPS, accompagnement.;Exemple : Santé mentale → désorganisation de la coordination multi-acteurs (secours, autorités, partenaires) (ex. décisions immédiates, coordination, reprise).;Arrêt/retards, mode dégradé, impacts usagers/clients.;PCA/PRA, procédures mode dégradé, exercices réguliers, annuaire crise.;Arrêt sécurisé, priorisation activités, cellule terrain, points de situation.;Moyenne;Élevée;Moyenne;RPS, accompagnement
543;Médico-sanitaire;Santé mentale;Crise psychosociale post-évènement;Industriel / technique;Destruction d’ouvrages ou d’équipements critiques;Destruction d’ouvrages ou d’équipements critiques — Dans le contexte « Santé mentale » (Médico-sanitaire). Crise psychosociale post-évènement. Points sensibles : RPS, accompagnement.;Exemple : Santé mentale → destruction d’ouvrages ou d’équipements critiques (ex. décisions immédiates, coordination, reprise).;Dommages matériels, risques de sur-accident, indisponibilité d’équipements.;Maintenance préventive, inspections, redondances techniques, permis de travail.;Mise en sécurité, réparations, expertises, reprise sous conditions.;Moyenne;Élevée;Moyenne;RPS, accompagnement
544;Médico-sanitaire;Santé mentale;Crise psychosociale post-évènement;Industriel / technique;Déclenchement de sécurités et arrêt automatique des systèmes;Déclenchement de sécurités et arrêt automatique des systèmes — Dans le contexte « Santé mentale » (Médico-sanitaire). Crise psychosociale post-évènement. Points sensibles : RPS, accompagnement.;Exemple : Santé mentale → déclenchement de sécurités et arrêt automatique des systèmes (ex. décisions immédiates, coordination, reprise).;Dommages matériels, risques de sur-accident, indisponibilité d’équipements.;Maintenance préventive, inspections, redondances techniques, permis de travail.;Mise en sécurité, réparations, expertises, reprise sous conditions.;Moyenne;Élevée;Moyenne;RPS, accompagnement
545;Médico-sanitaire;Santé mentale;Crise psychosociale post-évènement;Ressources humaines;Traumatisme des équipes et stress post-évènement (RPS);Traumatisme des équipes et stress post-évènement (RPS) — Dans le contexte « Santé mentale » (Médico-sanitaire). Crise psychosociale post-évènement. Points sensibles : RPS, accompagnement.;Exemple : Santé mentale → traumatisme des équipes et stress post-évènement (rps) (ex. décisions immédiates, coordination, reprise).;Choc, fatigue, absentéisme, tensions sociales.;Prévention RPS, formation managers, rotations astreinte, culture Stop Work.;Soutien psychologique, communication interne, renforts, repos imposé.;Moyenne;Élevée;Moyenne;RPS, accompagnement
546;Médico-sanitaire;Santé mentale;Crise psychosociale post-évènement;Ressources humaines;Exposition à des risques physiques (chaleur, fumées, toxiques);Exposition à des risques physiques (chaleur, fumées, toxiques) — Dans le contexte « Santé mentale » (Médico-sanitaire). Crise psychosociale post-évènement. Points sensibles : RPS, accompagnement.;Exemple : Santé mentale → exposition à des risques physiques (chaleur, fumées, toxiques) (ex. décisions immédiates, coordination, reprise).;Choc, fatigue, absentéisme, tensions sociales.;Prévention RPS, formation managers, rotations astreinte, culture Stop Work.;Soutien psychologique, communication interne, renforts, repos imposé.;Moyenne;Élevée;Moyenne;RPS, accompagnement
547;Médico-sanitaire;Santé mentale;Crise psychosociale post-évènement;Juridique / conformité;Mise en cause pénale (accident grave, mise en danger, pollution);Mise en cause pénale (accident grave, mise en danger, pollution) — Dans le contexte « Santé mentale » (Médico-sanitaire). Crise psychosociale post-évènement. Points sensibles : RPS, accompagnement.;Exemple : Santé mentale → mise en cause pénale (accident grave, mise en danger, pollution) (ex. décisions immédiates, coordination, reprise).;Enquêtes, obligations, contentieux, sanctions.;Veille réglementaire, audits, plans de prévention, conservation des preuves.;Déclarations, interface autorités, stratégie contentieuse, documentation.;Moyenne;Critique;Élevée;RPS, accompagnement
548;Médico-sanitaire;Santé mentale;Crise psychosociale post-évènement;Juridique / conformité;Contentieux contractuels (pénalités, retards, responsabilités);Contentieux contractuels (pénalités, retards, responsabilités) — Dans le contexte « Santé mentale » (Médico-sanitaire). Crise psychosociale post-évènement. Points sensibles : RPS, accompagnement.;Exemple : Santé mentale → contentieux contractuels (pénalités, retards, responsabilités) (ex. décisions immédiates, coordination, reprise).;Enquêtes, obligations, contentieux, sanctions.;Veille réglementaire, audits, plans de prévention, conservation des preuves.;Déclarations, interface autorités, stratégie contentieuse, documentation.;Moyenne;Critique;Élevée;RPS, accompagnement
549;Médico-sanitaire;Santé mentale;Crise psychosociale post-évènement;Financier;Coûts de réparation et de remise en état (ouvrages, équipements);Coûts de réparation et de remise en état (ouvrages, équipements) — Dans le contexte « Santé mentale » (Médico-sanitaire). Crise psychosociale post-évènement. Points sensibles : RPS, accompagnement.;Exemple : Santé mentale → coûts de réparation et de remise en état (ouvrages, équipements) (ex. décisions immédiates, coordination, reprise).;Pertes d’exploitation, coûts de remise en état, hausse primes/franchises.;Assurances adaptées, budgets d’urgence, suivi trésorerie, clauses contractuelles.;Activation fonds d’urgence, suivi coûts, déclaration assureur, mitigation pénalités.;Moyenne;Élevée;Moyenne;RPS, accompagnement
550;Médico-sanitaire;Santé mentale;Crise psychosociale post-évènement;Financier;Hausse des primes, franchises et difficultés d’assurabilité;Hausse des primes, franchises et difficultés d’assurabilité — Dans le contexte « Santé mentale » (Médico-sanitaire). Crise psychosociale post-évènement. Points sensibles : RPS, accompagnement.;Exemple : Santé mentale → hausse des primes, franchises et difficultés d’assurabilité (ex. décisions immédiates, coordination, reprise).;Pertes d’exploitation, coûts de remise en état, hausse primes/franchises.;Assurances adaptées, budgets d’urgence, suivi trésorerie, clauses contractuelles.;Activation fonds d’urgence, suivi coûts, déclaration assureur, mitigation pénalités.;Moyenne;Élevée;Moyenne;RPS, accompagnement
551;Médico-sanitaire;Santé mentale;Crise psychosociale post-évènement;Image / réputation;Médiatisation nationale / locale et perte de confiance;Médiatisation nationale / locale et perte de confiance — Dans le contexte « Santé mentale » (Médico-sanitaire). Crise psychosociale post-évènement. Points sensibles : RPS, accompagnement.;Exemple : Santé mentale → médiatisation nationale / locale et perte de confiance (ex. décisions immédiates, coordination, reprise).;Perte de confiance, pression médiatique, rumeurs.;Veille médias, porte-parole, éléments de langage, charte RS.;Communication factuelle/empathetic, lutte rumeurs, coordination autorités.;Moyenne;Élevée;Moyenne;RPS, accompagnement
552;Médico-sanitaire;Santé mentale;Crise psychosociale post-évènement;Image / réputation;Perception d’impréparation ou de manque de transparence;Perception d’impréparation ou de manque de transparence — Dans le contexte « Santé mentale » (Médico-sanitaire). Crise psychosociale post-évènement. Points sensibles : RPS, accompagnement.;Exemple : Santé mentale → perception d’impréparation ou de manque de transparence (ex. décisions immédiates, coordination, reprise).;Perte de confiance, pression médiatique, rumeurs.;Veille médias, porte-parole, éléments de langage, charte RS.;Communication factuelle/empathetic, lutte rumeurs, coordination autorités.;Moyenne;Élevée;Moyenne;RPS, accompagnement
553;Médico-sanitaire;Santé mentale;Crise psychosociale post-évènement;Géopolitique / institutionnel;Intervention de l’État / autorités (préfecture, inspection, régulateur);Intervention de l’État / autorités (préfecture, inspection, régulateur) — Dans le contexte « Santé mentale » (Médico-sanitaire). Crise psychosociale post-évènement. Points sensibles : RPS, accompagnement.;Exemple : Santé mentale → intervention de l’état / autorités (préfecture, inspection, régulateur) (ex. décisions immédiates, coordination, reprise).;Injonctions, contrôles, arbitrages publics, priorisation ressources.;Veille institutionnelle, carto parties prenantes, protocoles autorités.;Coordination préf/mairie/régulateurs, demandes de moyens publics.;Moyenne;Élevée;Moyenne;RPS, accompagnement
554;Médico-sanitaire;Santé mentale;Crise psychosociale post-évènement;Géopolitique / institutionnel;Priorisation nationale des ressources (énergie, santé, sécurité);Priorisation nationale des ressources (énergie, santé, sécurité) — Dans le contexte « Santé mentale » (Médico-sanitaire). Crise psychosociale post-évènement. Points sensibles : RPS, accompagnement.;Exemple : Santé mentale → priorisation nationale des ressources (énergie, santé, sécurité) (ex. décisions immédiates, coordination, reprise).;Injonctions, contrôles, arbitrages publics, priorisation ressources.;Veille institutionnelle, carto parties prenantes, protocoles autorités.;Coordination préf/mairie/régulateurs, demandes de moyens publics.;Moyenne;Élevée;Moyenne;RPS, accompagnement
555;Médico-sanitaire;Santé mentale;Crise psychosociale post-évènement;Informatique / numérique;Perte du SI local (supervision, communications, annuaire, outils métier);Perte du SI local (supervision, communications, annuaire, outils métier) — Dans le contexte « Santé mentale » (Médico-sanitaire). Crise psychosociale post-évènement. Points sensibles : RPS, accompagnement.;Exemple : Santé mentale → perte du si local (supervision, communications, annuaire, outils métier) (ex. décisions immédiates, coordination, reprise).;Perte outils, rupture communications, fuite info.;Segmentation, sauvegardes, redondance télécom, procédures hors-ligne.;Mode dégradé, restauration, canaux alternatifs, contrôle intégrité.;Moyenne;Élevée;Moyenne;RPS, accompagnement
556;Médico-sanitaire;Santé mentale;Crise psychosociale post-évènement;Informatique / numérique;Cyberattaque opportuniste pendant la crise (phishing, ransom, DDoS);Cyberattaque opportuniste pendant la crise (phishing, ransom, DDoS) — Dans le contexte « Santé mentale » (Médico-sanitaire). Crise psychosociale post-évènement. Points sensibles : RPS, accompagnement.;Exemple : Santé mentale → cyberattaque opportuniste pendant la crise (phishing, ransom, ddos) (ex. décisions immédiates, coordination, reprise).;Perte outils, rupture communications, fuite info.;Segmentation, sauvegardes, redondance télécom, procédures hors-ligne.;Mode dégradé, restauration, canaux alternatifs, contrôle intégrité.;Moyenne;Élevée;Moyenne;RPS, accompagnement
557;Médico-sanitaire;Santé mentale;Crise psychosociale post-évènement;Défaillance / résilience;Effet domino multi-réseaux (énergie + télécom + eau);Effet domino multi-réseaux (énergie + télécom + eau) — Dans le contexte « Santé mentale » (Médico-sanitaire). Crise psychosociale post-évènement. Points sensibles : RPS, accompagnement.;Exemple : Santé mentale → effet domino multi-réseaux (énergie + télécom + eau) (ex. décisions immédiates, coordination, reprise).;Domino multi-systèmes, crise prolongée, défaillance gouvernance.;Tests de résilience, exercices multi-crises, cartographie dépendances.;Limiter le domino, renforcer gouvernance, cellules spécialisées, REX.;Moyenne;Élevée;Moyenne;RPS, accompagnement
558;Médico-sanitaire;Santé mentale;Crise psychosociale post-évènement;Défaillance / résilience;Défaillance d’un acteur clé (prestataire, fournisseur, opérateur);Défaillance d’un acteur clé (prestataire, fournisseur, opérateur) — Dans le contexte « Santé mentale » (Médico-sanitaire). Crise psychosociale post-évènement. Points sensibles : RPS, accompagnement.;Exemple : Santé mentale → défaillance d’un acteur clé (prestataire, fournisseur, opérateur) (ex. décisions immédiates, coordination, reprise).;Domino multi-systèmes, crise prolongée, défaillance gouvernance.;Tests de résilience, exercices multi-crises, cartographie dépendances.;Limiter le domino, renforcer gouvernance, cellules spécialisées, REX.;Moyenne;Élevée;Moyenne;RPS, accompagnement
559;Médico-sanitaire;Rupture soins;Indisponibilité secours/urgences;Opérationnel;Arrêt immédiat des activités et sécurisation du périmètre;Arrêt immédiat des activités et sécurisation du périmètre — Dans le contexte « Rupture soins » (Médico-sanitaire). Indisponibilité secours/urgences. Points sensibles : prise en charge retardée.;Exemple : Rupture soins → arrêt immédiat des activités et sécurisation du périmètre (ex. décisions immédiates, coordination, reprise).;Arrêt/retards, mode dégradé, impacts usagers/clients.;PCA/PRA, procédures mode dégradé, exercices réguliers, annuaire crise.;Arrêt sécurisé, priorisation activités, cellule terrain, points de situation.;Moyenne;Élevée;Moyenne;prise en charge retardée
560;Médico-sanitaire;Rupture soins;Indisponibilité secours/urgences;Opérationnel;Désorganisation de la coordination multi-acteurs (secours, autorités, partenaires);Désorganisation de la coordination multi-acteurs (secours, autorités, partenaires) — Dans le contexte « Rupture soins » (Médico-sanitaire). Indisponibilité secours/urgences. Points sensibles : prise en charge retardée.;Exemple : Rupture soins → désorganisation de la coordination multi-acteurs (secours, autorités, partenaires) (ex. décisions immédiates, coordination, reprise).;Arrêt/retards, mode dégradé, impacts usagers/clients.;PCA/PRA, procédures mode dégradé, exercices réguliers, annuaire crise.;Arrêt sécurisé, priorisation activités, cellule terrain, points de situation.;Moyenne;Élevée;Moyenne;prise en charge retardée
561;Médico-sanitaire;Rupture soins;Indisponibilité secours/urgences;Industriel / technique;Destruction d’ouvrages ou d’équipements critiques;Destruction d’ouvrages ou d’équipements critiques — Dans le contexte « Rupture soins » (Médico-sanitaire). Indisponibilité secours/urgences. Points sensibles : prise en charge retardée.;Exemple : Rupture soins → destruction d’ouvrages ou d’équipements critiques (ex. décisions immédiates, coordination, reprise).;Dommages matériels, risques de sur-accident, indisponibilité d’équipements.;Maintenance préventive, inspections, redondances techniques, permis de travail.;Mise en sécurité, réparations, expertises, reprise sous conditions.;Moyenne;Élevée;Moyenne;prise en charge retardée
562;Médico-sanitaire;Rupture soins;Indisponibilité secours/urgences;Industriel / technique;Déclenchement de sécurités et arrêt automatique des systèmes;Déclenchement de sécurités et arrêt automatique des systèmes — Dans le contexte « Rupture soins » (Médico-sanitaire). Indisponibilité secours/urgences. Points sensibles : prise en charge retardée.;Exemple : Rupture soins → déclenchement de sécurités et arrêt automatique des systèmes (ex. décisions immédiates, coordination, reprise).;Dommages matériels, risques de sur-accident, indisponibilité d’équipements.;Maintenance préventive, inspections, redondances techniques, permis de travail.;Mise en sécurité, réparations, expertises, reprise sous conditions.;Moyenne;Élevée;Moyenne;prise en charge retardée
563;Médico-sanitaire;Rupture soins;Indisponibilité secours/urgences;Ressources humaines;Traumatisme des équipes et stress post-évènement (RPS);Traumatisme des équipes et stress post-évènement (RPS) — Dans le contexte « Rupture soins » (Médico-sanitaire). Indisponibilité secours/urgences. Points sensibles : prise en charge retardée.;Exemple : Rupture soins → traumatisme des équipes et stress post-évènement (rps) (ex. décisions immédiates, coordination, reprise).;Choc, fatigue, absentéisme, tensions sociales.;Prévention RPS, formation managers, rotations astreinte, culture Stop Work.;Soutien psychologique, communication interne, renforts, repos imposé.;Moyenne;Élevée;Moyenne;prise en charge retardée
564;Médico-sanitaire;Rupture soins;Indisponibilité secours/urgences;Ressources humaines;Exposition à des risques physiques (chaleur, fumées, toxiques);Exposition à des risques physiques (chaleur, fumées, toxiques) — Dans le contexte « Rupture soins » (Médico-sanitaire). Indisponibilité secours/urgences. Points sensibles : prise en charge retardée.;Exemple : Rupture soins → exposition à des risques physiques (chaleur, fumées, toxiques) (ex. décisions immédiates, coordination, reprise).;Choc, fatigue, absentéisme, tensions sociales.;Prévention RPS, formation managers, rotations astreinte, culture Stop Work.;Soutien psychologique, communication interne, renforts, repos imposé.;Moyenne;Élevée;Moyenne;prise en charge retardée
565;Médico-sanitaire;Rupture soins;Indisponibilité secours/urgences;Juridique / conformité;Mise en cause pénale (accident grave, mise en danger, pollution);Mise en cause pénale (accident grave, mise en danger, pollution) — Dans le contexte « Rupture soins » (Médico-sanitaire). Indisponibilité secours/urgences. Points sensibles : prise en charge retardée.;Exemple : Rupture soins → mise en cause pénale (accident grave, mise en danger, pollution) (ex. décisions immédiates, coordination, reprise).;Enquêtes, obligations, contentieux, sanctions.;Veille réglementaire, audits, plans de prévention, conservation des preuves.;Déclarations, interface autorités, stratégie contentieuse, documentation.;Moyenne;Critique;Élevée;prise en charge retardée
566;Médico-sanitaire;Rupture soins;Indisponibilité secours/urgences;Juridique / conformité;Contentieux contractuels (pénalités, retards, responsabilités);Contentieux contractuels (pénalités, retards, responsabilités) — Dans le contexte « Rupture soins » (Médico-sanitaire). Indisponibilité secours/urgences. Points sensibles : prise en charge retardée.;Exemple : Rupture soins → contentieux contractuels (pénalités, retards, responsabilités) (ex. décisions immédiates, coordination, reprise).;Enquêtes, obligations, contentieux, sanctions.;Veille réglementaire, audits, plans de prévention, conservation des preuves.;Déclarations, interface autorités, stratégie contentieuse, documentation.;Moyenne;Critique;Élevée;prise en charge retardée
567;Médico-sanitaire;Rupture soins;Indisponibilité secours/urgences;Financier;Coûts de réparation et de remise en état (ouvrages, équipements);Coûts de réparation et de remise en état (ouvrages, équipements) — Dans le contexte « Rupture soins » (Médico-sanitaire). Indisponibilité secours/urgences. Points sensibles : prise en charge retardée.;Exemple : Rupture soins → coûts de réparation et de remise en état (ouvrages, équipements) (ex. décisions immédiates, coordination, reprise).;Pertes d’exploitation, coûts de remise en état, hausse primes/franchises.;Assurances adaptées, budgets d’urgence, suivi trésorerie, clauses contractuelles.;Activation fonds d’urgence, suivi coûts, déclaration assureur, mitigation pénalités.;Moyenne;Élevée;Moyenne;prise en charge retardée
568;Médico-sanitaire;Rupture soins;Indisponibilité secours/urgences;Financier;Hausse des primes, franchises et difficultés d’assurabilité;Hausse des primes, franchises et difficultés d’assurabilité — Dans le contexte « Rupture soins » (Médico-sanitaire). Indisponibilité secours/urgences. Points sensibles : prise en charge retardée.;Exemple : Rupture soins → hausse des primes, franchises et difficultés d’assurabilité (ex. décisions immédiates, coordination, reprise).;Pertes d’exploitation, coûts de remise en état, hausse primes/franchises.;Assurances adaptées, budgets d’urgence, suivi trésorerie, clauses contractuelles.;Activation fonds d’urgence, suivi coûts, déclaration assureur, mitigation pénalités.;Moyenne;Élevée;Moyenne;prise en charge retardée
569;Médico-sanitaire;Rupture soins;Indisponibilité secours/urgences;Image / réputation;Médiatisation nationale / locale et perte de confiance;Médiatisation nationale / locale et perte de confiance — Dans le contexte « Rupture soins » (Médico-sanitaire). Indisponibilité secours/urgences. Points sensibles : prise en charge retardée.;Exemple : Rupture soins → médiatisation nationale / locale et perte de confiance (ex. décisions immédiates, coordination, reprise).;Perte de confiance, pression médiatique, rumeurs.;Veille médias, porte-parole, éléments de langage, charte RS.;Communication factuelle/empathetic, lutte rumeurs, coordination autorités.;Moyenne;Élevée;Moyenne;prise en charge retardée
570;Médico-sanitaire;Rupture soins;Indisponibilité secours/urgences;Image / réputation;Perception d’impréparation ou de manque de transparence;Perception d’impréparation ou de manque de transparence — Dans le contexte « Rupture soins » (Médico-sanitaire). Indisponibilité secours/urgences. Points sensibles : prise en charge retardée.;Exemple : Rupture soins → perception d’impréparation ou de manque de transparence (ex. décisions immédiates, coordination, reprise).;Perte de confiance, pression médiatique, rumeurs.;Veille médias, porte-parole, éléments de langage, charte RS.;Communication factuelle/empathetic, lutte rumeurs, coordination autorités.;Moyenne;Élevée;Moyenne;prise en charge retardée
571;Médico-sanitaire;Rupture soins;Indisponibilité secours/urgences;Géopolitique / institutionnel;Intervention de l’État / autorités (préfecture, inspection, régulateur);Intervention de l’État / autorités (préfecture, inspection, régulateur) — Dans le contexte « Rupture soins » (Médico-sanitaire). Indisponibilité secours/urgences. Points sensibles : prise en charge retardée.;Exemple : Rupture soins → intervention de l’état / autorités (préfecture, inspection, régulateur) (ex. décisions immédiates, coordination, reprise).;Injonctions, contrôles, arbitrages publics, priorisation ressources.;Veille institutionnelle, carto parties prenantes, protocoles autorités.;Coordination préf/mairie/régulateurs, demandes de moyens publics.;Moyenne;Élevée;Moyenne;prise en charge retardée
572;Médico-sanitaire;Rupture soins;Indisponibilité secours/urgences;Géopolitique / institutionnel;Priorisation nationale des ressources (énergie, santé, sécurité);Priorisation nationale des ressources (énergie, santé, sécurité) — Dans le contexte « Rupture soins » (Médico-sanitaire). Indisponibilité secours/urgences. Points sensibles : prise en charge retardée.;Exemple : Rupture soins → priorisation nationale des ressources (énergie, santé, sécurité) (ex. décisions immédiates, coordination, reprise).;Injonctions, contrôles, arbitrages publics, priorisation ressources.;Veille institutionnelle, carto parties prenantes, protocoles autorités.;Coordination préf/mairie/régulateurs, demandes de moyens publics.;Moyenne;Élevée;Moyenne;prise en charge retardée
573;Médico-sanitaire;Rupture soins;Indisponibilité secours/urgences;Informatique / numérique;Perte du SI local (supervision, communications, annuaire, outils métier);Perte du SI local (supervision, communications, annuaire, outils métier) — Dans le contexte « Rupture soins » (Médico-sanitaire). Indisponibilité secours/urgences. Points sensibles : prise en charge retardée.;Exemple : Rupture soins → perte du si local (supervision, communications, annuaire, outils métier) (ex. décisions immédiates, coordination, reprise).;Perte outils, rupture communications, fuite info.;Segmentation, sauvegardes, redondance télécom, procédures hors-ligne.;Mode dégradé, restauration, canaux alternatifs, contrôle intégrité.;Moyenne;Élevée;Moyenne;prise en charge retardée
574;Médico-sanitaire;Rupture soins;Indisponibilité secours/urgences;Informatique / numérique;Cyberattaque opportuniste pendant la crise (phishing, ransom, DDoS);Cyberattaque opportuniste pendant la crise (phishing, ransom, DDoS) — Dans le contexte « Rupture soins » (Médico-sanitaire). Indisponibilité secours/urgences. Points sensibles : prise en charge retardée.;Exemple : Rupture soins → cyberattaque opportuniste pendant la crise (phishing, ransom, ddos) (ex. décisions immédiates, coordination, reprise).;Perte outils, rupture communications, fuite info.;Segmentation, sauvegardes, redondance télécom, procédures hors-ligne.;Mode dégradé, restauration, canaux alternatifs, contrôle intégrité.;Moyenne;Élevée;Moyenne;prise en charge retardée
575;Médico-sanitaire;Rupture soins;Indisponibilité secours/urgences;Défaillance / résilience;Effet domino multi-réseaux (énergie + télécom + eau);Effet domino multi-réseaux (énergie + télécom + eau) — Dans le contexte « Rupture soins » (Médico-sanitaire). Indisponibilité secours/urgences. Points sensibles : prise en charge retardée.;Exemple : Rupture soins → effet domino multi-réseaux (énergie + télécom + eau) (ex. décisions immédiates, coordination, reprise).;Domino multi-systèmes, crise prolongée, défaillance gouvernance.;Tests de résilience, exercices multi-crises, cartographie dépendances.;Limiter le domino, renforcer gouvernance, cellules spécialisées, REX.;Moyenne;Élevée;Moyenne;prise en charge retardée
576;Médico-sanitaire;Rupture soins;Indisponibilité secours/urgences;Défaillance / résilience;Défaillance d’un acteur clé (prestataire, fournisseur, opérateur);Défaillance d’un acteur clé (prestataire, fournisseur, opérateur) — Dans le contexte « Rupture soins » (Médico-sanitaire). Indisponibilité secours/urgences. Points sensibles : prise en charge retardée.;Exemple : Rupture soins → défaillance d’un acteur clé (prestataire, fournisseur, opérateur) (ex. décisions immédiates, coordination, reprise).;Domino multi-systèmes, crise prolongée, défaillance gouvernance.;Tests de résilience, exercices multi-crises, cartographie dépendances.;Limiter le domino, renforcer gouvernance, cellules spécialisées, REX.;Moyenne;Élevée;Moyenne;prise en charge retardée
577;Mouvement social;Grève interne;Grève dans l’organisation;Opérationnel;Arrêt immédiat des activités et sécurisation du périmètre;Arrêt immédiat des activités et sécurisation du périmètre — Dans le contexte « Grève interne » (Mouvement social). Grève dans l’organisation. Points sensibles : baisse capacité, retards.;Exemple : Grève interne → arrêt immédiat des activités et sécurisation du périmètre (ex. décisions immédiates, coordination, reprise).;Arrêt/retards, mode dégradé, impacts usagers/clients.;PCA/PRA, procédures mode dégradé, exercices réguliers, annuaire crise.;Arrêt sécurisé, priorisation activités, cellule terrain, points de situation.;Moyenne;Élevée;Moyenne;baisse capacité, retards
578;Mouvement social;Grève interne;Grève dans l’organisation;Opérationnel;Désorganisation de la coordination multi-acteurs (secours, autorités, partenaires);Désorganisation de la coordination multi-acteurs (secours, autorités, partenaires) — Dans le contexte « Grève interne » (Mouvement social). Grève dans l’organisation. Points sensibles : baisse capacité, retards.;Exemple : Grève interne → désorganisation de la coordination multi-acteurs (secours, autorités, partenaires) (ex. décisions immédiates, coordination, reprise).;Arrêt/retards, mode dégradé, impacts usagers/clients.;PCA/PRA, procédures mode dégradé, exercices réguliers, annuaire crise.;Arrêt sécurisé, priorisation activités, cellule terrain, points de situation.;Moyenne;Élevée;Moyenne;baisse capacité, retards
579;Mouvement social;Grève interne;Grève dans l’organisation;Industriel / technique;Destruction d’ouvrages ou d’équipements critiques;Destruction d’ouvrages ou d’équipements critiques — Dans le contexte « Grève interne » (Mouvement social). Grève dans l’organisation. Points sensibles : baisse capacité, retards.;Exemple : Grève interne → destruction d’ouvrages ou d’équipements critiques (ex. décisions immédiates, coordination, reprise).;Dommages matériels, risques de sur-accident, indisponibilité d’équipements.;Maintenance préventive, inspections, redondances techniques, permis de travail.;Mise en sécurité, réparations, expertises, reprise sous conditions.;Moyenne;Élevée;Moyenne;baisse capacité, retards
580;Mouvement social;Grève interne;Grève dans l’organisation;Industriel / technique;Déclenchement de sécurités et arrêt automatique des systèmes;Déclenchement de sécurités et arrêt automatique des systèmes — Dans le contexte « Grève interne » (Mouvement social). Grève dans l’organisation. Points sensibles : baisse capacité, retards.;Exemple : Grève interne → déclenchement de sécurités et arrêt automatique des systèmes (ex. décisions immédiates, coordination, reprise).;Dommages matériels, risques de sur-accident, indisponibilité d’équipements.;Maintenance préventive, inspections, redondances techniques, permis de travail.;Mise en sécurité, réparations, expertises, reprise sous conditions.;Moyenne;Élevée;Moyenne;baisse capacité, retards
581;Mouvement social;Grève interne;Grève dans l’organisation;Ressources humaines;Traumatisme des équipes et stress post-évènement (RPS);Traumatisme des équipes et stress post-évènement (RPS) — Dans le contexte « Grève interne » (Mouvement social). Grève dans l’organisation. Points sensibles : baisse capacité, retards.;Exemple : Grève interne → traumatisme des équipes et stress post-évènement (rps) (ex. décisions immédiates, coordination, reprise).;Choc, fatigue, absentéisme, tensions sociales.;Prévention RPS, formation managers, rotations astreinte, culture Stop Work.;Soutien psychologique, communication interne, renforts, repos imposé.;Moyenne;Élevée;Moyenne;baisse capacité, retards
582;Mouvement social;Grève interne;Grève dans l’organisation;Ressources humaines;Exposition à des risques physiques (chaleur, fumées, toxiques);Exposition à des risques physiques (chaleur, fumées, toxiques) — Dans le contexte « Grève interne » (Mouvement social). Grève dans l’organisation. Points sensibles : baisse capacité, retards.;Exemple : Grève interne → exposition à des risques physiques (chaleur, fumées, toxiques) (ex. décisions immédiates, coordination, reprise).;Choc, fatigue, absentéisme, tensions sociales.;Prévention RPS, formation managers, rotations astreinte, culture Stop Work.;Soutien psychologique, communication interne, renforts, repos imposé.;Moyenne;Élevée;Moyenne;baisse capacité, retards
583;Mouvement social;Grève interne;Grève dans l’organisation;Juridique / conformité;Mise en cause pénale (accident grave, mise en danger, pollution);Mise en cause pénale (accident grave, mise en danger, pollution) — Dans le contexte « Grève interne » (Mouvement social). Grève dans l’organisation. Points sensibles : baisse capacité, retards.;Exemple : Grève interne → mise en cause pénale (accident grave, mise en danger, pollution) (ex. décisions immédiates, coordination, reprise).;Enquêtes, obligations, contentieux, sanctions.;Veille réglementaire, audits, plans de prévention, conservation des preuves.;Déclarations, interface autorités, stratégie contentieuse, documentation.;Moyenne;Critique;Élevée;baisse capacité, retards
584;Mouvement social;Grève interne;Grève dans l’organisation;Juridique / conformité;Contentieux contractuels (pénalités, retards, responsabilités);Contentieux contractuels (pénalités, retards, responsabilités) — Dans le contexte « Grève interne » (Mouvement social). Grève dans l’organisation. Points sensibles : baisse capacité, retards.;Exemple : Grève interne → contentieux contractuels (pénalités, retards, responsabilités) (ex. décisions immédiates, coordination, reprise).;Enquêtes, obligations, contentieux, sanctions.;Veille réglementaire, audits, plans de prévention, conservation des preuves.;Déclarations, interface autorités, stratégie contentieuse, documentation.;Moyenne;Critique;Élevée;baisse capacité, retards
585;Mouvement social;Grève interne;Grève dans l’organisation;Financier;Coûts de réparation et de remise en état (ouvrages, équipements);Coûts de réparation et de remise en état (ouvrages, équipements) — Dans le contexte « Grève interne » (Mouvement social). Grève dans l’organisation. Points sensibles : baisse capacité, retards.;Exemple : Grève interne → coûts de réparation et de remise en état (ouvrages, équipements) (ex. décisions immédiates, coordination, reprise).;Pertes d’exploitation, coûts de remise en état, hausse primes/franchises.;Assurances adaptées, budgets d’urgence, suivi trésorerie, clauses contractuelles.;Activation fonds d’urgence, suivi coûts, déclaration assureur, mitigation pénalités.;Moyenne;Élevée;Moyenne;baisse capacité, retards
586;Mouvement social;Grève interne;Grève dans l’organisation;Financier;Hausse des primes, franchises et difficultés d’assurabilité;Hausse des primes, franchises et difficultés d’assurabilité — Dans le contexte « Grève interne » (Mouvement social). Grève dans l’organisation. Points sensibles : baisse capacité, retards.;Exemple : Grève interne → hausse des primes, franchises et difficultés d’assurabilité (ex. décisions immédiates, coordination, reprise).;Pertes d’exploitation, coûts de remise en état, hausse primes/franchises.;Assurances adaptées, budgets d’urgence, suivi trésorerie, clauses contractuelles.;Activation fonds d’urgence, suivi coûts, déclaration assureur, mitigation pénalités.;Moyenne;Élevée;Moyenne;baisse capacité, retards
587;Mouvement social;Grève interne;Grève dans l’organisation;Image / réputation;Médiatisation nationale / locale et perte de confiance;Médiatisation nationale / locale et perte de confiance — Dans le contexte « Grève interne » (Mouvement social). Grève dans l’organisation. Points sensibles : baisse capacité, retards.;Exemple : Grève interne → médiatisation nationale / locale et perte de confiance (ex. décisions immédiates, coordination, reprise).;Perte de confiance, pression médiatique, rumeurs.;Veille médias, porte-parole, éléments de langage, charte RS.;Communication factuelle/empathetic, lutte rumeurs, coordination autorités.;Moyenne;Élevée;Moyenne;baisse capacité, retards
588;Mouvement social;Grève interne;Grève dans l’organisation;Image / réputation;Perception d’impréparation ou de manque de transparence;Perception d’impréparation ou de manque de transparence — Dans le contexte « Grève interne » (Mouvement social). Grève dans l’organisation. Points sensibles : baisse capacité, retards.;Exemple : Grève interne → perception d’impréparation ou de manque de transparence (ex. décisions immédiates, coordination, reprise).;Perte de confiance, pression médiatique, rumeurs.;Veille médias, porte-parole, éléments de langage, charte RS.;Communication factuelle/empathetic, lutte rumeurs, coordination autorités.;Moyenne;Élevée;Moyenne;baisse capacité, retards
589;Mouvement social;Grève interne;Grève dans l’organisation;Géopolitique / institutionnel;Intervention de l’État / autorités (préfecture, inspection, régulateur);Intervention de l’État / autorités (préfecture, inspection, régulateur) — Dans le contexte « Grève interne » (Mouvement social). Grève dans l’organisation. Points sensibles : baisse capacité, retards.;Exemple : Grève interne → intervention de l’état / autorités (préfecture, inspection, régulateur) (ex. décisions immédiates, coordination, reprise).;Injonctions, contrôles, arbitrages publics, priorisation ressources.;Veille institutionnelle, carto parties prenantes, protocoles autorités.;Coordination préf/mairie/régulateurs, demandes de moyens publics.;Moyenne;Élevée;Moyenne;baisse capacité, retards
590;Mouvement social;Grève interne;Grève dans l’organisation;Géopolitique / institutionnel;Priorisation nationale des ressources (énergie, santé, sécurité);Priorisation nationale des ressources (énergie, santé, sécurité) — Dans le contexte « Grève interne » (Mouvement social). Grève dans l’organisation. Points sensibles : baisse capacité, retards.;Exemple : Grève interne → priorisation nationale des ressources (énergie, santé, sécurité) (ex. décisions immédiates, coordination, reprise).;Injonctions, contrôles, arbitrages publics, priorisation ressources.;Veille institutionnelle, carto parties prenantes, protocoles autorités.;Coordination préf/mairie/régulateurs, demandes de moyens publics.;Moyenne;Élevée;Moyenne;baisse capacité, retards
591;Mouvement social;Grève interne;Grève dans l’organisation;Informatique / numérique;Perte du SI local (supervision, communications, annuaire, outils métier);Perte du SI local (supervision, communications, annuaire, outils métier) — Dans le contexte « Grève interne » (Mouvement social). Grève dans l’organisation. Points sensibles : baisse capacité, retards.;Exemple : Grève interne → perte du si local (supervision, communications, annuaire, outils métier) (ex. décisions immédiates, coordination, reprise).;Perte outils, rupture communications, fuite info.;Segmentation, sauvegardes, redondance télécom, procédures hors-ligne.;Mode dégradé, restauration, canaux alternatifs, contrôle intégrité.;Moyenne;Élevée;Moyenne;baisse capacité, retards
592;Mouvement social;Grève interne;Grève dans l’organisation;Informatique / numérique;Cyberattaque opportuniste pendant la crise (phishing, ransom, DDoS);Cyberattaque opportuniste pendant la crise (phishing, ransom, DDoS) — Dans le contexte « Grève interne » (Mouvement social). Grève dans l’organisation. Points sensibles : baisse capacité, retards.;Exemple : Grève interne → cyberattaque opportuniste pendant la crise (phishing, ransom, ddos) (ex. décisions immédiates, coordination, reprise).;Perte outils, rupture communications, fuite info.;Segmentation, sauvegardes, redondance télécom, procédures hors-ligne.;Mode dégradé, restauration, canaux alternatifs, contrôle intégrité.;Moyenne;Élevée;Moyenne;baisse capacité, retards
593;Mouvement social;Grève interne;Grève dans l’organisation;Défaillance / résilience;Effet domino multi-réseaux (énergie + télécom + eau);Effet domino multi-réseaux (énergie + télécom + eau) — Dans le contexte « Grève interne » (Mouvement social). Grève dans l’organisation. Points sensibles : baisse capacité, retards.;Exemple : Grève interne → effet domino multi-réseaux (énergie + télécom + eau) (ex. décisions immédiates, coordination, reprise).;Domino multi-systèmes, crise prolongée, défaillance gouvernance.;Tests de résilience, exercices multi-crises, cartographie dépendances.;Limiter le domino, renforcer gouvernance, cellules spécialisées, REX.;Moyenne;Élevée;Moyenne;baisse capacité, retards
594;Mouvement social;Grève interne;Grève dans l’organisation;Défaillance / résilience;Défaillance d’un acteur clé (prestataire, fournisseur, opérateur);Défaillance d’un acteur clé (prestataire, fournisseur, opérateur) — Dans le contexte « Grève interne » (Mouvement social). Grève dans l’organisation. Points sensibles : baisse capacité, retards.;Exemple : Grève interne → défaillance d’un acteur clé (prestataire, fournisseur, opérateur) (ex. décisions immédiates, coordination, reprise).;Domino multi-systèmes, crise prolongée, défaillance gouvernance.;Tests de résilience, exercices multi-crises, cartographie dépendances.;Limiter le domino, renforcer gouvernance, cellules spécialisées, REX.;Moyenne;Élevée;Moyenne;baisse capacité, retards
595;Mouvement social;Grève nationale;Transports/énergie en grève;Opérationnel;Arrêt immédiat des activités et sécurisation du périmètre;Arrêt immédiat des activités et sécurisation du périmètre — Dans le contexte « Grève nationale » (Mouvement social). Transports/énergie en grève. Points sensibles : logistique, accès, délais.;Exemple : Grève nationale → arrêt immédiat des activités et sécurisation du périmètre (ex. décisions immédiates, coordination, reprise).;Arrêt/retards, mode dégradé, impacts usagers/clients.;PCA/PRA, procédures mode dégradé, exercices réguliers, annuaire crise.;Arrêt sécurisé, priorisation activités, cellule terrain, points de situation.;Moyenne;Élevée;Moyenne;logistique, accès, délais
596;Mouvement social;Grève nationale;Transports/énergie en grève;Opérationnel;Désorganisation de la coordination multi-acteurs (secours, autorités, partenaires);Désorganisation de la coordination multi-acteurs (secours, autorités, partenaires) — Dans le contexte « Grève nationale » (Mouvement social). Transports/énergie en grève. Points sensibles : logistique, accès, délais.;Exemple : Grève nationale → désorganisation de la coordination multi-acteurs (secours, autorités, partenaires) (ex. décisions immédiates, coordination, reprise).;Arrêt/retards, mode dégradé, impacts usagers/clients.;PCA/PRA, procédures mode dégradé, exercices réguliers, annuaire crise.;Arrêt sécurisé, priorisation activités, cellule terrain, points de situation.;Moyenne;Élevée;Moyenne;logistique, accès, délais
597;Mouvement social;Grève nationale;Transports/énergie en grève;Industriel / technique;Destruction d’ouvrages ou d’équipements critiques;Destruction d’ouvrages ou d’équipements critiques — Dans le contexte « Grève nationale » (Mouvement social). Transports/énergie en grève. Points sensibles : logistique, accès, délais.;Exemple : Grève nationale → destruction d’ouvrages ou d’équipements critiques (ex. décisions immédiates, coordination, reprise).;Dommages matériels, risques de sur-accident, indisponibilité d’équipements.;Maintenance préventive, inspections, redondances techniques, permis de travail.;Mise en sécurité, réparations, expertises, reprise sous conditions.;Moyenne;Élevée;Moyenne;logistique, accès, délais
598;Mouvement social;Grève nationale;Transports/énergie en grève;Industriel / technique;Déclenchement de sécurités et arrêt automatique des systèmes;Déclenchement de sécurités et arrêt automatique des systèmes — Dans le contexte « Grève nationale » (Mouvement social). Transports/énergie en grève. Points sensibles : logistique, accès, délais.;Exemple : Grève nationale → déclenchement de sécurités et arrêt automatique des systèmes (ex. décisions immédiates, coordination, reprise).;Dommages matériels, risques de sur-accident, indisponibilité d’équipements.;Maintenance préventive, inspections, redondances techniques, permis de travail.;Mise en sécurité, réparations, expertises, reprise sous conditions.;Moyenne;Élevée;Moyenne;logistique, accès, délais
599;Mouvement social;Grève nationale;Transports/énergie en grève;Ressources humaines;Traumatisme des équipes et stress post-évènement (RPS);Traumatisme des équipes et stress post-évènement (RPS) — Dans le contexte « Grève nationale » (Mouvement social). Transports/énergie en grève. Points sensibles : logistique, accès, délais.;Exemple : Grève nationale → traumatisme des équipes et stress post-évènement (rps) (ex. décisions immédiates, coordination, reprise).;Choc, fatigue, absentéisme, tensions sociales.;Prévention RPS, formation managers, rotations astreinte, culture Stop Work.;Soutien psychologique, communication interne, renforts, repos imposé.;Moyenne;Élevée;Moyenne;logistique, accès, délais
600;Mouvement social;Grève nationale;Transports/énergie en grève;Ressources humaines;Exposition à des risques physiques (chaleur, fumées, toxiques);Exposition à des risques physiques (chaleur, fumées, toxiques) — Dans le contexte « Grève nationale » (Mouvement social). Transports/énergie en grève. Points sensibles : logistique, accès, délais.;Exemple : Grève nationale → exposition à des risques physiques (chaleur, fumées, toxiques) (ex. décisions immédiates, coordination, reprise).;Choc, fatigue, absentéisme, tensions sociales.;Prévention RPS, formation managers, rotations astreinte, culture Stop Work.;Soutien psychologique, communication interne, renforts, repos imposé.;Moyenne;Élevée;Moyenne;logistique, accès, délais
601;Mouvement social;Grève nationale;Transports/énergie en grève;Juridique / conformité;Mise en cause pénale (accident grave, mise en danger, pollution);Mise en cause pénale (accident grave, mise en danger, pollution) — Dans le contexte « Grève nationale » (Mouvement social). Transports/énergie en grève. Points sensibles : logistique, accès, délais.;Exemple : Grève nationale → mise en cause pénale (accident grave, mise en danger, pollution) (ex. décisions immédiates, coordination, reprise).;Enquêtes, obligations, contentieux, sanctions.;Veille réglementaire, audits, plans de prévention, conservation des preuves.;Déclarations, interface autorités, stratégie contentieuse, documentation.;Moyenne;Critique;Élevée;logistique, accès, délais
602;Mouvement social;Grève nationale;Transports/énergie en grève;Juridique / conformité;Contentieux contractuels (pénalités, retards, responsabilités);Contentieux contractuels (pénalités, retards, responsabilités) — Dans le contexte « Grève nationale » (Mouvement social). Transports/énergie en grève. Points sensibles : logistique, accès, délais.;Exemple : Grève nationale → contentieux contractuels (pénalités, retards, responsabilités) (ex. décisions immédiates, coordination, reprise).;Enquêtes, obligations, contentieux, sanctions.;Veille réglementaire, audits, plans de prévention, conservation des preuves.;Déclarations, interface autorités, stratégie contentieuse, documentation.;Moyenne;Critique;Élevée;logistique, accès, délais
603;Mouvement social;Grève nationale;Transports/énergie en grève;Financier;Coûts de réparation et de remise en état (ouvrages, équipements);Coûts de réparation et de remise en état (ouvrages, équipements) — Dans le contexte « Grève nationale » (Mouvement social). Transports/énergie en grève. Points sensibles : logistique, accès, délais.;Exemple : Grève nationale → coûts de réparation et de remise en état (ouvrages, équipements) (ex. décisions immédiates, coordination, reprise).;Pertes d’exploitation, coûts de remise en état, hausse primes/franchises.;Assurances adaptées, budgets d’urgence, suivi trésorerie, clauses contractuelles.;Activation fonds d’urgence, suivi coûts, déclaration assureur, mitigation pénalités.;Moyenne;Élevée;Moyenne;logistique, accès, délais
604;Mouvement social;Grève nationale;Transports/énergie en grève;Financier;Hausse des primes, franchises et difficultés d’assurabilité;Hausse des primes, franchises et difficultés d’assurabilité — Dans le contexte « Grève nationale » (Mouvement social). Transports/énergie en grève. Points sensibles : logistique, accès, délais.;Exemple : Grève nationale → hausse des primes, franchises et difficultés d’assurabilité (ex. décisions immédiates, coordination, reprise).;Pertes d’exploitation, coûts de remise en état, hausse primes/franchises.;Assurances adaptées, budgets d’urgence, suivi trésorerie, clauses contractuelles.;Activation fonds d’urgence, suivi coûts, déclaration assureur, mitigation pénalités.;Moyenne;Élevée;Moyenne;logistique, accès, délais
605;Mouvement social;Grève nationale;Transports/énergie en grève;Image / réputation;Médiatisation nationale / locale et perte de confiance;Médiatisation nationale / locale et perte de confiance — Dans le contexte « Grève nationale » (Mouvement social). Transports/énergie en grève. Points sensibles : logistique, accès, délais.;Exemple : Grève nationale → médiatisation nationale / locale et perte de confiance (ex. décisions immédiates, coordination, reprise).;Perte de confiance, pression médiatique, rumeurs.;Veille médias, porte-parole, éléments de langage, charte RS.;Communication factuelle/empathetic, lutte rumeurs, coordination autorités.;Moyenne;Élevée;Moyenne;logistique, accès, délais
606;Mouvement social;Grève nationale;Transports/énergie en grève;Image / réputation;Perception d’impréparation ou de manque de transparence;Perception d’impréparation ou de manque de transparence — Dans le contexte « Grève nationale » (Mouvement social). Transports/énergie en grève. Points sensibles : logistique, accès, délais.;Exemple : Grève nationale → perception d’impréparation ou de manque de transparence (ex. décisions immédiates, coordination, reprise).;Perte de confiance, pression médiatique, rumeurs.;Veille médias, porte-parole, éléments de langage, charte RS.;Communication factuelle/empathetic, lutte rumeurs, coordination autorités.;Moyenne;Élevée;Moyenne;logistique, accès, délais
607;Mouvement social;Grève nationale;Transports/énergie en grève;Géopolitique / institutionnel;Intervention de l’État / autorités (préfecture, inspection, régulateur);Intervention de l’État / autorités (préfecture, inspection, régulateur) — Dans le contexte « Grève nationale » (Mouvement social). Transports/énergie en grève. Points sensibles : logistique, accès, délais.;Exemple : Grève nationale → intervention de l’état / autorités (préfecture, inspection, régulateur) (ex. décisions immédiates, coordination, reprise).;Injonctions, contrôles, arbitrages publics, priorisation ressources.;Veille institutionnelle, carto parties prenantes, protocoles autorités.;Coordination préf/mairie/régulateurs, demandes de moyens publics.;Moyenne;Élevée;Moyenne;logistique, accès, délais
608;Mouvement social;Grève nationale;Transports/énergie en grève;Géopolitique / institutionnel;Priorisation nationale des ressources (énergie, santé, sécurité);Priorisation nationale des ressources (énergie, santé, sécurité) — Dans le contexte « Grève nationale » (Mouvement social). Transports/énergie en grève. Points sensibles : logistique, accès, délais.;Exemple : Grève nationale → priorisation nationale des ressources (énergie, santé, sécurité) (ex. décisions immédiates, coordination, reprise).;Injonctions, contrôles, arbitrages publics, priorisation ressources.;Veille institutionnelle, carto parties prenantes, protocoles autorités.;Coordination préf/mairie/régulateurs, demandes de moyens publics.;Moyenne;Élevée;Moyenne;logistique, accès, délais
609;Mouvement social;Grève nationale;Transports/énergie en grève;Informatique / numérique;Perte du SI local (supervision, communications, annuaire, outils métier);Perte du SI local (supervision, communications, annuaire, outils métier) — Dans le contexte « Grève nationale » (Mouvement social). Transports/énergie en grève. Points sensibles : logistique, accès, délais.;Exemple : Grève nationale → perte du si local (supervision, communications, annuaire, outils métier) (ex. décisions immédiates, coordination, reprise).;Perte outils, rupture communications, fuite info.;Segmentation, sauvegardes, redondance télécom, procédures hors-ligne.;Mode dégradé, restauration, canaux alternatifs, contrôle intégrité.;Moyenne;Élevée;Moyenne;logistique, accès, délais
610;Mouvement social;Grève nationale;Transports/énergie en grève;Informatique / numérique;Cyberattaque opportuniste pendant la crise (phishing, ransom, DDoS);Cyberattaque opportuniste pendant la crise (phishing, ransom, DDoS) — Dans le contexte « Grève nationale » (Mouvement social). Transports/énergie en grève. Points sensibles : logistique, accès, délais.;Exemple : Grève nationale → cyberattaque opportuniste pendant la crise (phishing, ransom, ddos) (ex. décisions immédiates, coordination, reprise).;Perte outils, rupture communications, fuite info.;Segmentation, sauvegardes, redondance télécom, procédures hors-ligne.;Mode dégradé, restauration, canaux alternatifs, contrôle intégrité.;Moyenne;Élevée;Moyenne;logistique, accès, délais
611;Mouvement social;Grève nationale;Transports/énergie en grève;Défaillance / résilience;Effet domino multi-réseaux (énergie + télécom + eau);Effet domino multi-réseaux (énergie + télécom + eau) — Dans le contexte « Grève nationale » (Mouvement social). Transports/énergie en grève. Points sensibles : logistique, accès, délais.;Exemple : Grève nationale → effet domino multi-réseaux (énergie + télécom + eau) (ex. décisions immédiates, coordination, reprise).;Domino multi-systèmes, crise prolongée, défaillance gouvernance.;Tests de résilience, exercices multi-crises, cartographie dépendances.;Limiter le domino, renforcer gouvernance, cellules spécialisées, REX.;Moyenne;Élevée;Moyenne;logistique, accès, délais
612;Mouvement social;Grève nationale;Transports/énergie en grève;Défaillance / résilience;Défaillance d’un acteur clé (prestataire, fournisseur, opérateur);Défaillance d’un acteur clé (prestataire, fournisseur, opérateur) — Dans le contexte « Grève nationale » (Mouvement social). Transports/énergie en grève. Points sensibles : logistique, accès, délais.;Exemple : Grève nationale → défaillance d’un acteur clé (prestataire, fournisseur, opérateur) (ex. décisions immédiates, coordination, reprise).;Domino multi-systèmes, crise prolongée, défaillance gouvernance.;Tests de résilience, exercices multi-crises, cartographie dépendances.;Limiter le domino, renforcer gouvernance, cellules spécialisées, REX.;Moyenne;Élevée;Moyenne;logistique, accès, délais
613;Mouvement social;Blocage;Blocage d’accès / piquets;Opérationnel;Arrêt immédiat des activités et sécurisation du périmètre;Arrêt immédiat des activités et sécurisation du périmètre — Dans le contexte « Blocage » (Mouvement social). Blocage d’accès / piquets. Points sensibles : sécurité, continuité.;Exemple : Blocage → arrêt immédiat des activités et sécurisation du périmètre (ex. décisions immédiates, coordination, reprise).;Arrêt/retards, mode dégradé, impacts usagers/clients.;PCA/PRA, procédures mode dégradé, exercices réguliers, annuaire crise.;Arrêt sécurisé, priorisation activités, cellule terrain, points de situation.;Moyenne;Élevée;Moyenne;sécurité, continuité
614;Mouvement social;Blocage;Blocage d’accès / piquets;Opérationnel;Désorganisation de la coordination multi-acteurs (secours, autorités, partenaires);Désorganisation de la coordination multi-acteurs (secours, autorités, partenaires) — Dans le contexte « Blocage » (Mouvement social). Blocage d’accès / piquets. Points sensibles : sécurité, continuité.;Exemple : Blocage → désorganisation de la coordination multi-acteurs (secours, autorités, partenaires) (ex. décisions immédiates, coordination, reprise).;Arrêt/retards, mode dégradé, impacts usagers/clients.;PCA/PRA, procédures mode dégradé, exercices réguliers, annuaire crise.;Arrêt sécurisé, priorisation activités, cellule terrain, points de situation.;Moyenne;Élevée;Moyenne;sécurité, continuité
615;Mouvement social;Blocage;Blocage d’accès / piquets;Industriel / technique;Destruction d’ouvrages ou d’équipements critiques;Destruction d’ouvrages ou d’équipements critiques — Dans le contexte « Blocage » (Mouvement social). Blocage d’accès / piquets. Points sensibles : sécurité, continuité.;Exemple : Blocage → destruction d’ouvrages ou d’équipements critiques (ex. décisions immédiates, coordination, reprise).;Dommages matériels, risques de sur-accident, indisponibilité d’équipements.;Maintenance préventive, inspections, redondances techniques, permis de travail.;Mise en sécurité, réparations, expertises, reprise sous conditions.;Moyenne;Élevée;Moyenne;sécurité, continuité
616;Mouvement social;Blocage;Blocage d’accès / piquets;Industriel / technique;Déclenchement de sécurités et arrêt automatique des systèmes;Déclenchement de sécurités et arrêt automatique des systèmes — Dans le contexte « Blocage » (Mouvement social). Blocage d’accès / piquets. Points sensibles : sécurité, continuité.;Exemple : Blocage → déclenchement de sécurités et arrêt automatique des systèmes (ex. décisions immédiates, coordination, reprise).;Dommages matériels, risques de sur-accident, indisponibilité d’équipements.;Maintenance préventive, inspections, redondances techniques, permis de travail.;Mise en sécurité, réparations, expertises, reprise sous conditions.;Moyenne;Élevée;Moyenne;sécurité, continuité
617;Mouvement social;Blocage;Blocage d’accès / piquets;Ressources humaines;Traumatisme des équipes et stress post-évènement (RPS);Traumatisme des équipes et stress post-évènement (RPS) — Dans le contexte « Blocage » (Mouvement social). Blocage d’accès / piquets. Points sensibles : sécurité, continuité.;Exemple : Blocage → traumatisme des équipes et stress post-évènement (rps) (ex. décisions immédiates, coordination, reprise).;Choc, fatigue, absentéisme, tensions sociales.;Prévention RPS, formation managers, rotations astreinte, culture Stop Work.;Soutien psychologique, communication interne, renforts, repos imposé.;Moyenne;Élevée;Moyenne;sécurité, continuité
618;Mouvement social;Blocage;Blocage d’accès / piquets;Ressources humaines;Exposition à des risques physiques (chaleur, fumées, toxiques);Exposition à des risques physiques (chaleur, fumées, toxiques) — Dans le contexte « Blocage » (Mouvement social). Blocage d’accès / piquets. Points sensibles : sécurité, continuité.;Exemple : Blocage → exposition à des risques physiques (chaleur, fumées, toxiques) (ex. décisions immédiates, coordination, reprise).;Choc, fatigue, absentéisme, tensions sociales.;Prévention RPS, formation managers, rotations astreinte, culture Stop Work.;Soutien psychologique, communication interne, renforts, repos imposé.;Moyenne;Élevée;Moyenne;sécurité, continuité
619;Mouvement social;Blocage;Blocage d’accès / piquets;Juridique / conformité;Mise en cause pénale (accident grave, mise en danger, pollution);Mise en cause pénale (accident grave, mise en danger, pollution) — Dans le contexte « Blocage » (Mouvement social). Blocage d’accès / piquets. Points sensibles : sécurité, continuité.;Exemple : Blocage → mise en cause pénale (accident grave, mise en danger, pollution) (ex. décisions immédiates, coordination, reprise).;Enquêtes, obligations, contentieux, sanctions.;Veille réglementaire, audits, plans de prévention, conservation des preuves.;Déclarations, interface autorités, stratégie contentieuse, documentation.;Moyenne;Critique;Élevée;sécurité, continuité
620;Mouvement social;Blocage;Blocage d’accès / piquets;Juridique / conformité;Contentieux contractuels (pénalités, retards, responsabilités);Contentieux contractuels (pénalités, retards, responsabilités) — Dans le contexte « Blocage » (Mouvement social). Blocage d’accès / piquets. Points sensibles : sécurité, continuité.;Exemple : Blocage → contentieux contractuels (pénalités, retards, responsabilités) (ex. décisions immédiates, coordination, reprise).;Enquêtes, obligations, contentieux, sanctions.;Veille réglementaire, audits, plans de prévention, conservation des preuves.;Déclarations, interface autorités, stratégie contentieuse, documentation.;Moyenne;Critique;Élevée;sécurité, continuité
621;Mouvement social;Blocage;Blocage d’accès / piquets;Financier;Coûts de réparation et de remise en état (ouvrages, équipements);Coûts de réparation et de remise en état (ouvrages, équipements) — Dans le contexte « Blocage » (Mouvement social). Blocage d’accès / piquets. Points sensibles : sécurité, continuité.;Exemple : Blocage → coûts de réparation et de remise en état (ouvrages, équipements) (ex. décisions immédiates, coordination, reprise).;Pertes d’exploitation, coûts de remise en état, hausse primes/franchises.;Assurances adaptées, budgets d’urgence, suivi trésorerie, clauses contractuelles.;Activation fonds d’urgence, suivi coûts, déclaration assureur, mitigation pénalités.;Moyenne;Élevée;Moyenne;sécurité, continuité
622;Mouvement social;Blocage;Blocage d’accès / piquets;Financier;Hausse des primes, franchises et difficultés d’assurabilité;Hausse des primes, franchises et difficultés d’assurabilité — Dans le contexte « Blocage » (Mouvement social). Blocage d’accès / piquets. Points sensibles : sécurité, continuité.;Exemple : Blocage → hausse des primes, franchises et difficultés d’assurabilité (ex. décisions immédiates, coordination, reprise).;Pertes d’exploitation, coûts de remise en état, hausse primes/franchises.;Assurances adaptées, budgets d’urgence, suivi trésorerie, clauses contractuelles.;Activation fonds d’urgence, suivi coûts, déclaration assureur, mitigation pénalités.;Moyenne;Élevée;Moyenne;sécurité, continuité
623;Mouvement social;Blocage;Blocage d’accès / piquets;Image / réputation;Médiatisation nationale / locale et perte de confiance;Médiatisation nationale / locale et perte de confiance — Dans le contexte « Blocage » (Mouvement social). Blocage d’accès / piquets. Points sensibles : sécurité, continuité.;Exemple : Blocage → médiatisation nationale / locale et perte de confiance (ex. décisions immédiates, coordination, reprise).;Perte de confiance, pression médiatique, rumeurs.;Veille médias, porte-parole, éléments de langage, charte RS.;Communication factuelle/empathetic, lutte rumeurs, coordination autorités.;Moyenne;Élevée;Moyenne;sécurité, continuité
624;Mouvement social;Blocage;Blocage d’accès / piquets;Image / réputation;Perception d’impréparation ou de manque de transparence;Perception d’impréparation ou de manque de transparence — Dans le contexte « Blocage » (Mouvement social). Blocage d’accès / piquets. Points sensibles : sécurité, continuité.;Exemple : Blocage → perception d’impréparation ou de manque de transparence (ex. décisions immédiates, coordination, reprise).;Perte de confiance, pression médiatique, rumeurs.;Veille médias, porte-parole, éléments de langage, charte RS.;Communication factuelle/empathetic, lutte rumeurs, coordination autorités.;Moyenne;Élevée;Moyenne;sécurité, continuité
625;Mouvement social;Blocage;Blocage d’accès / piquets;Géopolitique / institutionnel;Intervention de l’État / autorités (préfecture, inspection, régulateur);Intervention de l’État / autorités (préfecture, inspection, régulateur) — Dans le contexte « Blocage » (Mouvement social). Blocage d’accès / piquets. Points sensibles : sécurité, continuité.;Exemple : Blocage → intervention de l’état / autorités (préfecture, inspection, régulateur) (ex. décisions immédiates, coordination, reprise).;Injonctions, contrôles, arbitrages publics, priorisation ressources.;Veille institutionnelle, carto parties prenantes, protocoles autorités.;Coordination préf/mairie/régulateurs, demandes de moyens publics.;Moyenne;Élevée;Moyenne;sécurité, continuité
626;Mouvement social;Blocage;Blocage d’accès / piquets;Géopolitique / institutionnel;Priorisation nationale des ressources (énergie, santé, sécurité);Priorisation nationale des ressources (énergie, santé, sécurité) — Dans le contexte « Blocage » (Mouvement social). Blocage d’accès / piquets. Points sensibles : sécurité, continuité.;Exemple : Blocage → priorisation nationale des ressources (énergie, santé, sécurité) (ex. décisions immédiates, coordination, reprise).;Injonctions, contrôles, arbitrages publics, priorisation ressources.;Veille institutionnelle, carto parties prenantes, protocoles autorités.;Coordination préf/mairie/régulateurs, demandes de moyens publics.;Moyenne;Élevée;Moyenne;sécurité, continuité
627;Mouvement social;Blocage;Blocage d’accès / piquets;Informatique / numérique;Perte du SI local (supervision, communications, annuaire, outils métier);Perte du SI local (supervision, communications, annuaire, outils métier) — Dans le contexte « Blocage » (Mouvement social). Blocage d’accès / piquets. Points sensibles : sécurité, continuité.;Exemple : Blocage → perte du si local (supervision, communications, annuaire, outils métier) (ex. décisions immédiates, coordination, reprise).;Perte outils, rupture communications, fuite info.;Segmentation, sauvegardes, redondance télécom, procédures hors-ligne.;Mode dégradé, restauration, canaux alternatifs, contrôle intégrité.;Moyenne;Élevée;Moyenne;sécurité, continuité
628;Mouvement social;Blocage;Blocage d’accès / piquets;Informatique / numérique;Cyberattaque opportuniste pendant la crise (phishing, ransom, DDoS);Cyberattaque opportuniste pendant la crise (phishing, ransom, DDoS) — Dans le contexte « Blocage » (Mouvement social). Blocage d’accès / piquets. Points sensibles : sécurité, continuité.;Exemple : Blocage → cyberattaque opportuniste pendant la crise (phishing, ransom, ddos) (ex. décisions immédiates, coordination, reprise).;Perte outils, rupture communications, fuite info.;Segmentation, sauvegardes, redondance télécom, procédures hors-ligne.;Mode dégradé, restauration, canaux alternatifs, contrôle intégrité.;Moyenne;Élevée;Moyenne;sécurité, continuité
629;Mouvement social;Blocage;Blocage d’accès / piquets;Défaillance / résilience;Effet domino multi-réseaux (énergie + télécom + eau);Effet domino multi-réseaux (énergie + télécom + eau) — Dans le contexte « Blocage » (Mouvement social). Blocage d’accès / piquets. Points sensibles : sécurité, continuité.;Exemple : Blocage → effet domino multi-réseaux (énergie + télécom + eau) (ex. décisions immédiates, coordination, reprise).;Domino multi-systèmes, crise prolongée, défaillance gouvernance.;Tests de résilience, exercices multi-crises, cartographie dépendances.;Limiter le domino, renforcer gouvernance, cellules spécialisées, REX.;Moyenne;Élevée;Moyenne;sécurité, continuité
630;Mouvement social;Blocage;Blocage d’accès / piquets;Défaillance / résilience;Défaillance d’un acteur clé (prestataire, fournisseur, opérateur);Défaillance d’un acteur clé (prestataire, fournisseur, opérateur) — Dans le contexte « Blocage » (Mouvement social). Blocage d’accès / piquets. Points sensibles : sécurité, continuité.;Exemple : Blocage → défaillance d’un acteur clé (prestataire, fournisseur, opérateur) (ex. décisions immédiates, coordination, reprise).;Domino multi-systèmes, crise prolongée, défaillance gouvernance.;Tests de résilience, exercices multi-crises, cartographie dépendances.;Limiter le domino, renforcer gouvernance, cellules spécialisées, REX.;Moyenne;Élevée;Moyenne;sécurité, continuité
631;Mouvement social;Manifestation;Manifestation à proximité du site;Opérationnel;Arrêt immédiat des activités et sécurisation du périmètre;Arrêt immédiat des activités et sécurisation du périmètre — Dans le contexte « Manifestation » (Mouvement social). Manifestation à proximité du site. Points sensibles : risques sûreté, image.;Exemple : Manifestation → arrêt immédiat des activités et sécurisation du périmètre (ex. décisions immédiates, coordination, reprise).;Arrêt/retards, mode dégradé, impacts usagers/clients.;PCA/PRA, procédures mode dégradé, exercices réguliers, annuaire crise.;Arrêt sécurisé, priorisation activités, cellule terrain, points de situation.;Moyenne;Élevée;Moyenne;risques sûreté, image
632;Mouvement social;Manifestation;Manifestation à proximité du site;Opérationnel;Désorganisation de la coordination multi-acteurs (secours, autorités, partenaires);Désorganisation de la coordination multi-acteurs (secours, autorités, partenaires) — Dans le contexte « Manifestation » (Mouvement social). Manifestation à proximité du site. Points sensibles : risques sûreté, image.;Exemple : Manifestation → désorganisation de la coordination multi-acteurs (secours, autorités, partenaires) (ex. décisions immédiates, coordination, reprise).;Arrêt/retards, mode dégradé, impacts usagers/clients.;PCA/PRA, procédures mode dégradé, exercices réguliers, annuaire crise.;Arrêt sécurisé, priorisation activités, cellule terrain, points de situation.;Moyenne;Élevée;Moyenne;risques sûreté, image
633;Mouvement social;Manifestation;Manifestation à proximité du site;Industriel / technique;Destruction d’ouvrages ou d’équipements critiques;Destruction d’ouvrages ou d’équipements critiques — Dans le contexte « Manifestation » (Mouvement social). Manifestation à proximité du site. Points sensibles : risques sûreté, image.;Exemple : Manifestation → destruction d’ouvrages ou d’équipements critiques (ex. décisions immédiates, coordination, reprise).;Dommages matériels, risques de sur-accident, indisponibilité d’équipements.;Maintenance préventive, inspections, redondances techniques, permis de travail.;Mise en sécurité, réparations, expertises, reprise sous conditions.;Moyenne;Élevée;Moyenne;risques sûreté, image
634;Mouvement social;Manifestation;Manifestation à proximité du site;Industriel / technique;Déclenchement de sécurités et arrêt automatique des systèmes;Déclenchement de sécurités et arrêt automatique des systèmes — Dans le contexte « Manifestation » (Mouvement social). Manifestation à proximité du site. Points sensibles : risques sûreté, image.;Exemple : Manifestation → déclenchement de sécurités et arrêt automatique des systèmes (ex. décisions immédiates, coordination, reprise).;Dommages matériels, risques de sur-accident, indisponibilité d’équipements.;Maintenance préventive, inspections, redondances techniques, permis de travail.;Mise en sécurité, réparations, expertises, reprise sous conditions.;Moyenne;Élevée;Moyenne;risques sûreté, image
635;Mouvement social;Manifestation;Manifestation à proximité du site;Ressources humaines;Traumatisme des équipes et stress post-évènement (RPS);Traumatisme des équipes et stress post-évènement (RPS) — Dans le contexte « Manifestation » (Mouvement social). Manifestation à proximité du site. Points sensibles : risques sûreté, image.;Exemple : Manifestation → traumatisme des équipes et stress post-évènement (rps) (ex. décisions immédiates, coordination, reprise).;Choc, fatigue, absentéisme, tensions sociales.;Prévention RPS, formation managers, rotations astreinte, culture Stop Work.;Soutien psychologique, communication interne, renforts, repos imposé.;Moyenne;Élevée;Moyenne;risques sûreté, image
636;Mouvement social;Manifestation;Manifestation à proximité du site;Ressources humaines;Exposition à des risques physiques (chaleur, fumées, toxiques);Exposition à des risques physiques (chaleur, fumées, toxiques) — Dans le contexte « Manifestation » (Mouvement social). Manifestation à proximité du site. Points sensibles : risques sûreté, image.;Exemple : Manifestation → exposition à des risques physiques (chaleur, fumées, toxiques) (ex. décisions immédiates, coordination, reprise).;Choc, fatigue, absentéisme, tensions sociales.;Prévention RPS, formation managers, rotations astreinte, culture Stop Work.;Soutien psychologique, communication interne, renforts, repos imposé.;Moyenne;Élevée;Moyenne;risques sûreté, image
637;Mouvement social;Manifestation;Manifestation à proximité du site;Juridique / conformité;Mise en cause pénale (accident grave, mise en danger, pollution);Mise en cause pénale (accident grave, mise en danger, pollution) — Dans le contexte « Manifestation » (Mouvement social). Manifestation à proximité du site. Points sensibles : risques sûreté, image.;Exemple : Manifestation → mise en cause pénale (accident grave, mise en danger, pollution) (ex. décisions immédiates, coordination, reprise).;Enquêtes, obligations, contentieux, sanctions.;Veille réglementaire, audits, plans de prévention, conservation des preuves.;Déclarations, interface autorités, stratégie contentieuse, documentation.;Moyenne;Critique;Élevée;risques sûreté, image
638;Mouvement social;Manifestation;Manifestation à proximité du site;Juridique / conformité;Contentieux contractuels (pénalités, retards, responsabilités);Contentieux contractuels (pénalités, retards, responsabilités) — Dans le contexte « Manifestation » (Mouvement social). Manifestation à proximité du site. Points sensibles : risques sûreté, image.;Exemple : Manifestation → contentieux contractuels (pénalités, retards, responsabilités) (ex. décisions immédiates, coordination, reprise).;Enquêtes, obligations, contentieux, sanctions.;Veille réglementaire, audits, plans de prévention, conservation des preuves.;Déclarations, interface autorités, stratégie contentieuse, documentation.;Moyenne;Critique;Élevée;risques sûreté, image
639;Mouvement social;Manifestation;Manifestation à proximité du site;Financier;Coûts de réparation et de remise en état (ouvrages, équipements);Coûts de réparation et de remise en état (ouvrages, équipements) — Dans le contexte « Manifestation » (Mouvement social). Manifestation à proximité du site. Points sensibles : risques sûreté, image.;Exemple : Manifestation → coûts de réparation et de remise en état (ouvrages, équipements) (ex. décisions immédiates, coordination, reprise).;Pertes d’exploitation, coûts de remise en état, hausse primes/franchises.;Assurances adaptées, budgets d’urgence, suivi trésorerie, clauses contractuelles.;Activation fonds d’urgence, suivi coûts, déclaration assureur, mitigation pénalités.;Moyenne;Élevée;Moyenne;risques sûreté, image
640;Mouvement social;Manifestation;Manifestation à proximité du site;Financier;Hausse des primes, franchises et difficultés d’assurabilité;Hausse des primes, franchises et difficultés d’assurabilité — Dans le contexte « Manifestation » (Mouvement social). Manifestation à proximité du site. Points sensibles : risques sûreté, image.;Exemple : Manifestation → hausse des primes, franchises et difficultés d’assurabilité (ex. décisions immédiates, coordination, reprise).;Pertes d’exploitation, coûts de remise en état, hausse primes/franchises.;Assurances adaptées, budgets d’urgence, suivi trésorerie, clauses contractuelles.;Activation fonds d’urgence, suivi coûts, déclaration assureur, mitigation pénalités.;Moyenne;Élevée;Moyenne;risques sûreté, image
641;Mouvement social;Manifestation;Manifestation à proximité du site;Image / réputation;Médiatisation nationale / locale et perte de confiance;Médiatisation nationale / locale et perte de confiance — Dans le contexte « Manifestation » (Mouvement social). Manifestation à proximité du site. Points sensibles : risques sûreté, image.;Exemple : Manifestation → médiatisation nationale / locale et perte de confiance (ex. décisions immédiates, coordination, reprise).;Perte de confiance, pression médiatique, rumeurs.;Veille médias, porte-parole, éléments de langage, charte RS.;Communication factuelle/empathetic, lutte rumeurs, coordination autorités.;Moyenne;Élevée;Moyenne;risques sûreté, image
642;Mouvement social;Manifestation;Manifestation à proximité du site;Image / réputation;Perception d’impréparation ou de manque de transparence;Perception d’impréparation ou de manque de transparence — Dans le contexte « Manifestation » (Mouvement social). Manifestation à proximité du site. Points sensibles : risques sûreté, image.;Exemple : Manifestation → perception d’impréparation ou de manque de transparence (ex. décisions immédiates, coordination, reprise).;Perte de confiance, pression médiatique, rumeurs.;Veille médias, porte-parole, éléments de langage, charte RS.;Communication factuelle/empathetic, lutte rumeurs, coordination autorités.;Moyenne;Élevée;Moyenne;risques sûreté, image
643;Mouvement social;Manifestation;Manifestation à proximité du site;Géopolitique / institutionnel;Intervention de l’État / autorités (préfecture, inspection, régulateur);Intervention de l’État / autorités (préfecture, inspection, régulateur) — Dans le contexte « Manifestation » (Mouvement social). Manifestation à proximité du site. Points sensibles : risques sûreté, image.;Exemple : Manifestation → intervention de l’état / autorités (préfecture, inspection, régulateur) (ex. décisions immédiates, coordination, reprise).;Injonctions, contrôles, arbitrages publics, priorisation ressources.;Veille institutionnelle, carto parties prenantes, protocoles autorités.;Coordination préf/mairie/régulateurs, demandes de moyens publics.;Moyenne;Élevée;Moyenne;risques sûreté, image
644;Mouvement social;Manifestation;Manifestation à proximité du site;Géopolitique / institutionnel;Priorisation nationale des ressources (énergie, santé, sécurité);Priorisation nationale des ressources (énergie, santé, sécurité) — Dans le contexte « Manifestation » (Mouvement social). Manifestation à proximité du site. Points sensibles : risques sûreté, image.;Exemple : Manifestation → priorisation nationale des ressources (énergie, santé, sécurité) (ex. décisions immédiates, coordination, reprise).;Injonctions, contrôles, arbitrages publics, priorisation ressources.;Veille institutionnelle, carto parties prenantes, protocoles autorités.;Coordination préf/mairie/régulateurs, demandes de moyens publics.;Moyenne;Élevée;Moyenne;risques sûreté, image
645;Mouvement social;Manifestation;Manifestation à proximité du site;Informatique / numérique;Perte du SI local (supervision, communications, annuaire, outils métier);Perte du SI local (supervision, communications, annuaire, outils métier) — Dans le contexte « Manifestation » (Mouvement social). Manifestation à proximité du site. Points sensibles : risques sûreté, image.;Exemple : Manifestation → perte du si local (supervision, communications, annuaire, outils métier) (ex. décisions immédiates, coordination, reprise).;Perte outils, rupture communications, fuite info.;Segmentation, sauvegardes, redondance télécom, procédures hors-ligne.;Mode dégradé, restauration, canaux alternatifs, contrôle intégrité.;Moyenne;Élevée;Moyenne;risques sûreté, image
646;Mouvement social;Manifestation;Manifestation à proximité du site;Informatique / numérique;Cyberattaque opportuniste pendant la crise (phishing, ransom, DDoS);Cyberattaque opportuniste pendant la crise (phishing, ransom, DDoS) — Dans le contexte « Manifestation » (Mouvement social). Manifestation à proximité du site. Points sensibles : risques sûreté, image.;Exemple : Manifestation → cyberattaque opportuniste pendant la crise (phishing, ransom, ddos) (ex. décisions immédiates, coordination, reprise).;Perte outils, rupture communications, fuite info.;Segmentation, sauvegardes, redondance télécom, procédures hors-ligne.;Mode dégradé, restauration, canaux alternatifs, contrôle intégrité.;Moyenne;Élevée;Moyenne;risques sûreté, image
647;Mouvement social;Manifestation;Manifestation à proximité du site;Défaillance / résilience;Effet domino multi-réseaux (énergie + télécom + eau);Effet domino multi-réseaux (énergie + télécom + eau) — Dans le contexte « Manifestation » (Mouvement social). Manifestation à proximité du site. Points sensibles : risques sûreté, image.;Exemple : Manifestation → effet domino multi-réseaux (énergie + télécom + eau) (ex. décisions immédiates, coordination, reprise).;Domino multi-systèmes, crise prolongée, défaillance gouvernance.;Tests de résilience, exercices multi-crises, cartographie dépendances.;Limiter le domino, renforcer gouvernance, cellules spécialisées, REX.;Moyenne;Élevée;Moyenne;risques sûreté, image
648;Mouvement social;Manifestation;Manifestation à proximité du site;Défaillance / résilience;Défaillance d’un acteur clé (prestataire, fournisseur, opérateur);Défaillance d’un acteur clé (prestataire, fournisseur, opérateur) — Dans le contexte « Manifestation » (Mouvement social). Manifestation à proximité du site. Points sensibles : risques sûreté, image.;Exemple : Manifestation → défaillance d’un acteur clé (prestataire, fournisseur, opérateur) (ex. décisions immédiates, coordination, reprise).;Domino multi-systèmes, crise prolongée, défaillance gouvernance.;Tests de résilience, exercices multi-crises, cartographie dépendances.;Limiter le domino, renforcer gouvernance, cellules spécialisées, REX.;Moyenne;Élevée;Moyenne;risques sûreté, image
649;Mouvement social;Droit de retrait;Retrait suite à risque perçu;Opérationnel;Arrêt immédiat des activités et sécurisation du périmètre;Arrêt immédiat des activités et sécurisation du périmètre — Dans le contexte « Droit de retrait » (Mouvement social). Retrait suite à risque perçu. Points sensibles : arrêt opérations, dialogue.;Exemple : Droit de retrait → arrêt immédiat des activités et sécurisation du périmètre (ex. décisions immédiates, coordination, reprise).;Arrêt/retards, mode dégradé, impacts usagers/clients.;PCA/PRA, procédures mode dégradé, exercices réguliers, annuaire crise.;Arrêt sécurisé, priorisation activités, cellule terrain, points de situation.;Moyenne;Élevée;Moyenne;arrêt opérations, dialogue
650;Mouvement social;Droit de retrait;Retrait suite à risque perçu;Opérationnel;Désorganisation de la coordination multi-acteurs (secours, autorités, partenaires);Désorganisation de la coordination multi-acteurs (secours, autorités, partenaires) — Dans le contexte « Droit de retrait » (Mouvement social). Retrait suite à risque perçu. Points sensibles : arrêt opérations, dialogue.;Exemple : Droit de retrait → désorganisation de la coordination multi-acteurs (secours, autorités, partenaires) (ex. décisions immédiates, coordination, reprise).;Arrêt/retards, mode dégradé, impacts usagers/clients.;PCA/PRA, procédures mode dégradé, exercices réguliers, annuaire crise.;Arrêt sécurisé, priorisation activités, cellule terrain, points de situation.;Moyenne;Élevée;Moyenne;arrêt opérations, dialogue
651;Mouvement social;Droit de retrait;Retrait suite à risque perçu;Industriel / technique;Destruction d’ouvrages ou d’équipements critiques;Destruction d’ouvrages ou d’équipements critiques — Dans le contexte « Droit de retrait » (Mouvement social). Retrait suite à risque perçu. Points sensibles : arrêt opérations, dialogue.;Exemple : Droit de retrait → destruction d’ouvrages ou d’équipements critiques (ex. décisions immédiates, coordination, reprise).;Dommages matériels, risques de sur-accident, indisponibilité d’équipements.;Maintenance préventive, inspections, redondances techniques, permis de travail.;Mise en sécurité, réparations, expertises, reprise sous conditions.;Moyenne;Élevée;Moyenne;arrêt opérations, dialogue
652;Mouvement social;Droit de retrait;Retrait suite à risque perçu;Industriel / technique;Déclenchement de sécurités et arrêt automatique des systèmes;Déclenchement de sécurités et arrêt automatique des systèmes — Dans le contexte « Droit de retrait » (Mouvement social). Retrait suite à risque perçu. Points sensibles : arrêt opérations, dialogue.;Exemple : Droit de retrait → déclenchement de sécurités et arrêt automatique des systèmes (ex. décisions immédiates, coordination, reprise).;Dommages matériels, risques de sur-accident, indisponibilité d’équipements.;Maintenance préventive, inspections, redondances techniques, permis de travail.;Mise en sécurité, réparations, expertises, reprise sous conditions.;Moyenne;Élevée;Moyenne;arrêt opérations, dialogue
653;Mouvement social;Droit de retrait;Retrait suite à risque perçu;Ressources humaines;Traumatisme des équipes et stress post-évènement (RPS);Traumatisme des équipes et stress post-évènement (RPS) — Dans le contexte « Droit de retrait » (Mouvement social). Retrait suite à risque perçu. Points sensibles : arrêt opérations, dialogue.;Exemple : Droit de retrait → traumatisme des équipes et stress post-évènement (rps) (ex. décisions immédiates, coordination, reprise).;Choc, fatigue, absentéisme, tensions sociales.;Prévention RPS, formation managers, rotations astreinte, culture Stop Work.;Soutien psychologique, communication interne, renforts, repos imposé.;Moyenne;Élevée;Moyenne;arrêt opérations, dialogue
654;Mouvement social;Droit de retrait;Retrait suite à risque perçu;Ressources humaines;Exposition à des risques physiques (chaleur, fumées, toxiques);Exposition à des risques physiques (chaleur, fumées, toxiques) — Dans le contexte « Droit de retrait » (Mouvement social). Retrait suite à risque perçu. Points sensibles : arrêt opérations, dialogue.;Exemple : Droit de retrait → exposition à des risques physiques (chaleur, fumées, toxiques) (ex. décisions immédiates, coordination, reprise).;Choc, fatigue, absentéisme, tensions sociales.;Prévention RPS, formation managers, rotations astreinte, culture Stop Work.;Soutien psychologique, communication interne, renforts, repos imposé.;Moyenne;Élevée;Moyenne;arrêt opérations, dialogue
655;Mouvement social;Droit de retrait;Retrait suite à risque perçu;Juridique / conformité;Mise en cause pénale (accident grave, mise en danger, pollution);Mise en cause pénale (accident grave, mise en danger, pollution) — Dans le contexte « Droit de retrait » (Mouvement social). Retrait suite à risque perçu. Points sensibles : arrêt opérations, dialogue.;Exemple : Droit de retrait → mise en cause pénale (accident grave, mise en danger, pollution) (ex. décisions immédiates, coordination, reprise).;Enquêtes, obligations, contentieux, sanctions.;Veille réglementaire, audits, plans de prévention, conservation des preuves.;Déclarations, interface autorités, stratégie contentieuse, documentation.;Moyenne;Critique;Élevée;arrêt opérations, dialogue
656;Mouvement social;Droit de retrait;Retrait suite à risque perçu;Juridique / conformité;Contentieux contractuels (pénalités, retards, responsabilités);Contentieux contractuels (pénalités, retards, responsabilités) — Dans le contexte « Droit de retrait » (Mouvement social). Retrait suite à risque perçu. Points sensibles : arrêt opérations, dialogue.;Exemple : Droit de retrait → contentieux contractuels (pénalités, retards, responsabilités) (ex. décisions immédiates, coordination, reprise).;Enquêtes, obligations, contentieux, sanctions.;Veille réglementaire, audits, plans de prévention, conservation des preuves.;Déclarations, interface autorités, stratégie contentieuse, documentation.;Moyenne;Critique;Élevée;arrêt opérations, dialogue
657;Mouvement social;Droit de retrait;Retrait suite à risque perçu;Financier;Coûts de réparation et de remise en état (ouvrages, équipements);Coûts de réparation et de remise en état (ouvrages, équipements) — Dans le contexte « Droit de retrait » (Mouvement social). Retrait suite à risque perçu. Points sensibles : arrêt opérations, dialogue.;Exemple : Droit de retrait → coûts de réparation et de remise en état (ouvrages, équipements) (ex. décisions immédiates, coordination, reprise).;Pertes d’exploitation, coûts de remise en état, hausse primes/franchises.;Assurances adaptées, budgets d’urgence, suivi trésorerie, clauses contractuelles.;Activation fonds d’urgence, suivi coûts, déclaration assureur, mitigation pénalités.;Moyenne;Élevée;Moyenne;arrêt opérations, dialogue
658;Mouvement social;Droit de retrait;Retrait suite à risque perçu;Financier;Hausse des primes, franchises et difficultés d’assurabilité;Hausse des primes, franchises et difficultés d’assurabilité — Dans le contexte « Droit de retrait » (Mouvement social). Retrait suite à risque perçu. Points sensibles : arrêt opérations, dialogue.;Exemple : Droit de retrait → hausse des primes, franchises et difficultés d’assurabilité (ex. décisions immédiates, coordination, reprise).;Pertes d’exploitation, coûts de remise en état, hausse primes/franchises.;Assurances adaptées, budgets d’urgence, suivi trésorerie, clauses contractuelles.;Activation fonds d’urgence, suivi coûts, déclaration assureur, mitigation pénalités.;Moyenne;Élevée;Moyenne;arrêt opérations, dialogue
659;Mouvement social;Droit de retrait;Retrait suite à risque perçu;Image / réputation;Médiatisation nationale / locale et perte de confiance;Médiatisation nationale / locale et perte de confiance — Dans le contexte « Droit de retrait » (Mouvement social). Retrait suite à risque perçu. Points sensibles : arrêt opérations, dialogue.;Exemple : Droit de retrait → médiatisation nationale / locale et perte de confiance (ex. décisions immédiates, coordination, reprise).;Perte de confiance, pression médiatique, rumeurs.;Veille médias, porte-parole, éléments de langage, charte RS.;Communication factuelle/empathetic, lutte rumeurs, coordination autorités.;Moyenne;Élevée;Moyenne;arrêt opérations, dialogue
660;Mouvement social;Droit de retrait;Retrait suite à risque perçu;Image / réputation;Perception d’impréparation ou de manque de transparence;Perception d’impréparation ou de manque de transparence — Dans le contexte « Droit de retrait » (Mouvement social). Retrait suite à risque perçu. Points sensibles : arrêt opérations, dialogue.;Exemple : Droit de retrait → perception d’impréparation ou de manque de transparence (ex. décisions immédiates, coordination, reprise).;Perte de confiance, pression médiatique, rumeurs.;Veille médias, porte-parole, éléments de langage, charte RS.;Communication factuelle/empathetic, lutte rumeurs, coordination autorités.;Moyenne;Élevée;Moyenne;arrêt opérations, dialogue
661;Mouvement social;Droit de retrait;Retrait suite à risque perçu;Géopolitique / institutionnel;Intervention de l’État / autorités (préfecture, inspection, régulateur);Intervention de l’État / autorités (préfecture, inspection, régulateur) — Dans le contexte « Droit de retrait » (Mouvement social). Retrait suite à risque perçu. Points sensibles : arrêt opérations, dialogue.;Exemple : Droit de retrait → intervention de l’état / autorités (préfecture, inspection, régulateur) (ex. décisions immédiates, coordination, reprise).;Injonctions, contrôles, arbitrages publics, priorisation ressources.;Veille institutionnelle, carto parties prenantes, protocoles autorités.;Coordination préf/mairie/régulateurs, demandes de moyens publics.;Moyenne;Élevée;Moyenne;arrêt opérations, dialogue
662;Mouvement social;Droit de retrait;Retrait suite à risque perçu;Géopolitique / institutionnel;Priorisation nationale des ressources (énergie, santé, sécurité);Priorisation nationale des ressources (énergie, santé, sécurité) — Dans le contexte « Droit de retrait » (Mouvement social). Retrait suite à risque perçu. Points sensibles : arrêt opérations, dialogue.;Exemple : Droit de retrait → priorisation nationale des ressources (énergie, santé, sécurité) (ex. décisions immédiates, coordination, reprise).;Injonctions, contrôles, arbitrages publics, priorisation ressources.;Veille institutionnelle, carto parties prenantes, protocoles autorités.;Coordination préf/mairie/régulateurs, demandes de moyens publics.;Moyenne;Élevée;Moyenne;arrêt opérations, dialogue
663;Mouvement social;Droit de retrait;Retrait suite à risque perçu;Informatique / numérique;Perte du SI local (supervision, communications, annuaire, outils métier);Perte du SI local (supervision, communications, annuaire, outils métier) — Dans le contexte « Droit de retrait » (Mouvement social). Retrait suite à risque perçu. Points sensibles : arrêt opérations, dialogue.;Exemple : Droit de retrait → perte du si local (supervision, communications, annuaire, outils métier) (ex. décisions immédiates, coordination, reprise).;Perte outils, rupture communications, fuite info.;Segmentation, sauvegardes, redondance télécom, procédures hors-ligne.;Mode dégradé, restauration, canaux alternatifs, contrôle intégrité.;Moyenne;Élevée;Moyenne;arrêt opérations, dialogue
664;Mouvement social;Droit de retrait;Retrait suite à risque perçu;Informatique / numérique;Cyberattaque opportuniste pendant la crise (phishing, ransom, DDoS);Cyberattaque opportuniste pendant la crise (phishing, ransom, DDoS) — Dans le contexte « Droit de retrait » (Mouvement social). Retrait suite à risque perçu. Points sensibles : arrêt opérations, dialogue.;Exemple : Droit de retrait → cyberattaque opportuniste pendant la crise (phishing, ransom, ddos) (ex. décisions immédiates, coordination, reprise).;Perte outils, rupture communications, fuite info.;Segmentation, sauvegardes, redondance télécom, procédures hors-ligne.;Mode dégradé, restauration, canaux alternatifs, contrôle intégrité.;Moyenne;Élevée;Moyenne;arrêt opérations, dialogue
665;Mouvement social;Droit de retrait;Retrait suite à risque perçu;Défaillance / résilience;Effet domino multi-réseaux (énergie + télécom + eau);Effet domino multi-réseaux (énergie + télécom + eau) — Dans le contexte « Droit de retrait » (Mouvement social). Retrait suite à risque perçu. Points sensibles : arrêt opérations, dialogue.;Exemple : Droit de retrait → effet domino multi-réseaux (énergie + télécom + eau) (ex. décisions immédiates, coordination, reprise).;Domino multi-systèmes, crise prolongée, défaillance gouvernance.;Tests de résilience, exercices multi-crises, cartographie dépendances.;Limiter le domino, renforcer gouvernance, cellules spécialisées, REX.;Moyenne;Élevée;Moyenne;arrêt opérations, dialogue
666;Mouvement social;Droit de retrait;Retrait suite à risque perçu;Défaillance / résilience;Défaillance d’un acteur clé (prestataire, fournisseur, opérateur);Défaillance d’un acteur clé (prestataire, fournisseur, opérateur) — Dans le contexte « Droit de retrait » (Mouvement social). Retrait suite à risque perçu. Points sensibles : arrêt opérations, dialogue.;Exemple : Droit de retrait → défaillance d’un acteur clé (prestataire, fournisseur, opérateur) (ex. décisions immédiates, coordination, reprise).;Domino multi-systèmes, crise prolongée, défaillance gouvernance.;Tests de résilience, exercices multi-crises, cartographie dépendances.;Limiter le domino, renforcer gouvernance, cellules spécialisées, REX.;Moyenne;Élevée;Moyenne;arrêt opérations, dialogue
667;Mouvement social;Émeute;Troubles urbains;Opérationnel;Arrêt immédiat des activités et sécurisation du périmètre;Arrêt immédiat des activités et sécurisation du périmètre — Dans le contexte « Émeute » (Mouvement social). Troubles urbains. Points sensibles : dégradations, évacuation.;Exemple : Émeute → arrêt immédiat des activités et sécurisation du périmètre (ex. décisions immédiates, coordination, reprise).;Arrêt/retards, mode dégradé, impacts usagers/clients.;PCA/PRA, procédures mode dégradé, exercices réguliers, annuaire crise.;Arrêt sécurisé, priorisation activités, cellule terrain, points de situation.;Moyenne;Élevée;Moyenne;dégradations, évacuation
668;Mouvement social;Émeute;Troubles urbains;Opérationnel;Désorganisation de la coordination multi-acteurs (secours, autorités, partenaires);Désorganisation de la coordination multi-acteurs (secours, autorités, partenaires) — Dans le contexte « Émeute » (Mouvement social). Troubles urbains. Points sensibles : dégradations, évacuation.;Exemple : Émeute → désorganisation de la coordination multi-acteurs (secours, autorités, partenaires) (ex. décisions immédiates, coordination, reprise).;Arrêt/retards, mode dégradé, impacts usagers/clients.;PCA/PRA, procédures mode dégradé, exercices réguliers, annuaire crise.;Arrêt sécurisé, priorisation activités, cellule terrain, points de situation.;Moyenne;Élevée;Moyenne;dégradations, évacuation
669;Mouvement social;Émeute;Troubles urbains;Industriel / technique;Destruction d’ouvrages ou d’équipements critiques;Destruction d’ouvrages ou d’équipements critiques — Dans le contexte « Émeute » (Mouvement social). Troubles urbains. Points sensibles : dégradations, évacuation.;Exemple : Émeute → destruction d’ouvrages ou d’équipements critiques (ex. décisions immédiates, coordination, reprise).;Dommages matériels, risques de sur-accident, indisponibilité d’équipements.;Maintenance préventive, inspections, redondances techniques, permis de travail.;Mise en sécurité, réparations, expertises, reprise sous conditions.;Moyenne;Élevée;Moyenne;dégradations, évacuation
670;Mouvement social;Émeute;Troubles urbains;Industriel / technique;Déclenchement de sécurités et arrêt automatique des systèmes;Déclenchement de sécurités et arrêt automatique des systèmes — Dans le contexte « Émeute » (Mouvement social). Troubles urbains. Points sensibles : dégradations, évacuation.;Exemple : Émeute → déclenchement de sécurités et arrêt automatique des systèmes (ex. décisions immédiates, coordination, reprise).;Dommages matériels, risques de sur-accident, indisponibilité d’équipements.;Maintenance préventive, inspections, redondances techniques, permis de travail.;Mise en sécurité, réparations, expertises, reprise sous conditions.;Moyenne;Élevée;Moyenne;dégradations, évacuation
671;Mouvement social;Émeute;Troubles urbains;Ressources humaines;Traumatisme des équipes et stress post-évènement (RPS);Traumatisme des équipes et stress post-évènement (RPS) — Dans le contexte « Émeute » (Mouvement social). Troubles urbains. Points sensibles : dégradations, évacuation.;Exemple : Émeute → traumatisme des équipes et stress post-évènement (rps) (ex. décisions immédiates, coordination, reprise).;Choc, fatigue, absentéisme, tensions sociales.;Prévention RPS, formation managers, rotations astreinte, culture Stop Work.;Soutien psychologique, communication interne, renforts, repos imposé.;Moyenne;Élevée;Moyenne;dégradations, évacuation
672;Mouvement social;Émeute;Troubles urbains;Ressources humaines;Exposition à des risques physiques (chaleur, fumées, toxiques);Exposition à des risques physiques (chaleur, fumées, toxiques) — Dans le contexte « Émeute » (Mouvement social). Troubles urbains. Points sensibles : dégradations, évacuation.;Exemple : Émeute → exposition à des risques physiques (chaleur, fumées, toxiques) (ex. décisions immédiates, coordination, reprise).;Choc, fatigue, absentéisme, tensions sociales.;Prévention RPS, formation managers, rotations astreinte, culture Stop Work.;Soutien psychologique, communication interne, renforts, repos imposé.;Moyenne;Élevée;Moyenne;dégradations, évacuation
673;Mouvement social;Émeute;Troubles urbains;Juridique / conformité;Mise en cause pénale (accident grave, mise en danger, pollution);Mise en cause pénale (accident grave, mise en danger, pollution) — Dans le contexte « Émeute » (Mouvement social). Troubles urbains. Points sensibles : dégradations, évacuation.;Exemple : Émeute → mise en cause pénale (accident grave, mise en danger, pollution) (ex. décisions immédiates, coordination, reprise).;Enquêtes, obligations, contentieux, sanctions.;Veille réglementaire, audits, plans de prévention, conservation des preuves.;Déclarations, interface autorités, stratégie contentieuse, documentation.;Moyenne;Critique;Élevée;dégradations, évacuation
674;Mouvement social;Émeute;Troubles urbains;Juridique / conformité;Contentieux contractuels (pénalités, retards, responsabilités);Contentieux contractuels (pénalités, retards, responsabilités) — Dans le contexte « Émeute » (Mouvement social). Troubles urbains. Points sensibles : dégradations, évacuation.;Exemple : Émeute → contentieux contractuels (pénalités, retards, responsabilités) (ex. décisions immédiates, coordination, reprise).;Enquêtes, obligations, contentieux, sanctions.;Veille réglementaire, audits, plans de prévention, conservation des preuves.;Déclarations, interface autorités, stratégie contentieuse, documentation.;Moyenne;Critique;Élevée;dégradations, évacuation
675;Mouvement social;Émeute;Troubles urbains;Financier;Coûts de réparation et de remise en état (ouvrages, équipements);Coûts de réparation et de remise en état (ouvrages, équipements) — Dans le contexte « Émeute » (Mouvement social). Troubles urbains. Points sensibles : dégradations, évacuation.;Exemple : Émeute → coûts de réparation et de remise en état (ouvrages, équipements) (ex. décisions immédiates, coordination, reprise).;Pertes d’exploitation, coûts de remise en état, hausse primes/franchises.;Assurances adaptées, budgets d’urgence, suivi trésorerie, clauses contractuelles.;Activation fonds d’urgence, suivi coûts, déclaration assureur, mitigation pénalités.;Moyenne;Élevée;Moyenne;dégradations, évacuation
676;Mouvement social;Émeute;Troubles urbains;Financier;Hausse des primes, franchises et difficultés d’assurabilité;Hausse des primes, franchises et difficultés d’assurabilité — Dans le contexte « Émeute » (Mouvement social). Troubles urbains. Points sensibles : dégradations, évacuation.;Exemple : Émeute → hausse des primes, franchises et difficultés d’assurabilité (ex. décisions immédiates, coordination, reprise).;Pertes d’exploitation, coûts de remise en état, hausse primes/franchises.;Assurances adaptées, budgets d’urgence, suivi trésorerie, clauses contractuelles.;Activation fonds d’urgence, suivi coûts, déclaration assureur, mitigation pénalités.;Moyenne;Élevée;Moyenne;dégradations, évacuation
677;Mouvement social;Émeute;Troubles urbains;Image / réputation;Médiatisation nationale / locale et perte de confiance;Médiatisation nationale / locale et perte de confiance — Dans le contexte « Émeute » (Mouvement social). Troubles urbains. Points sensibles : dégradations, évacuation.;Exemple : Émeute → médiatisation nationale / locale et perte de confiance (ex. décisions immédiates, coordination, reprise).;Perte de confiance, pression médiatique, rumeurs.;Veille médias, porte-parole, éléments de langage, charte RS.;Communication factuelle/empathetic, lutte rumeurs, coordination autorités.;Moyenne;Élevée;Moyenne;dégradations, évacuation
678;Mouvement social;Émeute;Troubles urbains;Image / réputation;Perception d’impréparation ou de manque de transparence;Perception d’impréparation ou de manque de transparence — Dans le contexte « Émeute » (Mouvement social). Troubles urbains. Points sensibles : dégradations, évacuation.;Exemple : Émeute → perception d’impréparation ou de manque de transparence (ex. décisions immédiates, coordination, reprise).;Perte de confiance, pression médiatique, rumeurs.;Veille médias, porte-parole, éléments de langage, charte RS.;Communication factuelle/empathetic, lutte rumeurs, coordination autorités.;Moyenne;Élevée;Moyenne;dégradations, évacuation
679;Mouvement social;Émeute;Troubles urbains;Géopolitique / institutionnel;Intervention de l’État / autorités (préfecture, inspection, régulateur);Intervention de l’État / autorités (préfecture, inspection, régulateur) — Dans le contexte « Émeute » (Mouvement social). Troubles urbains. Points sensibles : dégradations, évacuation.;Exemple : Émeute → intervention de l’état / autorités (préfecture, inspection, régulateur) (ex. décisions immédiates, coordination, reprise).;Injonctions, contrôles, arbitrages publics, priorisation ressources.;Veille institutionnelle, carto parties prenantes, protocoles autorités.;Coordination préf/mairie/régulateurs, demandes de moyens publics.;Moyenne;Élevée;Moyenne;dégradations, évacuation
680;Mouvement social;Émeute;Troubles urbains;Géopolitique / institutionnel;Priorisation nationale des ressources (énergie, santé, sécurité);Priorisation nationale des ressources (énergie, santé, sécurité) — Dans le contexte « Émeute » (Mouvement social). Troubles urbains. Points sensibles : dégradations, évacuation.;Exemple : Émeute → priorisation nationale des ressources (énergie, santé, sécurité) (ex. décisions immédiates, coordination, reprise).;Injonctions, contrôles, arbitrages publics, priorisation ressources.;Veille institutionnelle, carto parties prenantes, protocoles autorités.;Coordination préf/mairie/régulateurs, demandes de moyens publics.;Moyenne;Élevée;Moyenne;dégradations, évacuation
681;Mouvement social;Émeute;Troubles urbains;Informatique / numérique;Perte du SI local (supervision, communications, annuaire, outils métier);Perte du SI local (supervision, communications, annuaire, outils métier) — Dans le contexte « Émeute » (Mouvement social). Troubles urbains. Points sensibles : dégradations, évacuation.;Exemple : Émeute → perte du si local (supervision, communications, annuaire, outils métier) (ex. décisions immédiates, coordination, reprise).;Perte outils, rupture communications, fuite info.;Segmentation, sauvegardes, redondance télécom, procédures hors-ligne.;Mode dégradé, restauration, canaux alternatifs, contrôle intégrité.;Moyenne;Élevée;Moyenne;dégradations, évacuation
682;Mouvement social;Émeute;Troubles urbains;Informatique / numérique;Cyberattaque opportuniste pendant la crise (phishing, ransom, DDoS);Cyberattaque opportuniste pendant la crise (phishing, ransom, DDoS) — Dans le contexte « Émeute » (Mouvement social). Troubles urbains. Points sensibles : dégradations, évacuation.;Exemple : Émeute → cyberattaque opportuniste pendant la crise (phishing, ransom, ddos) (ex. décisions immédiates, coordination, reprise).;Perte outils, rupture communications, fuite info.;Segmentation, sauvegardes, redondance télécom, procédures hors-ligne.;Mode dégradé, restauration, canaux alternatifs, contrôle intégrité.;Moyenne;Élevée;Moyenne;dégradations, évacuation
683;Mouvement social;Émeute;Troubles urbains;Défaillance / résilience;Effet domino multi-réseaux (énergie + télécom + eau);Effet domino multi-réseaux (énergie + télécom + eau) — Dans le contexte « Émeute » (Mouvement social). Troubles urbains. Points sensibles : dégradations, évacuation.;Exemple : Émeute → effet domino multi-réseaux (énergie + télécom + eau) (ex. décisions immédiates, coordination, reprise).;Domino multi-systèmes, crise prolongée, défaillance gouvernance.;Tests de résilience, exercices multi-crises, cartographie dépendances.;Limiter le domino, renforcer gouvernance, cellules spécialisées, REX.;Moyenne;Élevée;Moyenne;dégradations, évacuation
684;Mouvement social;Émeute;Troubles urbains;Défaillance / résilience;Défaillance d’un acteur clé (prestataire, fournisseur, opérateur);Défaillance d’un acteur clé (prestataire, fournisseur, opérateur) — Dans le contexte « Émeute » (Mouvement social). Troubles urbains. Points sensibles : dégradations, évacuation.;Exemple : Émeute → défaillance d’un acteur clé (prestataire, fournisseur, opérateur) (ex. décisions immédiates, coordination, reprise).;Domino multi-systèmes, crise prolongée, défaillance gouvernance.;Tests de résilience, exercices multi-crises, cartographie dépendances.;Limiter le domino, renforcer gouvernance, cellules spécialisées, REX.;Moyenne;Élevée;Moyenne;dégradations, évacuation
685;Mouvement social;Cyber-mobilisation;Campagne coordonnée en ligne;Opérationnel;Arrêt immédiat des activités et sécurisation du périmètre;Arrêt immédiat des activités et sécurisation du périmètre — Dans le contexte « Cyber-mobilisation » (Mouvement social). Campagne coordonnée en ligne. Points sensibles : pression réputation, SI.;Exemple : Cyber-mobilisation → arrêt immédiat des activités et sécurisation du périmètre (ex. décisions immédiates, coordination, reprise).;Arrêt/retards, mode dégradé, impacts usagers/clients.;PCA/PRA, procédures mode dégradé, exercices réguliers, annuaire crise.;Arrêt sécurisé, priorisation activités, cellule terrain, points de situation.;Moyenne;Élevée;Moyenne;pression réputation, SI
686;Mouvement social;Cyber-mobilisation;Campagne coordonnée en ligne;Opérationnel;Désorganisation de la coordination multi-acteurs (secours, autorités, partenaires);Désorganisation de la coordination multi-acteurs (secours, autorités, partenaires) — Dans le contexte « Cyber-mobilisation » (Mouvement social). Campagne coordonnée en ligne. Points sensibles : pression réputation, SI.;Exemple : Cyber-mobilisation → désorganisation de la coordination multi-acteurs (secours, autorités, partenaires) (ex. décisions immédiates, coordination, reprise).;Arrêt/retards, mode dégradé, impacts usagers/clients.;PCA/PRA, procédures mode dégradé, exercices réguliers, annuaire crise.;Arrêt sécurisé, priorisation activités, cellule terrain, points de situation.;Moyenne;Élevée;Moyenne;pression réputation, SI
687;Mouvement social;Cyber-mobilisation;Campagne coordonnée en ligne;Industriel / technique;Destruction d’ouvrages ou d’équipements critiques;Destruction d’ouvrages ou d’équipements critiques — Dans le contexte « Cyber-mobilisation » (Mouvement social). Campagne coordonnée en ligne. Points sensibles : pression réputation, SI.;Exemple : Cyber-mobilisation → destruction d’ouvrages ou d’équipements critiques (ex. décisions immédiates, coordination, reprise).;Dommages matériels, risques de sur-accident, indisponibilité d’équipements.;Maintenance préventive, inspections, redondances techniques, permis de travail.;Mise en sécurité, réparations, expertises, reprise sous conditions.;Moyenne;Élevée;Moyenne;pression réputation, SI
688;Mouvement social;Cyber-mobilisation;Campagne coordonnée en ligne;Industriel / technique;Déclenchement de sécurités et arrêt automatique des systèmes;Déclenchement de sécurités et arrêt automatique des systèmes — Dans le contexte « Cyber-mobilisation » (Mouvement social). Campagne coordonnée en ligne. Points sensibles : pression réputation, SI.;Exemple : Cyber-mobilisation → déclenchement de sécurités et arrêt automatique des systèmes (ex. décisions immédiates, coordination, reprise).;Dommages matériels, risques de sur-accident, indisponibilité d’équipements.;Maintenance préventive, inspections, redondances techniques, permis de travail.;Mise en sécurité, réparations, expertises, reprise sous conditions.;Moyenne;Élevée;Moyenne;pression réputation, SI
689;Mouvement social;Cyber-mobilisation;Campagne coordonnée en ligne;Ressources humaines;Traumatisme des équipes et stress post-évènement (RPS);Traumatisme des équipes et stress post-évènement (RPS) — Dans le contexte « Cyber-mobilisation » (Mouvement social). Campagne coordonnée en ligne. Points sensibles : pression réputation, SI.;Exemple : Cyber-mobilisation → traumatisme des équipes et stress post-évènement (rps) (ex. décisions immédiates, coordination, reprise).;Choc, fatigue, absentéisme, tensions sociales.;Prévention RPS, formation managers, rotations astreinte, culture Stop Work.;Soutien psychologique, communication interne, renforts, repos imposé.;Moyenne;Élevée;Moyenne;pression réputation, SI
690;Mouvement social;Cyber-mobilisation;Campagne coordonnée en ligne;Ressources humaines;Exposition à des risques physiques (chaleur, fumées, toxiques);Exposition à des risques physiques (chaleur, fumées, toxiques) — Dans le contexte « Cyber-mobilisation » (Mouvement social). Campagne coordonnée en ligne. Points sensibles : pression réputation, SI.;Exemple : Cyber-mobilisation → exposition à des risques physiques (chaleur, fumées, toxiques) (ex. décisions immédiates, coordination, reprise).;Choc, fatigue, absentéisme, tensions sociales.;Prévention RPS, formation managers, rotations astreinte, culture Stop Work.;Soutien psychologique, communication interne, renforts, repos imposé.;Moyenne;Élevée;Moyenne;pression réputation, SI
691;Mouvement social;Cyber-mobilisation;Campagne coordonnée en ligne;Juridique / conformité;Mise en cause pénale (accident grave, mise en danger, pollution);Mise en cause pénale (accident grave, mise en danger, pollution) — Dans le contexte « Cyber-mobilisation » (Mouvement social). Campagne coordonnée en ligne. Points sensibles : pression réputation, SI.;Exemple : Cyber-mobilisation → mise en cause pénale (accident grave, mise en danger, pollution) (ex. décisions immédiates, coordination, reprise).;Enquêtes, obligations, contentieux, sanctions.;Veille réglementaire, audits, plans de prévention, conservation des preuves.;Déclarations, interface autorités, stratégie contentieuse, documentation.;Moyenne;Critique;Élevée;pression réputation, SI
692;Mouvement social;Cyber-mobilisation;Campagne coordonnée en ligne;Juridique / conformité;Contentieux contractuels (pénalités, retards, responsabilités);Contentieux contractuels (pénalités, retards, responsabilités) — Dans le contexte « Cyber-mobilisation » (Mouvement social). Campagne coordonnée en ligne. Points sensibles : pression réputation, SI.;Exemple : Cyber-mobilisation → contentieux contractuels (pénalités, retards, responsabilités) (ex. décisions immédiates, coordination, reprise).;Enquêtes, obligations, contentieux, sanctions.;Veille réglementaire, audits, plans de prévention, conservation des preuves.;Déclarations, interface autorités, stratégie contentieuse, documentation.;Moyenne;Critique;Élevée;pression réputation, SI
693;Mouvement social;Cyber-mobilisation;Campagne coordonnée en ligne;Financier;Coûts de réparation et de remise en état (ouvrages, équipements);Coûts de réparation et de remise en état (ouvrages, équipements) — Dans le contexte « Cyber-mobilisation » (Mouvement social). Campagne coordonnée en ligne. Points sensibles : pression réputation, SI.;Exemple : Cyber-mobilisation → coûts de réparation et de remise en état (ouvrages, équipements) (ex. décisions immédiates, coordination, reprise).;Pertes d’exploitation, coûts de remise en état, hausse primes/franchises.;Assurances adaptées, budgets d’urgence, suivi trésorerie, clauses contractuelles.;Activation fonds d’urgence, suivi coûts, déclaration assureur, mitigation pénalités.;Moyenne;Élevée;Moyenne;pression réputation, SI
694;Mouvement social;Cyber-mobilisation;Campagne coordonnée en ligne;Financier;Hausse des primes, franchises et difficultés d’assurabilité;Hausse des primes, franchises et difficultés d’assurabilité — Dans le contexte « Cyber-mobilisation » (Mouvement social). Campagne coordonnée en ligne. Points sensibles : pression réputation, SI.;Exemple : Cyber-mobilisation → hausse des primes, franchises et difficultés d’assurabilité (ex. décisions immédiates, coordination, reprise).;Pertes d’exploitation, coûts de remise en état, hausse primes/franchises.;Assurances adaptées, budgets d’urgence, suivi trésorerie, clauses contractuelles.;Activation fonds d’urgence, suivi coûts, déclaration assureur, mitigation pénalités.;Moyenne;Élevée;Moyenne;pression réputation, SI
695;Mouvement social;Cyber-mobilisation;Campagne coordonnée en ligne;Image / réputation;Médiatisation nationale / locale et perte de confiance;Médiatisation nationale / locale et perte de confiance — Dans le contexte « Cyber-mobilisation » (Mouvement social). Campagne coordonnée en ligne. Points sensibles : pression réputation, SI.;Exemple : Cyber-mobilisation → médiatisation nationale / locale et perte de confiance (ex. décisions immédiates, coordination, reprise).;Perte de confiance, pression médiatique, rumeurs.;Veille médias, porte-parole, éléments de langage, charte RS.;Communication factuelle/empathetic, lutte rumeurs, coordination autorités.;Moyenne;Élevée;Moyenne;pression réputation, SI
696;Mouvement social;Cyber-mobilisation;Campagne coordonnée en ligne;Image / réputation;Perception d’impréparation ou de manque de transparence;Perception d’impréparation ou de manque de transparence — Dans le contexte « Cyber-mobilisation » (Mouvement social). Campagne coordonnée en ligne. Points sensibles : pression réputation, SI.;Exemple : Cyber-mobilisation → perception d’impréparation ou de manque de transparence (ex. décisions immédiates, coordination, reprise).;Perte de confiance, pression médiatique, rumeurs.;Veille médias, porte-parole, éléments de langage, charte RS.;Communication factuelle/empathetic, lutte rumeurs, coordination autorités.;Moyenne;Élevée;Moyenne;pression réputation, SI
697;Mouvement social;Cyber-mobilisation;Campagne coordonnée en ligne;Géopolitique / institutionnel;Intervention de l’État / autorités (préfecture, inspection, régulateur);Intervention de l’État / autorités (préfecture, inspection, régulateur) — Dans le contexte « Cyber-mobilisation » (Mouvement social). Campagne coordonnée en ligne. Points sensibles : pression réputation, SI.;Exemple : Cyber-mobilisation → intervention de l’état / autorités (préfecture, inspection, régulateur) (ex. décisions immédiates, coordination, reprise).;Injonctions, contrôles, arbitrages publics, priorisation ressources.;Veille institutionnelle, carto parties prenantes, protocoles autorités.;Coordination préf/mairie/régulateurs, demandes de moyens publics.;Moyenne;Élevée;Moyenne;pression réputation, SI
698;Mouvement social;Cyber-mobilisation;Campagne coordonnée en ligne;Géopolitique / institutionnel;Priorisation nationale des ressources (énergie, santé, sécurité);Priorisation nationale des ressources (énergie, santé, sécurité) — Dans le contexte « Cyber-mobilisation » (Mouvement social). Campagne coordonnée en ligne. Points sensibles : pression réputation, SI.;Exemple : Cyber-mobilisation → priorisation nationale des ressources (énergie, santé, sécurité) (ex. décisions immédiates, coordination, reprise).;Injonctions, contrôles, arbitrages publics, priorisation ressources.;Veille institutionnelle, carto parties prenantes, protocoles autorités.;Coordination préf/mairie/régulateurs, demandes de moyens publics.;Moyenne;Élevée;Moyenne;pression réputation, SI
699;Mouvement social;Cyber-mobilisation;Campagne coordonnée en ligne;Informatique / numérique;Perte du SI local (supervision, communications, annuaire, outils métier);Perte du SI local (supervision, communications, annuaire, outils métier) — Dans le contexte « Cyber-mobilisation » (Mouvement social). Campagne coordonnée en ligne. Points sensibles : pression réputation, SI.;Exemple : Cyber-mobilisation → perte du si local (supervision, communications, annuaire, outils métier) (ex. décisions immédiates, coordination, reprise).;Perte outils, rupture communications, fuite info.;Segmentation, sauvegardes, redondance télécom, procédures hors-ligne.;Mode dégradé, restauration, canaux alternatifs, contrôle intégrité.;Moyenne;Élevée;Moyenne;pression réputation, SI
700;Mouvement social;Cyber-mobilisation;Campagne coordonnée en ligne;Informatique / numérique;Cyberattaque opportuniste pendant la crise (phishing, ransom, DDoS);Cyberattaque opportuniste pendant la crise (phishing, ransom, DDoS) — Dans le contexte « Cyber-mobilisation » (Mouvement social). Campagne coordonnée en ligne. Points sensibles : pression réputation, SI.;Exemple : Cyber-mobilisation → cyberattaque opportuniste pendant la crise (phishing, ransom, ddos) (ex. décisions immédiates, coordination, reprise).;Perte outils, rupture communications, fuite info.;Segmentation, sauvegardes, redondance télécom, procédures hors-ligne.;Mode dégradé, restauration, canaux alternatifs, contrôle intégrité.;Moyenne;Élevée;Moyenne;pression réputation, SI
701;Mouvement social;Cyber-mobilisation;Campagne coordonnée en ligne;Défaillance / résilience;Effet domino multi-réseaux (énergie + télécom + eau);Effet domino multi-réseaux (énergie + télécom + eau) — Dans le contexte « Cyber-mobilisation » (Mouvement social). Campagne coordonnée en ligne. Points sensibles : pression réputation, SI.;Exemple : Cyber-mobilisation → effet domino multi-réseaux (énergie + télécom + eau) (ex. décisions immédiates, coordination, reprise).;Domino multi-systèmes, crise prolongée, défaillance gouvernance.;Tests de résilience, exercices multi-crises, cartographie dépendances.;Limiter le domino, renforcer gouvernance, cellules spécialisées, REX.;Moyenne;Élevée;Moyenne;pression réputation, SI
702;Mouvement social;Cyber-mobilisation;Campagne coordonnée en ligne;Défaillance / résilience;Défaillance d’un acteur clé (prestataire, fournisseur, opérateur);Défaillance d’un acteur clé (prestataire, fournisseur, opérateur) — Dans le contexte « Cyber-mobilisation » (Mouvement social). Campagne coordonnée en ligne. Points sensibles : pression réputation, SI.;Exemple : Cyber-mobilisation → défaillance d’un acteur clé (prestataire, fournisseur, opérateur) (ex. décisions immédiates, coordination, reprise).;Domino multi-systèmes, crise prolongée, défaillance gouvernance.;Tests de résilience, exercices multi-crises, cartographie dépendances.;Limiter le domino, renforcer gouvernance, cellules spécialisées, REX.;Moyenne;Élevée;Moyenne;pression réputation, SI
703;Mouvement social;Conflit social long;Négociation durable tendue;Opérationnel;Arrêt immédiat des activités et sécurisation du périmètre;Arrêt immédiat des activités et sécurisation du périmètre — Dans le contexte « Conflit social long » (Mouvement social). Négociation durable tendue. Points sensibles : perte productivité, turnover.;Exemple : Conflit social long → arrêt immédiat des activités et sécurisation du périmètre (ex. décisions immédiates, coordination, reprise).;Arrêt/retards, mode dégradé, impacts usagers/clients.;PCA/PRA, procédures mode dégradé, exercices réguliers, annuaire crise.;Arrêt sécurisé, priorisation activités, cellule terrain, points de situation.;Moyenne;Élevée;Moyenne;perte productivité, turnover
704;Mouvement social;Conflit social long;Négociation durable tendue;Opérationnel;Désorganisation de la coordination multi-acteurs (secours, autorités, partenaires);Désorganisation de la coordination multi-acteurs (secours, autorités, partenaires) — Dans le contexte « Conflit social long » (Mouvement social). Négociation durable tendue. Points sensibles : perte productivité, turnover.;Exemple : Conflit social long → désorganisation de la coordination multi-acteurs (secours, autorités, partenaires) (ex. décisions immédiates, coordination, reprise).;Arrêt/retards, mode dégradé, impacts usagers/clients.;PCA/PRA, procédures mode dégradé, exercices réguliers, annuaire crise.;Arrêt sécurisé, priorisation activités, cellule terrain, points de situation.;Moyenne;Élevée;Moyenne;perte productivité, turnover
705;Mouvement social;Conflit social long;Négociation durable tendue;Industriel / technique;Destruction d’ouvrages ou d’équipements critiques;Destruction d’ouvrages ou d’équipements critiques — Dans le contexte « Conflit social long » (Mouvement social). Négociation durable tendue. Points sensibles : perte productivité, turnover.;Exemple : Conflit social long → destruction d’ouvrages ou d’équipements critiques (ex. décisions immédiates, coordination, reprise).;Dommages matériels, risques de sur-accident, indisponibilité d’équipements.;Maintenance préventive, inspections, redondances techniques, permis de travail.;Mise en sécurité, réparations, expertises, reprise sous conditions.;Moyenne;Élevée;Moyenne;perte productivité, turnover
706;Mouvement social;Conflit social long;Négociation durable tendue;Industriel / technique;Déclenchement de sécurités et arrêt automatique des systèmes;Déclenchement de sécurités et arrêt automatique des systèmes — Dans le contexte « Conflit social long » (Mouvement social). Négociation durable tendue. Points sensibles : perte productivité, turnover.;Exemple : Conflit social long → déclenchement de sécurités et arrêt automatique des systèmes (ex. décisions immédiates, coordination, reprise).;Dommages matériels, risques de sur-accident, indisponibilité d’équipements.;Maintenance préventive, inspections, redondances techniques, permis de travail.;Mise en sécurité, réparations, expertises, reprise sous conditions.;Moyenne;Élevée;Moyenne;perte productivité, turnover
707;Mouvement social;Conflit social long;Négociation durable tendue;Ressources humaines;Traumatisme des équipes et stress post-évènement (RPS);Traumatisme des équipes et stress post-évènement (RPS) — Dans le contexte « Conflit social long » (Mouvement social). Négociation durable tendue. Points sensibles : perte productivité, turnover.;Exemple : Conflit social long → traumatisme des équipes et stress post-évènement (rps) (ex. décisions immédiates, coordination, reprise).;Choc, fatigue, absentéisme, tensions sociales.;Prévention RPS, formation managers, rotations astreinte, culture Stop Work.;Soutien psychologique, communication interne, renforts, repos imposé.;Moyenne;Élevée;Moyenne;perte productivité, turnover
708;Mouvement social;Conflit social long;Négociation durable tendue;Ressources humaines;Exposition à des risques physiques (chaleur, fumées, toxiques);Exposition à des risques physiques (chaleur, fumées, toxiques) — Dans le contexte « Conflit social long » (Mouvement social). Négociation durable tendue. Points sensibles : perte productivité, turnover.;Exemple : Conflit social long → exposition à des risques physiques (chaleur, fumées, toxiques) (ex. décisions immédiates, coordination, reprise).;Choc, fatigue, absentéisme, tensions sociales.;Prévention RPS, formation managers, rotations astreinte, culture Stop Work.;Soutien psychologique, communication interne, renforts, repos imposé.;Moyenne;Élevée;Moyenne;perte productivité, turnover
709;Mouvement social;Conflit social long;Négociation durable tendue;Juridique / conformité;Mise en cause pénale (accident grave, mise en danger, pollution);Mise en cause pénale (accident grave, mise en danger, pollution) — Dans le contexte « Conflit social long » (Mouvement social). Négociation durable tendue. Points sensibles : perte productivité, turnover.;Exemple : Conflit social long → mise en cause pénale (accident grave, mise en danger, pollution) (ex. décisions immédiates, coordination, reprise).;Enquêtes, obligations, contentieux, sanctions.;Veille réglementaire, audits, plans de prévention, conservation des preuves.;Déclarations, interface autorités, stratégie contentieuse, documentation.;Moyenne;Critique;Élevée;perte productivité, turnover
710;Mouvement social;Conflit social long;Négociation durable tendue;Juridique / conformité;Contentieux contractuels (pénalités, retards, responsabilités);Contentieux contractuels (pénalités, retards, responsabilités) — Dans le contexte « Conflit social long » (Mouvement social). Négociation durable tendue. Points sensibles : perte productivité, turnover.;Exemple : Conflit social long → contentieux contractuels (pénalités, retards, responsabilités) (ex. décisions immédiates, coordination, reprise).;Enquêtes, obligations, contentieux, sanctions.;Veille réglementaire, audits, plans de prévention, conservation des preuves.;Déclarations, interface autorités, stratégie contentieuse, documentation.;Moyenne;Critique;Élevée;perte productivité, turnover
711;Mouvement social;Conflit social long;Négociation durable tendue;Financier;Coûts de réparation et de remise en état (ouvrages, équipements);Coûts de réparation et de remise en état (ouvrages, équipements) — Dans le contexte « Conflit social long » (Mouvement social). Négociation durable tendue. Points sensibles : perte productivité, turnover.;Exemple : Conflit social long → coûts de réparation et de remise en état (ouvrages, équipements) (ex. décisions immédiates, coordination, reprise).;Pertes d’exploitation, coûts de remise en état, hausse primes/franchises.;Assurances adaptées, budgets d’urgence, suivi trésorerie, clauses contractuelles.;Activation fonds d’urgence, suivi coûts, déclaration assureur, mitigation pénalités.;Moyenne;Élevée;Moyenne;perte productivité, turnover
712;Mouvement social;Conflit social long;Négociation durable tendue;Financier;Hausse des primes, franchises et difficultés d’assurabilité;Hausse des primes, franchises et difficultés d’assurabilité — Dans le contexte « Conflit social long » (Mouvement social). Négociation durable tendue. Points sensibles : perte productivité, turnover.;Exemple : Conflit social long → hausse des primes, franchises et difficultés d’assurabilité (ex. décisions immédiates, coordination, reprise).;Pertes d’exploitation, coûts de remise en état, hausse primes/franchises.;Assurances adaptées, budgets d’urgence, suivi trésorerie, clauses contractuelles.;Activation fonds d’urgence, suivi coûts, déclaration assureur, mitigation pénalités.;Moyenne;Élevée;Moyenne;perte productivité, turnover
713;Mouvement social;Conflit social long;Négociation durable tendue;Image / réputation;Médiatisation nationale / locale et perte de confiance;Médiatisation nationale / locale et perte de confiance — Dans le contexte « Conflit social long » (Mouvement social). Négociation durable tendue. Points sensibles : perte productivité, turnover.;Exemple : Conflit social long → médiatisation nationale / locale et perte de confiance (ex. décisions immédiates, coordination, reprise).;Perte de confiance, pression médiatique, rumeurs.;Veille médias, porte-parole, éléments de langage, charte RS.;Communication factuelle/empathetic, lutte rumeurs, coordination autorités.;Moyenne;Élevée;Moyenne;perte productivité, turnover
714;Mouvement social;Conflit social long;Négociation durable tendue;Image / réputation;Perception d’impréparation ou de manque de transparence;Perception d’impréparation ou de manque de transparence — Dans le contexte « Conflit social long » (Mouvement social). Négociation durable tendue. Points sensibles : perte productivité, turnover.;Exemple : Conflit social long → perception d’impréparation ou de manque de transparence (ex. décisions immédiates, coordination, reprise).;Perte de confiance, pression médiatique, rumeurs.;Veille médias, porte-parole, éléments de langage, charte RS.;Communication factuelle/empathetic, lutte rumeurs, coordination autorités.;Moyenne;Élevée;Moyenne;perte productivité, turnover
715;Mouvement social;Conflit social long;Négociation durable tendue;Géopolitique / institutionnel;Intervention de l’État / autorités (préfecture, inspection, régulateur);Intervention de l’État / autorités (préfecture, inspection, régulateur) — Dans le contexte « Conflit social long » (Mouvement social). Négociation durable tendue. Points sensibles : perte productivité, turnover.;Exemple : Conflit social long → intervention de l’état / autorités (préfecture, inspection, régulateur) (ex. décisions immédiates, coordination, reprise).;Injonctions, contrôles, arbitrages publics, priorisation ressources.;Veille institutionnelle, carto parties prenantes, protocoles autorités.;Coordination préf/mairie/régulateurs, demandes de moyens publics.;Moyenne;Élevée;Moyenne;perte productivité, turnover
716;Mouvement social;Conflit social long;Négociation durable tendue;Géopolitique / institutionnel;Priorisation nationale des ressources (énergie, santé, sécurité);Priorisation nationale des ressources (énergie, santé, sécurité) — Dans le contexte « Conflit social long » (Mouvement social). Négociation durable tendue. Points sensibles : perte productivité, turnover.;Exemple : Conflit social long → priorisation nationale des ressources (énergie, santé, sécurité) (ex. décisions immédiates, coordination, reprise).;Injonctions, contrôles, arbitrages publics, priorisation ressources.;Veille institutionnelle, carto parties prenantes, protocoles autorités.;Coordination préf/mairie/régulateurs, demandes de moyens publics.;Moyenne;Élevée;Moyenne;perte productivité, turnover
717;Mouvement social;Conflit social long;Négociation durable tendue;Informatique / numérique;Perte du SI local (supervision, communications, annuaire, outils métier);Perte du SI local (supervision, communications, annuaire, outils métier) — Dans le contexte « Conflit social long » (Mouvement social). Négociation durable tendue. Points sensibles : perte productivité, turnover.;Exemple : Conflit social long → perte du si local (supervision, communications, annuaire, outils métier) (ex. décisions immédiates, coordination, reprise).;Perte outils, rupture communications, fuite info.;Segmentation, sauvegardes, redondance télécom, procédures hors-ligne.;Mode dégradé, restauration, canaux alternatifs, contrôle intégrité.;Moyenne;Élevée;Moyenne;perte productivité, turnover
718;Mouvement social;Conflit social long;Négociation durable tendue;Informatique / numérique;Cyberattaque opportuniste pendant la crise (phishing, ransom, DDoS);Cyberattaque opportuniste pendant la crise (phishing, ransom, DDoS) — Dans le contexte « Conflit social long » (Mouvement social). Négociation durable tendue. Points sensibles : perte productivité, turnover.;Exemple : Conflit social long → cyberattaque opportuniste pendant la crise (phishing, ransom, ddos) (ex. décisions immédiates, coordination, reprise).;Perte outils, rupture communications, fuite info.;Segmentation, sauvegardes, redondance télécom, procédures hors-ligne.;Mode dégradé, restauration, canaux alternatifs, contrôle intégrité.;Moyenne;Élevée;Moyenne;perte productivité, turnover
719;Mouvement social;Conflit social long;Négociation durable tendue;Défaillance / résilience;Effet domino multi-réseaux (énergie + télécom + eau);Effet domino multi-réseaux (énergie + télécom + eau) — Dans le contexte « Conflit social long » (Mouvement social). Négociation durable tendue. Points sensibles : perte productivité, turnover.;Exemple : Conflit social long → effet domino multi-réseaux (énergie + télécom + eau) (ex. décisions immédiates, coordination, reprise).;Domino multi-systèmes, crise prolongée, défaillance gouvernance.;Tests de résilience, exercices multi-crises, cartographie dépendances.;Limiter le domino, renforcer gouvernance, cellules spécialisées, REX.;Moyenne;Élevée;Moyenne;perte productivité, turnover
720;Mouvement social;Conflit social long;Négociation durable tendue;Défaillance / résilience;Défaillance d’un acteur clé (prestataire, fournisseur, opérateur);Défaillance d’un acteur clé (prestataire, fournisseur, opérateur) — Dans le contexte « Conflit social long » (Mouvement social). Négociation durable tendue. Points sensibles : perte productivité, turnover.;Exemple : Conflit social long → défaillance d’un acteur clé (prestataire, fournisseur, opérateur) (ex. décisions immédiates, coordination, reprise).;Domino multi-systèmes, crise prolongée, défaillance gouvernance.;Tests de résilience, exercices multi-crises, cartographie dépendances.;Limiter le domino, renforcer gouvernance, cellules spécialisées, REX.;Moyenne;Élevée;Moyenne;perte productivité, turnover
721;Pénurie;Pénurie énergie;Restriction / délestage électrique;Opérationnel;Arrêt immédiat des activités et sécurisation du périmètre;Arrêt immédiat des activités et sécurisation du périmètre — Dans le contexte « Pénurie énergie » (Pénurie). Restriction / délestage électrique. Points sensibles : arrêt, sécurité, SI.;Exemple : Pénurie énergie → arrêt immédiat des activités et sécurisation du périmètre (ex. décisions immédiates, coordination, reprise).;Arrêt/retards, mode dégradé, impacts usagers/clients.;PCA/PRA, procédures mode dégradé, exercices réguliers, annuaire crise.;Arrêt sécurisé, priorisation activités, cellule terrain, points de situation.;Moyenne;Élevée;Moyenne;arrêt, sécurité, SI
722;Pénurie;Pénurie énergie;Restriction / délestage électrique;Opérationnel;Désorganisation de la coordination multi-acteurs (secours, autorités, partenaires);Désorganisation de la coordination multi-acteurs (secours, autorités, partenaires) — Dans le contexte « Pénurie énergie » (Pénurie). Restriction / délestage électrique. Points sensibles : arrêt, sécurité, SI.;Exemple : Pénurie énergie → désorganisation de la coordination multi-acteurs (secours, autorités, partenaires) (ex. décisions immédiates, coordination, reprise).;Arrêt/retards, mode dégradé, impacts usagers/clients.;PCA/PRA, procédures mode dégradé, exercices réguliers, annuaire crise.;Arrêt sécurisé, priorisation activités, cellule terrain, points de situation.;Moyenne;Élevée;Moyenne;arrêt, sécurité, SI
723;Pénurie;Pénurie énergie;Restriction / délestage électrique;Industriel / technique;Destruction d’ouvrages ou d’équipements critiques;Destruction d’ouvrages ou d’équipements critiques — Dans le contexte « Pénurie énergie » (Pénurie). Restriction / délestage électrique. Points sensibles : arrêt, sécurité, SI.;Exemple : Pénurie énergie → destruction d’ouvrages ou d’équipements critiques (ex. décisions immédiates, coordination, reprise).;Dommages matériels, risques de sur-accident, indisponibilité d’équipements.;Maintenance préventive, inspections, redondances techniques, permis de travail.;Mise en sécurité, réparations, expertises, reprise sous conditions.;Moyenne;Élevée;Moyenne;arrêt, sécurité, SI
724;Pénurie;Pénurie énergie;Restriction / délestage électrique;Industriel / technique;Déclenchement de sécurités et arrêt automatique des systèmes;Déclenchement de sécurités et arrêt automatique des systèmes — Dans le contexte « Pénurie énergie » (Pénurie). Restriction / délestage électrique. Points sensibles : arrêt, sécurité, SI.;Exemple : Pénurie énergie → déclenchement de sécurités et arrêt automatique des systèmes (ex. décisions immédiates, coordination, reprise).;Dommages matériels, risques de sur-accident, indisponibilité d’équipements.;Maintenance préventive, inspections, redondances techniques, permis de travail.;Mise en sécurité, réparations, expertises, reprise sous conditions.;Moyenne;Élevée;Moyenne;arrêt, sécurité, SI
725;Pénurie;Pénurie énergie;Restriction / délestage électrique;Ressources humaines;Traumatisme des équipes et stress post-évènement (RPS);Traumatisme des équipes et stress post-évènement (RPS) — Dans le contexte « Pénurie énergie » (Pénurie). Restriction / délestage électrique. Points sensibles : arrêt, sécurité, SI.;Exemple : Pénurie énergie → traumatisme des équipes et stress post-évènement (rps) (ex. décisions immédiates, coordination, reprise).;Choc, fatigue, absentéisme, tensions sociales.;Prévention RPS, formation managers, rotations astreinte, culture Stop Work.;Soutien psychologique, communication interne, renforts, repos imposé.;Moyenne;Élevée;Moyenne;arrêt, sécurité, SI
726;Pénurie;Pénurie énergie;Restriction / délestage électrique;Ressources humaines;Exposition à des risques physiques (chaleur, fumées, toxiques);Exposition à des risques physiques (chaleur, fumées, toxiques) — Dans le contexte « Pénurie énergie » (Pénurie). Restriction / délestage électrique. Points sensibles : arrêt, sécurité, SI.;Exemple : Pénurie énergie → exposition à des risques physiques (chaleur, fumées, toxiques) (ex. décisions immédiates, coordination, reprise).;Choc, fatigue, absentéisme, tensions sociales.;Prévention RPS, formation managers, rotations astreinte, culture Stop Work.;Soutien psychologique, communication interne, renforts, repos imposé.;Moyenne;Élevée;Moyenne;arrêt, sécurité, SI
727;Pénurie;Pénurie énergie;Restriction / délestage électrique;Juridique / conformité;Mise en cause pénale (accident grave, mise en danger, pollution);Mise en cause pénale (accident grave, mise en danger, pollution) — Dans le contexte « Pénurie énergie » (Pénurie). Restriction / délestage électrique. Points sensibles : arrêt, sécurité, SI.;Exemple : Pénurie énergie → mise en cause pénale (accident grave, mise en danger, pollution) (ex. décisions immédiates, coordination, reprise).;Enquêtes, obligations, contentieux, sanctions.;Veille réglementaire, audits, plans de prévention, conservation des preuves.;Déclarations, interface autorités, stratégie contentieuse, documentation.;Moyenne;Critique;Élevée;arrêt, sécurité, SI
728;Pénurie;Pénurie énergie;Restriction / délestage électrique;Juridique / conformité;Contentieux contractuels (pénalités, retards, responsabilités);Contentieux contractuels (pénalités, retards, responsabilités) — Dans le contexte « Pénurie énergie » (Pénurie). Restriction / délestage électrique. Points sensibles : arrêt, sécurité, SI.;Exemple : Pénurie énergie → contentieux contractuels (pénalités, retards, responsabilités) (ex. décisions immédiates, coordination, reprise).;Enquêtes, obligations, contentieux, sanctions.;Veille réglementaire, audits, plans de prévention, conservation des preuves.;Déclarations, interface autorités, stratégie contentieuse, documentation.;Moyenne;Critique;Élevée;arrêt, sécurité, SI
729;Pénurie;Pénurie énergie;Restriction / délestage électrique;Financier;Coûts de réparation et de remise en état (ouvrages, équipements);Coûts de réparation et de remise en état (ouvrages, équipements) — Dans le contexte « Pénurie énergie » (Pénurie). Restriction / délestage électrique. Points sensibles : arrêt, sécurité, SI.;Exemple : Pénurie énergie → coûts de réparation et de remise en état (ouvrages, équipements) (ex. décisions immédiates, coordination, reprise).;Pertes d’exploitation, coûts de remise en état, hausse primes/franchises.;Assurances adaptées, budgets d’urgence, suivi trésorerie, clauses contractuelles.;Activation fonds d’urgence, suivi coûts, déclaration assureur, mitigation pénalités.;Moyenne;Élevée;Moyenne;arrêt, sécurité, SI
730;Pénurie;Pénurie énergie;Restriction / délestage électrique;Financier;Hausse des primes, franchises et difficultés d’assurabilité;Hausse des primes, franchises et difficultés d’assurabilité — Dans le contexte « Pénurie énergie » (Pénurie). Restriction / délestage électrique. Points sensibles : arrêt, sécurité, SI.;Exemple : Pénurie énergie → hausse des primes, franchises et difficultés d’assurabilité (ex. décisions immédiates, coordination, reprise).;Pertes d’exploitation, coûts de remise en état, hausse primes/franchises.;Assurances adaptées, budgets d’urgence, suivi trésorerie, clauses contractuelles.;Activation fonds d’urgence, suivi coûts, déclaration assureur, mitigation pénalités.;Moyenne;Élevée;Moyenne;arrêt, sécurité, SI
731;Pénurie;Pénurie énergie;Restriction / délestage électrique;Image / réputation;Médiatisation nationale / locale et perte de confiance;Médiatisation nationale / locale et perte de confiance — Dans le contexte « Pénurie énergie » (Pénurie). Restriction / délestage électrique. Points sensibles : arrêt, sécurité, SI.;Exemple : Pénurie énergie → médiatisation nationale / locale et perte de confiance (ex. décisions immédiates, coordination, reprise).;Perte de confiance, pression médiatique, rumeurs.;Veille médias, porte-parole, éléments de langage, charte RS.;Communication factuelle/empathetic, lutte rumeurs, coordination autorités.;Moyenne;Élevée;Moyenne;arrêt, sécurité, SI
732;Pénurie;Pénurie énergie;Restriction / délestage électrique;Image / réputation;Perception d’impréparation ou de manque de transparence;Perception d’impréparation ou de manque de transparence — Dans le contexte « Pénurie énergie » (Pénurie). Restriction / délestage électrique. Points sensibles : arrêt, sécurité, SI.;Exemple : Pénurie énergie → perception d’impréparation ou de manque de transparence (ex. décisions immédiates, coordination, reprise).;Perte de confiance, pression médiatique, rumeurs.;Veille médias, porte-parole, éléments de langage, charte RS.;Communication factuelle/empathetic, lutte rumeurs, coordination autorités.;Moyenne;Élevée;Moyenne;arrêt, sécurité, SI
733;Pénurie;Pénurie énergie;Restriction / délestage électrique;Géopolitique / institutionnel;Intervention de l’État / autorités (préfecture, inspection, régulateur);Intervention de l’État / autorités (préfecture, inspection, régulateur) — Dans le contexte « Pénurie énergie » (Pénurie). Restriction / délestage électrique. Points sensibles : arrêt, sécurité, SI.;Exemple : Pénurie énergie → intervention de l’état / autorités (préfecture, inspection, régulateur) (ex. décisions immédiates, coordination, reprise).;Injonctions, contrôles, arbitrages publics, priorisation ressources.;Veille institutionnelle, carto parties prenantes, protocoles autorités.;Coordination préf/mairie/régulateurs, demandes de moyens publics.;Moyenne;Élevée;Moyenne;arrêt, sécurité, SI
734;Pénurie;Pénurie énergie;Restriction / délestage électrique;Géopolitique / institutionnel;Priorisation nationale des ressources (énergie, santé, sécurité);Priorisation nationale des ressources (énergie, santé, sécurité) — Dans le contexte « Pénurie énergie » (Pénurie). Restriction / délestage électrique. Points sensibles : arrêt, sécurité, SI.;Exemple : Pénurie énergie → priorisation nationale des ressources (énergie, santé, sécurité) (ex. décisions immédiates, coordination, reprise).;Injonctions, contrôles, arbitrages publics, priorisation ressources.;Veille institutionnelle, carto parties prenantes, protocoles autorités.;Coordination préf/mairie/régulateurs, demandes de moyens publics.;Moyenne;Élevée;Moyenne;arrêt, sécurité, SI
735;Pénurie;Pénurie énergie;Restriction / délestage électrique;Informatique / numérique;Perte du SI local (supervision, communications, annuaire, outils métier);Perte du SI local (supervision, communications, annuaire, outils métier) — Dans le contexte « Pénurie énergie » (Pénurie). Restriction / délestage électrique. Points sensibles : arrêt, sécurité, SI.;Exemple : Pénurie énergie → perte du si local (supervision, communications, annuaire, outils métier) (ex. décisions immédiates, coordination, reprise).;Perte outils, rupture communications, fuite info.;Segmentation, sauvegardes, redondance télécom, procédures hors-ligne.;Mode dégradé, restauration, canaux alternatifs, contrôle intégrité.;Moyenne;Élevée;Moyenne;arrêt, sécurité, SI
736;Pénurie;Pénurie énergie;Restriction / délestage électrique;Informatique / numérique;Cyberattaque opportuniste pendant la crise (phishing, ransom, DDoS);Cyberattaque opportuniste pendant la crise (phishing, ransom, DDoS) — Dans le contexte « Pénurie énergie » (Pénurie). Restriction / délestage électrique. Points sensibles : arrêt, sécurité, SI.;Exemple : Pénurie énergie → cyberattaque opportuniste pendant la crise (phishing, ransom, ddos) (ex. décisions immédiates, coordination, reprise).;Perte outils, rupture communications, fuite info.;Segmentation, sauvegardes, redondance télécom, procédures hors-ligne.;Mode dégradé, restauration, canaux alternatifs, contrôle intégrité.;Moyenne;Élevée;Moyenne;arrêt, sécurité, SI
737;Pénurie;Pénurie énergie;Restriction / délestage électrique;Défaillance / résilience;Effet domino multi-réseaux (énergie + télécom + eau);Effet domino multi-réseaux (énergie + télécom + eau) — Dans le contexte « Pénurie énergie » (Pénurie). Restriction / délestage électrique. Points sensibles : arrêt, sécurité, SI.;Exemple : Pénurie énergie → effet domino multi-réseaux (énergie + télécom + eau) (ex. décisions immédiates, coordination, reprise).;Domino multi-systèmes, crise prolongée, défaillance gouvernance.;Tests de résilience, exercices multi-crises, cartographie dépendances.;Limiter le domino, renforcer gouvernance, cellules spécialisées, REX.;Moyenne;Élevée;Moyenne;arrêt, sécurité, SI
738;Pénurie;Pénurie énergie;Restriction / délestage électrique;Défaillance / résilience;Défaillance d’un acteur clé (prestataire, fournisseur, opérateur);Défaillance d’un acteur clé (prestataire, fournisseur, opérateur) — Dans le contexte « Pénurie énergie » (Pénurie). Restriction / délestage électrique. Points sensibles : arrêt, sécurité, SI.;Exemple : Pénurie énergie → défaillance d’un acteur clé (prestataire, fournisseur, opérateur) (ex. décisions immédiates, coordination, reprise).;Domino multi-systèmes, crise prolongée, défaillance gouvernance.;Tests de résilience, exercices multi-crises, cartographie dépendances.;Limiter le domino, renforcer gouvernance, cellules spécialisées, REX.;Moyenne;Élevée;Moyenne;arrêt, sécurité, SI
739;Pénurie;Pénurie eau;Restriction d’usage / coupure;Opérationnel;Arrêt immédiat des activités et sécurisation du périmètre;Arrêt immédiat des activités et sécurisation du périmètre — Dans le contexte « Pénurie eau » (Pénurie). Restriction d’usage / coupure. Points sensibles : process, hygiène, pompage.;Exemple : Pénurie eau → arrêt immédiat des activités et sécurisation du périmètre (ex. décisions immédiates, coordination, reprise).;Arrêt/retards, mode dégradé, impacts usagers/clients.;PCA/PRA, procédures mode dégradé, exercices réguliers, annuaire crise.;Arrêt sécurisé, priorisation activités, cellule terrain, points de situation.;Moyenne;Élevée;Moyenne;process, hygiène, pompage
740;Pénurie;Pénurie eau;Restriction d’usage / coupure;Opérationnel;Désorganisation de la coordination multi-acteurs (secours, autorités, partenaires);Désorganisation de la coordination multi-acteurs (secours, autorités, partenaires) — Dans le contexte « Pénurie eau » (Pénurie). Restriction d’usage / coupure. Points sensibles : process, hygiène, pompage.;Exemple : Pénurie eau → désorganisation de la coordination multi-acteurs (secours, autorités, partenaires) (ex. décisions immédiates, coordination, reprise).;Arrêt/retards, mode dégradé, impacts usagers/clients.;PCA/PRA, procédures mode dégradé, exercices réguliers, annuaire crise.;Arrêt sécurisé, priorisation activités, cellule terrain, points de situation.;Moyenne;Élevée;Moyenne;process, hygiène, pompage
741;Pénurie;Pénurie eau;Restriction d’usage / coupure;Industriel / technique;Destruction d’ouvrages ou d’équipements critiques;Destruction d’ouvrages ou d’équipements critiques — Dans le contexte « Pénurie eau » (Pénurie). Restriction d’usage / coupure. Points sensibles : process, hygiène, pompage.;Exemple : Pénurie eau → destruction d’ouvrages ou d’équipements critiques (ex. décisions immédiates, coordination, reprise).;Dommages matériels, risques de sur-accident, indisponibilité d’équipements.;Maintenance préventive, inspections, redondances techniques, permis de travail.;Mise en sécurité, réparations, expertises, reprise sous conditions.;Moyenne;Élevée;Moyenne;process, hygiène, pompage
742;Pénurie;Pénurie eau;Restriction d’usage / coupure;Industriel / technique;Déclenchement de sécurités et arrêt automatique des systèmes;Déclenchement de sécurités et arrêt automatique des systèmes — Dans le contexte « Pénurie eau » (Pénurie). Restriction d’usage / coupure. Points sensibles : process, hygiène, pompage.;Exemple : Pénurie eau → déclenchement de sécurités et arrêt automatique des systèmes (ex. décisions immédiates, coordination, reprise).;Dommages matériels, risques de sur-accident, indisponibilité d’équipements.;Maintenance préventive, inspections, redondances techniques, permis de travail.;Mise en sécurité, réparations, expertises, reprise sous conditions.;Moyenne;Élevée;Moyenne;process, hygiène, pompage
743;Pénurie;Pénurie eau;Restriction d’usage / coupure;Ressources humaines;Traumatisme des équipes et stress post-évènement (RPS);Traumatisme des équipes et stress post-évènement (RPS) — Dans le contexte « Pénurie eau » (Pénurie). Restriction d’usage / coupure. Points sensibles : process, hygiène, pompage.;Exemple : Pénurie eau → traumatisme des équipes et stress post-évènement (rps) (ex. décisions immédiates, coordination, reprise).;Choc, fatigue, absentéisme, tensions sociales.;Prévention RPS, formation managers, rotations astreinte, culture Stop Work.;Soutien psychologique, communication interne, renforts, repos imposé.;Moyenne;Élevée;Moyenne;process, hygiène, pompage
744;Pénurie;Pénurie eau;Restriction d’usage / coupure;Ressources humaines;Exposition à des risques physiques (chaleur, fumées, toxiques);Exposition à des risques physiques (chaleur, fumées, toxiques) — Dans le contexte « Pénurie eau » (Pénurie). Restriction d’usage / coupure. Points sensibles : process, hygiène, pompage.;Exemple : Pénurie eau → exposition à des risques physiques (chaleur, fumées, toxiques) (ex. décisions immédiates, coordination, reprise).;Choc, fatigue, absentéisme, tensions sociales.;Prévention RPS, formation managers, rotations astreinte, culture Stop Work.;Soutien psychologique, communication interne, renforts, repos imposé.;Moyenne;Élevée;Moyenne;process, hygiène, pompage
745;Pénurie;Pénurie eau;Restriction d’usage / coupure;Juridique / conformité;Mise en cause pénale (accident grave, mise en danger, pollution);Mise en cause pénale (accident grave, mise en danger, pollution) — Dans le contexte « Pénurie eau » (Pénurie). Restriction d’usage / coupure. Points sensibles : process, hygiène, pompage.;Exemple : Pénurie eau → mise en cause pénale (accident grave, mise en danger, pollution) (ex. décisions immédiates, coordination, reprise).;Enquêtes, obligations, contentieux, sanctions.;Veille réglementaire, audits, plans de prévention, conservation des preuves.;Déclarations, interface autorités, stratégie contentieuse, documentation.;Moyenne;Critique;Élevée;process, hygiène, pompage
746;Pénurie;Pénurie eau;Restriction d’usage / coupure;Juridique / conformité;Contentieux contractuels (pénalités, retards, responsabilités);Contentieux contractuels (pénalités, retards, responsabilités) — Dans le contexte « Pénurie eau » (Pénurie). Restriction d’usage / coupure. Points sensibles : process, hygiène, pompage.;Exemple : Pénurie eau → contentieux contractuels (pénalités, retards, responsabilités) (ex. décisions immédiates, coordination, reprise).;Enquêtes, obligations, contentieux, sanctions.;Veille réglementaire, audits, plans de prévention, conservation des preuves.;Déclarations, interface autorités, stratégie contentieuse, documentation.;Moyenne;Critique;Élevée;process, hygiène, pompage
747;Pénurie;Pénurie eau;Restriction d’usage / coupure;Financier;Coûts de réparation et de remise en état (ouvrages, équipements);Coûts de réparation et de remise en état (ouvrages, équipements) — Dans le contexte « Pénurie eau » (Pénurie). Restriction d’usage / coupure. Points sensibles : process, hygiène, pompage.;Exemple : Pénurie eau → coûts de réparation et de remise en état (ouvrages, équipements) (ex. décisions immédiates, coordination, reprise).;Pertes d’exploitation, coûts de remise en état, hausse primes/franchises.;Assurances adaptées, budgets d’urgence, suivi trésorerie, clauses contractuelles.;Activation fonds d’urgence, suivi coûts, déclaration assureur, mitigation pénalités.;Moyenne;Élevée;Moyenne;process, hygiène, pompage
748;Pénurie;Pénurie eau;Restriction d’usage / coupure;Financier;Hausse des primes, franchises et difficultés d’assurabilité;Hausse des primes, franchises et difficultés d’assurabilité — Dans le contexte « Pénurie eau » (Pénurie). Restriction d’usage / coupure. Points sensibles : process, hygiène, pompage.;Exemple : Pénurie eau → hausse des primes, franchises et difficultés d’assurabilité (ex. décisions immédiates, coordination, reprise).;Pertes d’exploitation, coûts de remise en état, hausse primes/franchises.;Assurances adaptées, budgets d’urgence, suivi trésorerie, clauses contractuelles.;Activation fonds d’urgence, suivi coûts, déclaration assureur, mitigation pénalités.;Moyenne;Élevée;Moyenne;process, hygiène, pompage
749;Pénurie;Pénurie eau;Restriction d’usage / coupure;Image / réputation;Médiatisation nationale / locale et perte de confiance;Médiatisation nationale / locale et perte de confiance — Dans le contexte « Pénurie eau » (Pénurie). Restriction d’usage / coupure. Points sensibles : process, hygiène, pompage.;Exemple : Pénurie eau → médiatisation nationale / locale et perte de confiance (ex. décisions immédiates, coordination, reprise).;Perte de confiance, pression médiatique, rumeurs.;Veille médias, porte-parole, éléments de langage, charte RS.;Communication factuelle/empathetic, lutte rumeurs, coordination autorités.;Moyenne;Élevée;Moyenne;process, hygiène, pompage
750;Pénurie;Pénurie eau;Restriction d’usage / coupure;Image / réputation;Perception d’impréparation ou de manque de transparence;Perception d’impréparation ou de manque de transparence — Dans le contexte « Pénurie eau » (Pénurie). Restriction d’usage / coupure. Points sensibles : process, hygiène, pompage.;Exemple : Pénurie eau → perception d’impréparation ou de manque de transparence (ex. décisions immédiates, coordination, reprise).;Perte de confiance, pression médiatique, rumeurs.;Veille médias, porte-parole, éléments de langage, charte RS.;Communication factuelle/empathetic, lutte rumeurs, coordination autorités.;Moyenne;Élevée;Moyenne;process, hygiène, pompage
751;Pénurie;Pénurie eau;Restriction d’usage / coupure;Géopolitique / institutionnel;Intervention de l’État / autorités (préfecture, inspection, régulateur);Intervention de l’État / autorités (préfecture, inspection, régulateur) — Dans le contexte « Pénurie eau » (Pénurie). Restriction d’usage / coupure. Points sensibles : process, hygiène, pompage.;Exemple : Pénurie eau → intervention de l’état / autorités (préfecture, inspection, régulateur) (ex. décisions immédiates, coordination, reprise).;Injonctions, contrôles, arbitrages publics, priorisation ressources.;Veille institutionnelle, carto parties prenantes, protocoles autorités.;Coordination préf/mairie/régulateurs, demandes de moyens publics.;Moyenne;Élevée;Moyenne;process, hygiène, pompage
752;Pénurie;Pénurie eau;Restriction d’usage / coupure;Géopolitique / institutionnel;Priorisation nationale des ressources (énergie, santé, sécurité);Priorisation nationale des ressources (énergie, santé, sécurité) — Dans le contexte « Pénurie eau » (Pénurie). Restriction d’usage / coupure. Points sensibles : process, hygiène, pompage.;Exemple : Pénurie eau → priorisation nationale des ressources (énergie, santé, sécurité) (ex. décisions immédiates, coordination, reprise).;Injonctions, contrôles, arbitrages publics, priorisation ressources.;Veille institutionnelle, carto parties prenantes, protocoles autorités.;Coordination préf/mairie/régulateurs, demandes de moyens publics.;Moyenne;Élevée;Moyenne;process, hygiène, pompage
753;Pénurie;Pénurie eau;Restriction d’usage / coupure;Informatique / numérique;Perte du SI local (supervision, communications, annuaire, outils métier);Perte du SI local (supervision, communications, annuaire, outils métier) — Dans le contexte « Pénurie eau » (Pénurie). Restriction d’usage / coupure. Points sensibles : process, hygiène, pompage.;Exemple : Pénurie eau → perte du si local (supervision, communications, annuaire, outils métier) (ex. décisions immédiates, coordination, reprise).;Perte outils, rupture communications, fuite info.;Segmentation, sauvegardes, redondance télécom, procédures hors-ligne.;Mode dégradé, restauration, canaux alternatifs, contrôle intégrité.;Moyenne;Élevée;Moyenne;process, hygiène, pompage
754;Pénurie;Pénurie eau;Restriction d’usage / coupure;Informatique / numérique;Cyberattaque opportuniste pendant la crise (phishing, ransom, DDoS);Cyberattaque opportuniste pendant la crise (phishing, ransom, DDoS) — Dans le contexte « Pénurie eau » (Pénurie). Restriction d’usage / coupure. Points sensibles : process, hygiène, pompage.;Exemple : Pénurie eau → cyberattaque opportuniste pendant la crise (phishing, ransom, ddos) (ex. décisions immédiates, coordination, reprise).;Perte outils, rupture communications, fuite info.;Segmentation, sauvegardes, redondance télécom, procédures hors-ligne.;Mode dégradé, restauration, canaux alternatifs, contrôle intégrité.;Moyenne;Élevée;Moyenne;process, hygiène, pompage
755;Pénurie;Pénurie eau;Restriction d’usage / coupure;Défaillance / résilience;Effet domino multi-réseaux (énergie + télécom + eau);Effet domino multi-réseaux (énergie + télécom + eau) — Dans le contexte « Pénurie eau » (Pénurie). Restriction d’usage / coupure. Points sensibles : process, hygiène, pompage.;Exemple : Pénurie eau → effet domino multi-réseaux (énergie + télécom + eau) (ex. décisions immédiates, coordination, reprise).;Domino multi-systèmes, crise prolongée, défaillance gouvernance.;Tests de résilience, exercices multi-crises, cartographie dépendances.;Limiter le domino, renforcer gouvernance, cellules spécialisées, REX.;Moyenne;Élevée;Moyenne;process, hygiène, pompage
756;Pénurie;Pénurie eau;Restriction d’usage / coupure;Défaillance / résilience;Défaillance d’un acteur clé (prestataire, fournisseur, opérateur);Défaillance d’un acteur clé (prestataire, fournisseur, opérateur) — Dans le contexte « Pénurie eau » (Pénurie). Restriction d’usage / coupure. Points sensibles : process, hygiène, pompage.;Exemple : Pénurie eau → défaillance d’un acteur clé (prestataire, fournisseur, opérateur) (ex. décisions immédiates, coordination, reprise).;Domino multi-systèmes, crise prolongée, défaillance gouvernance.;Tests de résilience, exercices multi-crises, cartographie dépendances.;Limiter le domino, renforcer gouvernance, cellules spécialisées, REX.;Moyenne;Élevée;Moyenne;process, hygiène, pompage
757;Pénurie;Pénurie carburant;Appro carburant bloqué;Opérationnel;Arrêt immédiat des activités et sécurisation du périmètre;Arrêt immédiat des activités et sécurisation du périmètre — Dans le contexte « Pénurie carburant » (Pénurie). Appro carburant bloqué. Points sensibles : logistique, engins.;Exemple : Pénurie carburant → arrêt immédiat des activités et sécurisation du périmètre (ex. décisions immédiates, coordination, reprise).;Arrêt/retards, mode dégradé, impacts usagers/clients.;PCA/PRA, procédures mode dégradé, exercices réguliers, annuaire crise.;Arrêt sécurisé, priorisation activités, cellule terrain, points de situation.;Moyenne;Élevée;Moyenne;logistique, engins
758;Pénurie;Pénurie carburant;Appro carburant bloqué;Opérationnel;Désorganisation de la coordination multi-acteurs (secours, autorités, partenaires);Désorganisation de la coordination multi-acteurs (secours, autorités, partenaires) — Dans le contexte « Pénurie carburant » (Pénurie). Appro carburant bloqué. Points sensibles : logistique, engins.;Exemple : Pénurie carburant → désorganisation de la coordination multi-acteurs (secours, autorités, partenaires) (ex. décisions immédiates, coordination, reprise).;Arrêt/retards, mode dégradé, impacts usagers/clients.;PCA/PRA, procédures mode dégradé, exercices réguliers, annuaire crise.;Arrêt sécurisé, priorisation activités, cellule terrain, points de situation.;Moyenne;Élevée;Moyenne;logistique, engins
759;Pénurie;Pénurie carburant;Appro carburant bloqué;Industriel / technique;Destruction d’ouvrages ou d’équipements critiques;Destruction d’ouvrages ou d’équipements critiques — Dans le contexte « Pénurie carburant » (Pénurie). Appro carburant bloqué. Points sensibles : logistique, engins.;Exemple : Pénurie carburant → destruction d’ouvrages ou d’équipements critiques (ex. décisions immédiates, coordination, reprise).;Dommages matériels, risques de sur-accident, indisponibilité d’équipements.;Maintenance préventive, inspections, redondances techniques, permis de travail.;Mise en sécurité, réparations, expertises, reprise sous conditions.;Moyenne;Élevée;Moyenne;logistique, engins
760;Pénurie;Pénurie carburant;Appro carburant bloqué;Industriel / technique;Déclenchement de sécurités et arrêt automatique des systèmes;Déclenchement de sécurités et arrêt automatique des systèmes — Dans le contexte « Pénurie carburant » (Pénurie). Appro carburant bloqué. Points sensibles : logistique, engins.;Exemple : Pénurie carburant → déclenchement de sécurités et arrêt automatique des systèmes (ex. décisions immédiates, coordination, reprise).;Dommages matériels, risques de sur-accident, indisponibilité d’équipements.;Maintenance préventive, inspections, redondances techniques, permis de travail.;Mise en sécurité, réparations, expertises, reprise sous conditions.;Moyenne;Élevée;Moyenne;logistique, engins
761;Pénurie;Pénurie carburant;Appro carburant bloqué;Ressources humaines;Traumatisme des équipes et stress post-évènement (RPS);Traumatisme des équipes et stress post-évènement (RPS) — Dans le contexte « Pénurie carburant » (Pénurie). Appro carburant bloqué. Points sensibles : logistique, engins.;Exemple : Pénurie carburant → traumatisme des équipes et stress post-évènement (rps) (ex. décisions immédiates, coordination, reprise).;Choc, fatigue, absentéisme, tensions sociales.;Prévention RPS, formation managers, rotations astreinte, culture Stop Work.;Soutien psychologique, communication interne, renforts, repos imposé.;Moyenne;Élevée;Moyenne;logistique, engins
762;Pénurie;Pénurie carburant;Appro carburant bloqué;Ressources humaines;Exposition à des risques physiques (chaleur, fumées, toxiques);Exposition à des risques physiques (chaleur, fumées, toxiques) — Dans le contexte « Pénurie carburant » (Pénurie). Appro carburant bloqué. Points sensibles : logistique, engins.;Exemple : Pénurie carburant → exposition à des risques physiques (chaleur, fumées, toxiques) (ex. décisions immédiates, coordination, reprise).;Choc, fatigue, absentéisme, tensions sociales.;Prévention RPS, formation managers, rotations astreinte, culture Stop Work.;Soutien psychologique, communication interne, renforts, repos imposé.;Moyenne;Élevée;Moyenne;logistique, engins
763;Pénurie;Pénurie carburant;Appro carburant bloqué;Juridique / conformité;Mise en cause pénale (accident grave, mise en danger, pollution);Mise en cause pénale (accident grave, mise en danger, pollution) — Dans le contexte « Pénurie carburant » (Pénurie). Appro carburant bloqué. Points sensibles : logistique, engins.;Exemple : Pénurie carburant → mise en cause pénale (accident grave, mise en danger, pollution) (ex. décisions immédiates, coordination, reprise).;Enquêtes, obligations, contentieux, sanctions.;Veille réglementaire, audits, plans de prévention, conservation des preuves.;Déclarations, interface autorités, stratégie contentieuse, documentation.;Moyenne;Critique;Élevée;logistique, engins
764;Pénurie;Pénurie carburant;Appro carburant bloqué;Juridique / conformité;Contentieux contractuels (pénalités, retards, responsabilités);Contentieux contractuels (pénalités, retards, responsabilités) — Dans le contexte « Pénurie carburant » (Pénurie). Appro carburant bloqué. Points sensibles : logistique, engins.;Exemple : Pénurie carburant → contentieux contractuels (pénalités, retards, responsabilités) (ex. décisions immédiates, coordination, reprise).;Enquêtes, obligations, contentieux, sanctions.;Veille réglementaire, audits, plans de prévention, conservation des preuves.;Déclarations, interface autorités, stratégie contentieuse, documentation.;Moyenne;Critique;Élevée;logistique, engins
765;Pénurie;Pénurie carburant;Appro carburant bloqué;Financier;Coûts de réparation et de remise en état (ouvrages, équipements);Coûts de réparation et de remise en état (ouvrages, équipements) — Dans le contexte « Pénurie carburant » (Pénurie). Appro carburant bloqué. Points sensibles : logistique, engins.;Exemple : Pénurie carburant → coûts de réparation et de remise en état (ouvrages, équipements) (ex. décisions immédiates, coordination, reprise).;Pertes d’exploitation, coûts de remise en état, hausse primes/franchises.;Assurances adaptées, budgets d’urgence, suivi trésorerie, clauses contractuelles.;Activation fonds d’urgence, suivi coûts, déclaration assureur, mitigation pénalités.;Moyenne;Élevée;Moyenne;logistique, engins
766;Pénurie;Pénurie carburant;Appro carburant bloqué;Financier;Hausse des primes, franchises et difficultés d’assurabilité;Hausse des primes, franchises et difficultés d’assurabilité — Dans le contexte « Pénurie carburant » (Pénurie). Appro carburant bloqué. Points sensibles : logistique, engins.;Exemple : Pénurie carburant → hausse des primes, franchises et difficultés d’assurabilité (ex. décisions immédiates, coordination, reprise).;Pertes d’exploitation, coûts de remise en état, hausse primes/franchises.;Assurances adaptées, budgets d’urgence, suivi trésorerie, clauses contractuelles.;Activation fonds d’urgence, suivi coûts, déclaration assureur, mitigation pénalités.;Moyenne;Élevée;Moyenne;logistique, engins
767;Pénurie;Pénurie carburant;Appro carburant bloqué;Image / réputation;Médiatisation nationale / locale et perte de confiance;Médiatisation nationale / locale et perte de confiance — Dans le contexte « Pénurie carburant » (Pénurie). Appro carburant bloqué. Points sensibles : logistique, engins.;Exemple : Pénurie carburant → médiatisation nationale / locale et perte de confiance (ex. décisions immédiates, coordination, reprise).;Perte de confiance, pression médiatique, rumeurs.;Veille médias, porte-parole, éléments de langage, charte RS.;Communication factuelle/empathetic, lutte rumeurs, coordination autorités.;Moyenne;Élevée;Moyenne;logistique, engins
768;Pénurie;Pénurie carburant;Appro carburant bloqué;Image / réputation;Perception d’impréparation ou de manque de transparence;Perception d’impréparation ou de manque de transparence — Dans le contexte « Pénurie carburant » (Pénurie). Appro carburant bloqué. Points sensibles : logistique, engins.;Exemple : Pénurie carburant → perception d’impréparation ou de manque de transparence (ex. décisions immédiates, coordination, reprise).;Perte de confiance, pression médiatique, rumeurs.;Veille médias, porte-parole, éléments de langage, charte RS.;Communication factuelle/empathetic, lutte rumeurs, coordination autorités.;Moyenne;Élevée;Moyenne;logistique, engins
769;Pénurie;Pénurie carburant;Appro carburant bloqué;Géopolitique / institutionnel;Intervention de l’État / autorités (préfecture, inspection, régulateur);Intervention de l’État / autorités (préfecture, inspection, régulateur) — Dans le contexte « Pénurie carburant » (Pénurie). Appro carburant bloqué. Points sensibles : logistique, engins.;Exemple : Pénurie carburant → intervention de l’état / autorités (préfecture, inspection, régulateur) (ex. décisions immédiates, coordination, reprise).;Injonctions, contrôles, arbitrages publics, priorisation ressources.;Veille institutionnelle, carto parties prenantes, protocoles autorités.;Coordination préf/mairie/régulateurs, demandes de moyens publics.;Moyenne;Élevée;Moyenne;logistique, engins
770;Pénurie;Pénurie carburant;Appro carburant bloqué;Géopolitique / institutionnel;Priorisation nationale des ressources (énergie, santé, sécurité);Priorisation nationale des ressources (énergie, santé, sécurité) — Dans le contexte « Pénurie carburant » (Pénurie). Appro carburant bloqué. Points sensibles : logistique, engins.;Exemple : Pénurie carburant → priorisation nationale des ressources (énergie, santé, sécurité) (ex. décisions immédiates, coordination, reprise).;Injonctions, contrôles, arbitrages publics, priorisation ressources.;Veille institutionnelle, carto parties prenantes, protocoles autorités.;Coordination préf/mairie/régulateurs, demandes de moyens publics.;Moyenne;Élevée;Moyenne;logistique, engins
771;Pénurie;Pénurie carburant;Appro carburant bloqué;Informatique / numérique;Perte du SI local (supervision, communications, annuaire, outils métier);Perte du SI local (supervision, communications, annuaire, outils métier) — Dans le contexte « Pénurie carburant » (Pénurie). Appro carburant bloqué. Points sensibles : logistique, engins.;Exemple : Pénurie carburant → perte du si local (supervision, communications, annuaire, outils métier) (ex. décisions immédiates, coordination, reprise).;Perte outils, rupture communications, fuite info.;Segmentation, sauvegardes, redondance télécom, procédures hors-ligne.;Mode dégradé, restauration, canaux alternatifs, contrôle intégrité.;Moyenne;Élevée;Moyenne;logistique, engins
772;Pénurie;Pénurie carburant;Appro carburant bloqué;Informatique / numérique;Cyberattaque opportuniste pendant la crise (phishing, ransom, DDoS);Cyberattaque opportuniste pendant la crise (phishing, ransom, DDoS) — Dans le contexte « Pénurie carburant » (Pénurie). Appro carburant bloqué. Points sensibles : logistique, engins.;Exemple : Pénurie carburant → cyberattaque opportuniste pendant la crise (phishing, ransom, ddos) (ex. décisions immédiates, coordination, reprise).;Perte outils, rupture communications, fuite info.;Segmentation, sauvegardes, redondance télécom, procédures hors-ligne.;Mode dégradé, restauration, canaux alternatifs, contrôle intégrité.;Moyenne;Élevée;Moyenne;logistique, engins
773;Pénurie;Pénurie carburant;Appro carburant bloqué;Défaillance / résilience;Effet domino multi-réseaux (énergie + télécom + eau);Effet domino multi-réseaux (énergie + télécom + eau) — Dans le contexte « Pénurie carburant » (Pénurie). Appro carburant bloqué. Points sensibles : logistique, engins.;Exemple : Pénurie carburant → effet domino multi-réseaux (énergie + télécom + eau) (ex. décisions immédiates, coordination, reprise).;Domino multi-systèmes, crise prolongée, défaillance gouvernance.;Tests de résilience, exercices multi-crises, cartographie dépendances.;Limiter le domino, renforcer gouvernance, cellules spécialisées, REX.;Moyenne;Élevée;Moyenne;logistique, engins
774;Pénurie;Pénurie carburant;Appro carburant bloqué;Défaillance / résilience;Défaillance d’un acteur clé (prestataire, fournisseur, opérateur);Défaillance d’un acteur clé (prestataire, fournisseur, opérateur) — Dans le contexte « Pénurie carburant » (Pénurie). Appro carburant bloqué. Points sensibles : logistique, engins.;Exemple : Pénurie carburant → défaillance d’un acteur clé (prestataire, fournisseur, opérateur) (ex. décisions immédiates, coordination, reprise).;Domino multi-systèmes, crise prolongée, défaillance gouvernance.;Tests de résilience, exercices multi-crises, cartographie dépendances.;Limiter le domino, renforcer gouvernance, cellules spécialisées, REX.;Moyenne;Élevée;Moyenne;logistique, engins
775;Pénurie;Pénurie matières;Rupture matières premières;Opérationnel;Arrêt immédiat des activités et sécurisation du périmètre;Arrêt immédiat des activités et sécurisation du périmètre — Dans le contexte « Pénurie matières » (Pénurie). Rupture matières premières. Points sensibles : production, chantiers.;Exemple : Pénurie matières → arrêt immédiat des activités et sécurisation du périmètre (ex. décisions immédiates, coordination, reprise).;Arrêt/retards, mode dégradé, impacts usagers/clients.;PCA/PRA, procédures mode dégradé, exercices réguliers, annuaire crise.;Arrêt sécurisé, priorisation activités, cellule terrain, points de situation.;Moyenne;Élevée;Moyenne;production, chantiers
776;Pénurie;Pénurie matières;Rupture matières premières;Opérationnel;Désorganisation de la coordination multi-acteurs (secours, autorités, partenaires);Désorganisation de la coordination multi-acteurs (secours, autorités, partenaires) — Dans le contexte « Pénurie matières » (Pénurie). Rupture matières premières. Points sensibles : production, chantiers.;Exemple : Pénurie matières → désorganisation de la coordination multi-acteurs (secours, autorités, partenaires) (ex. décisions immédiates, coordination, reprise).;Arrêt/retards, mode dégradé, impacts usagers/clients.;PCA/PRA, procédures mode dégradé, exercices réguliers, annuaire crise.;Arrêt sécurisé, priorisation activités, cellule terrain, points de situation.;Moyenne;Élevée;Moyenne;production, chantiers
777;Pénurie;Pénurie matières;Rupture matières premières;Industriel / technique;Destruction d’ouvrages ou d’équipements critiques;Destruction d’ouvrages ou d’équipements critiques — Dans le contexte « Pénurie matières » (Pénurie). Rupture matières premières. Points sensibles : production, chantiers.;Exemple : Pénurie matières → destruction d’ouvrages ou d’équipements critiques (ex. décisions immédiates, coordination, reprise).;Dommages matériels, risques de sur-accident, indisponibilité d’équipements.;Maintenance préventive, inspections, redondances techniques, permis de travail.;Mise en sécurité, réparations, expertises, reprise sous conditions.;Moyenne;Élevée;Moyenne;production, chantiers
778;Pénurie;Pénurie matières;Rupture matières premières;Industriel / technique;Déclenchement de sécurités et arrêt automatique des systèmes;Déclenchement de sécurités et arrêt automatique des systèmes — Dans le contexte « Pénurie matières » (Pénurie). Rupture matières premières. Points sensibles : production, chantiers.;Exemple : Pénurie matières → déclenchement de sécurités et arrêt automatique des systèmes (ex. décisions immédiates, coordination, reprise).;Dommages matériels, risques de sur-accident, indisponibilité d’équipements.;Maintenance préventive, inspections, redondances techniques, permis de travail.;Mise en sécurité, réparations, expertises, reprise sous conditions.;Moyenne;Élevée;Moyenne;production, chantiers
779;Pénurie;Pénurie matières;Rupture matières premières;Ressources humaines;Traumatisme des équipes et stress post-évènement (RPS);Traumatisme des équipes et stress post-évènement (RPS) — Dans le contexte « Pénurie matières » (Pénurie). Rupture matières premières. Points sensibles : production, chantiers.;Exemple : Pénurie matières → traumatisme des équipes et stress post-évènement (rps) (ex. décisions immédiates, coordination, reprise).;Choc, fatigue, absentéisme, tensions sociales.;Prévention RPS, formation managers, rotations astreinte, culture Stop Work.;Soutien psychologique, communication interne, renforts, repos imposé.;Moyenne;Élevée;Moyenne;production, chantiers
780;Pénurie;Pénurie matières;Rupture matières premières;Ressources humaines;Exposition à des risques physiques (chaleur, fumées, toxiques);Exposition à des risques physiques (chaleur, fumées, toxiques) — Dans le contexte « Pénurie matières » (Pénurie). Rupture matières premières. Points sensibles : production, chantiers.;Exemple : Pénurie matières → exposition à des risques physiques (chaleur, fumées, toxiques) (ex. décisions immédiates, coordination, reprise).;Choc, fatigue, absentéisme, tensions sociales.;Prévention RPS, formation managers, rotations astreinte, culture Stop Work.;Soutien psychologique, communication interne, renforts, repos imposé.;Moyenne;Élevée;Moyenne;production, chantiers
781;Pénurie;Pénurie matières;Rupture matières premières;Juridique / conformité;Mise en cause pénale (accident grave, mise en danger, pollution);Mise en cause pénale (accident grave, mise en danger, pollution) — Dans le contexte « Pénurie matières » (Pénurie). Rupture matières premières. Points sensibles : production, chantiers.;Exemple : Pénurie matières → mise en cause pénale (accident grave, mise en danger, pollution) (ex. décisions immédiates, coordination, reprise).;Enquêtes, obligations, contentieux, sanctions.;Veille réglementaire, audits, plans de prévention, conservation des preuves.;Déclarations, interface autorités, stratégie contentieuse, documentation.;Moyenne;Critique;Élevée;production, chantiers
782;Pénurie;Pénurie matières;Rupture matières premières;Juridique / conformité;Contentieux contractuels (pénalités, retards, responsabilités);Contentieux contractuels (pénalités, retards, responsabilités) — Dans le contexte « Pénurie matières » (Pénurie). Rupture matières premières. Points sensibles : production, chantiers.;Exemple : Pénurie matières → contentieux contractuels (pénalités, retards, responsabilités) (ex. décisions immédiates, coordination, reprise).;Enquêtes, obligations, contentieux, sanctions.;Veille réglementaire, audits, plans de prévention, conservation des preuves.;Déclarations, interface autorités, stratégie contentieuse, documentation.;Moyenne;Critique;Élevée;production, chantiers
783;Pénurie;Pénurie matières;Rupture matières premières;Financier;Coûts de réparation et de remise en état (ouvrages, équipements);Coûts de réparation et de remise en état (ouvrages, équipements) — Dans le contexte « Pénurie matières » (Pénurie). Rupture matières premières. Points sensibles : production, chantiers.;Exemple : Pénurie matières → coûts de réparation et de remise en état (ouvrages, équipements) (ex. décisions immédiates, coordination, reprise).;Pertes d’exploitation, coûts de remise en état, hausse primes/franchises.;Assurances adaptées, budgets d’urgence, suivi trésorerie, clauses contractuelles.;Activation fonds d’urgence, suivi coûts, déclaration assureur, mitigation pénalités.;Moyenne;Élevée;Moyenne;production, chantiers
784;Pénurie;Pénurie matières;Rupture matières premières;Financier;Hausse des primes, franchises et difficultés d’assurabilité;Hausse des primes, franchises et difficultés d’assurabilité — Dans le contexte « Pénurie matières » (Pénurie). Rupture matières premières. Points sensibles : production, chantiers.;Exemple : Pénurie matières → hausse des primes, franchises et difficultés d’assurabilité (ex. décisions immédiates, coordination, reprise).;Pertes d’exploitation, coûts de remise en état, hausse primes/franchises.;Assurances adaptées, budgets d’urgence, suivi trésorerie, clauses contractuelles.;Activation fonds d’urgence, suivi coûts, déclaration assureur, mitigation pénalités.;Moyenne;Élevée;Moyenne;production, chantiers
785;Pénurie;Pénurie matières;Rupture matières premières;Image / réputation;Médiatisation nationale / locale et perte de confiance;Médiatisation nationale / locale et perte de confiance — Dans le contexte « Pénurie matières » (Pénurie). Rupture matières premières. Points sensibles : production, chantiers.;Exemple : Pénurie matières → médiatisation nationale / locale et perte de confiance (ex. décisions immédiates, coordination, reprise).;Perte de confiance, pression médiatique, rumeurs.;Veille médias, porte-parole, éléments de langage, charte RS.;Communication factuelle/empathetic, lutte rumeurs, coordination autorités.;Moyenne;Élevée;Moyenne;production, chantiers
786;Pénurie;Pénurie matières;Rupture matières premières;Image / réputation;Perception d’impréparation ou de manque de transparence;Perception d’impréparation ou de manque de transparence — Dans le contexte « Pénurie matières » (Pénurie). Rupture matières premières. Points sensibles : production, chantiers.;Exemple : Pénurie matières → perception d’impréparation ou de manque de transparence (ex. décisions immédiates, coordination, reprise).;Perte de confiance, pression médiatique, rumeurs.;Veille médias, porte-parole, éléments de langage, charte RS.;Communication factuelle/empathetic, lutte rumeurs, coordination autorités.;Moyenne;Élevée;Moyenne;production, chantiers
787;Pénurie;Pénurie matières;Rupture matières premières;Géopolitique / institutionnel;Intervention de l’État / autorités (préfecture, inspection, régulateur);Intervention de l’État / autorités (préfecture, inspection, régulateur) — Dans le contexte « Pénurie matières » (Pénurie). Rupture matières premières. Points sensibles : production, chantiers.;Exemple : Pénurie matières → intervention de l’état / autorités (préfecture, inspection, régulateur) (ex. décisions immédiates, coordination, reprise).;Injonctions, contrôles, arbitrages publics, priorisation ressources.;Veille institutionnelle, carto parties prenantes, protocoles autorités.;Coordination préf/mairie/régulateurs, demandes de moyens publics.;Moyenne;Élevée;Moyenne;production, chantiers
788;Pénurie;Pénurie matières;Rupture matières premières;Géopolitique / institutionnel;Priorisation nationale des ressources (énergie, santé, sécurité);Priorisation nationale des ressources (énergie, santé, sécurité) — Dans le contexte « Pénurie matières » (Pénurie). Rupture matières premières. Points sensibles : production, chantiers.;Exemple : Pénurie matières → priorisation nationale des ressources (énergie, santé, sécurité) (ex. décisions immédiates, coordination, reprise).;Injonctions, contrôles, arbitrages publics, priorisation ressources.;Veille institutionnelle, carto parties prenantes, protocoles autorités.;Coordination préf/mairie/régulateurs, demandes de moyens publics.;Moyenne;Élevée;Moyenne;production, chantiers
789;Pénurie;Pénurie matières;Rupture matières premières;Informatique / numérique;Perte du SI local (supervision, communications, annuaire, outils métier);Perte du SI local (supervision, communications, annuaire, outils métier) — Dans le contexte « Pénurie matières » (Pénurie). Rupture matières premières. Points sensibles : production, chantiers.;Exemple : Pénurie matières → perte du si local (supervision, communications, annuaire, outils métier) (ex. décisions immédiates, coordination, reprise).;Perte outils, rupture communications, fuite info.;Segmentation, sauvegardes, redondance télécom, procédures hors-ligne.;Mode dégradé, restauration, canaux alternatifs, contrôle intégrité.;Moyenne;Élevée;Moyenne;production, chantiers
790;Pénurie;Pénurie matières;Rupture matières premières;Informatique / numérique;Cyberattaque opportuniste pendant la crise (phishing, ransom, DDoS);Cyberattaque opportuniste pendant la crise (phishing, ransom, DDoS) — Dans le contexte « Pénurie matières » (Pénurie). Rupture matières premières. Points sensibles : production, chantiers.;Exemple : Pénurie matières → cyberattaque opportuniste pendant la crise (phishing, ransom, ddos) (ex. décisions immédiates, coordination, reprise).;Perte outils, rupture communications, fuite info.;Segmentation, sauvegardes, redondance télécom, procédures hors-ligne.;Mode dégradé, restauration, canaux alternatifs, contrôle intégrité.;Moyenne;Élevée;Moyenne;production, chantiers
791;Pénurie;Pénurie matières;Rupture matières premières;Défaillance / résilience;Effet domino multi-réseaux (énergie + télécom + eau);Effet domino multi-réseaux (énergie + télécom + eau) — Dans le contexte « Pénurie matières » (Pénurie). Rupture matières premières. Points sensibles : production, chantiers.;Exemple : Pénurie matières → effet domino multi-réseaux (énergie + télécom + eau) (ex. décisions immédiates, coordination, reprise).;Domino multi-systèmes, crise prolongée, défaillance gouvernance.;Tests de résilience, exercices multi-crises, cartographie dépendances.;Limiter le domino, renforcer gouvernance, cellules spécialisées, REX.;Moyenne;Élevée;Moyenne;production, chantiers
792;Pénurie;Pénurie matières;Rupture matières premières;Défaillance / résilience;Défaillance d’un acteur clé (prestataire, fournisseur, opérateur);Défaillance d’un acteur clé (prestataire, fournisseur, opérateur) — Dans le contexte « Pénurie matières » (Pénurie). Rupture matières premières. Points sensibles : production, chantiers.;Exemple : Pénurie matières → défaillance d’un acteur clé (prestataire, fournisseur, opérateur) (ex. décisions immédiates, coordination, reprise).;Domino multi-systèmes, crise prolongée, défaillance gouvernance.;Tests de résilience, exercices multi-crises, cartographie dépendances.;Limiter le domino, renforcer gouvernance, cellules spécialisées, REX.;Moyenne;Élevée;Moyenne;production, chantiers
793;Pénurie;Pénurie pièces;Manque pièces critiques;Opérationnel;Arrêt immédiat des activités et sécurisation du périmètre;Arrêt immédiat des activités et sécurisation du périmètre — Dans le contexte « Pénurie pièces » (Pénurie). Manque pièces critiques. Points sensibles : maintenance, immobilisation.;Exemple : Pénurie pièces → arrêt immédiat des activités et sécurisation du périmètre (ex. décisions immédiates, coordination, reprise).;Arrêt/retards, mode dégradé, impacts usagers/clients.;PCA/PRA, procédures mode dégradé, exercices réguliers, annuaire crise.;Arrêt sécurisé, priorisation activités, cellule terrain, points de situation.;Moyenne;Élevée;Moyenne;maintenance, immobilisation
794;Pénurie;Pénurie pièces;Manque pièces critiques;Opérationnel;Désorganisation de la coordination multi-acteurs (secours, autorités, partenaires);Désorganisation de la coordination multi-acteurs (secours, autorités, partenaires) — Dans le contexte « Pénurie pièces » (Pénurie). Manque pièces critiques. Points sensibles : maintenance, immobilisation.;Exemple : Pénurie pièces → désorganisation de la coordination multi-acteurs (secours, autorités, partenaires) (ex. décisions immédiates, coordination, reprise).;Arrêt/retards, mode dégradé, impacts usagers/clients.;PCA/PRA, procédures mode dégradé, exercices réguliers, annuaire crise.;Arrêt sécurisé, priorisation activités, cellule terrain, points de situation.;Moyenne;Élevée;Moyenne;maintenance, immobilisation
795;Pénurie;Pénurie pièces;Manque pièces critiques;Industriel / technique;Destruction d’ouvrages ou d’équipements critiques;Destruction d’ouvrages ou d’équipements critiques — Dans le contexte « Pénurie pièces » (Pénurie). Manque pièces critiques. Points sensibles : maintenance, immobilisation.;Exemple : Pénurie pièces → destruction d’ouvrages ou d’équipements critiques (ex. décisions immédiates, coordination, reprise).;Dommages matériels, risques de sur-accident, indisponibilité d’équipements.;Maintenance préventive, inspections, redondances techniques, permis de travail.;Mise en sécurité, réparations, expertises, reprise sous conditions.;Moyenne;Élevée;Moyenne;maintenance, immobilisation
796;Pénurie;Pénurie pièces;Manque pièces critiques;Industriel / technique;Déclenchement de sécurités et arrêt automatique des systèmes;Déclenchement de sécurités et arrêt automatique des systèmes — Dans le contexte « Pénurie pièces » (Pénurie). Manque pièces critiques. Points sensibles : maintenance, immobilisation.;Exemple : Pénurie pièces → déclenchement de sécurités et arrêt automatique des systèmes (ex. décisions immédiates, coordination, reprise).;Dommages matériels, risques de sur-accident, indisponibilité d’équipements.;Maintenance préventive, inspections, redondances techniques, permis de travail.;Mise en sécurité, réparations, expertises, reprise sous conditions.;Moyenne;Élevée;Moyenne;maintenance, immobilisation
797;Pénurie;Pénurie pièces;Manque pièces critiques;Ressources humaines;Traumatisme des équipes et stress post-évènement (RPS);Traumatisme des équipes et stress post-évènement (RPS) — Dans le contexte « Pénurie pièces » (Pénurie). Manque pièces critiques. Points sensibles : maintenance, immobilisation.;Exemple : Pénurie pièces → traumatisme des équipes et stress post-évènement (rps) (ex. décisions immédiates, coordination, reprise).;Choc, fatigue, absentéisme, tensions sociales.;Prévention RPS, formation managers, rotations astreinte, culture Stop Work.;Soutien psychologique, communication interne, renforts, repos imposé.;Moyenne;Élevée;Moyenne;maintenance, immobilisation
798;Pénurie;Pénurie pièces;Manque pièces critiques;Ressources humaines;Exposition à des risques physiques (chaleur, fumées, toxiques);Exposition à des risques physiques (chaleur, fumées, toxiques) — Dans le contexte « Pénurie pièces » (Pénurie). Manque pièces critiques. Points sensibles : maintenance, immobilisation.;Exemple : Pénurie pièces → exposition à des risques physiques (chaleur, fumées, toxiques) (ex. décisions immédiates, coordination, reprise).;Choc, fatigue, absentéisme, tensions sociales.;Prévention RPS, formation managers, rotations astreinte, culture Stop Work.;Soutien psychologique, communication interne, renforts, repos imposé.;Moyenne;Élevée;Moyenne;maintenance, immobilisation
799;Pénurie;Pénurie pièces;Manque pièces critiques;Juridique / conformité;Mise en cause pénale (accident grave, mise en danger, pollution);Mise en cause pénale (accident grave, mise en danger, pollution) — Dans le contexte « Pénurie pièces » (Pénurie). Manque pièces critiques. Points sensibles : maintenance, immobilisation.;Exemple : Pénurie pièces → mise en cause pénale (accident grave, mise en danger, pollution) (ex. décisions immédiates, coordination, reprise).;Enquêtes, obligations, contentieux, sanctions.;Veille réglementaire, audits, plans de prévention, conservation des preuves.;Déclarations, interface autorités, stratégie contentieuse, documentation.;Moyenne;Critique;Élevée;maintenance, immobilisation
800;Pénurie;Pénurie pièces;Manque pièces critiques;Juridique / conformité;Contentieux contractuels (pénalités, retards, responsabilités);Contentieux contractuels (pénalités, retards, responsabilités) — Dans le contexte « Pénurie pièces » (Pénurie). Manque pièces critiques. Points sensibles : maintenance, immobilisation.;Exemple : Pénurie pièces → contentieux contractuels (pénalités, retards, responsabilités) (ex. décisions immédiates, coordination, reprise).;Enquêtes, obligations, contentieux, sanctions.;Veille réglementaire, audits, plans de prévention, conservation des preuves.;Déclarations, interface autorités, stratégie contentieuse, documentation.;Moyenne;Critique;Élevée;maintenance, immobilisation
801;Pénurie;Pénurie pièces;Manque pièces critiques;Financier;Coûts de réparation et de remise en état (ouvrages, équipements);Coûts de réparation et de remise en état (ouvrages, équipements) — Dans le contexte « Pénurie pièces » (Pénurie). Manque pièces critiques. Points sensibles : maintenance, immobilisation.;Exemple : Pénurie pièces → coûts de réparation et de remise en état (ouvrages, équipements) (ex. décisions immédiates, coordination, reprise).;Pertes d’exploitation, coûts de remise en état, hausse primes/franchises.;Assurances adaptées, budgets d’urgence, suivi trésorerie, clauses contractuelles.;Activation fonds d’urgence, suivi coûts, déclaration assureur, mitigation pénalités.;Moyenne;Élevée;Moyenne;maintenance, immobilisation
802;Pénurie;Pénurie pièces;Manque pièces critiques;Financier;Hausse des primes, franchises et difficultés d’assurabilité;Hausse des primes, franchises et difficultés d’assurabilité — Dans le contexte « Pénurie pièces » (Pénurie). Manque pièces critiques. Points sensibles : maintenance, immobilisation.;Exemple : Pénurie pièces → hausse des primes, franchises et difficultés d’assurabilité (ex. décisions immédiates, coordination, reprise).;Pertes d’exploitation, coûts de remise en état, hausse primes/franchises.;Assurances adaptées, budgets d’urgence, suivi trésorerie, clauses contractuelles.;Activation fonds d’urgence, suivi coûts, déclaration assureur, mitigation pénalités.;Moyenne;Élevée;Moyenne;maintenance, immobilisation
803;Pénurie;Pénurie pièces;Manque pièces critiques;Image / réputation;Médiatisation nationale / locale et perte de confiance;Médiatisation nationale / locale et perte de confiance — Dans le contexte « Pénurie pièces » (Pénurie). Manque pièces critiques. Points sensibles : maintenance, immobilisation.;Exemple : Pénurie pièces → médiatisation nationale / locale et perte de confiance (ex. décisions immédiates, coordination, reprise).;Perte de confiance, pression médiatique, rumeurs.;Veille médias, porte-parole, éléments de langage, charte RS.;Communication factuelle/empathetic, lutte rumeurs, coordination autorités.;Moyenne;Élevée;Moyenne;maintenance, immobilisation
804;Pénurie;Pénurie pièces;Manque pièces critiques;Image / réputation;Perception d’impréparation ou de manque de transparence;Perception d’impréparation ou de manque de transparence — Dans le contexte « Pénurie pièces » (Pénurie). Manque pièces critiques. Points sensibles : maintenance, immobilisation.;Exemple : Pénurie pièces → perception d’impréparation ou de manque de transparence (ex. décisions immédiates, coordination, reprise).;Perte de confiance, pression médiatique, rumeurs.;Veille médias, porte-parole, éléments de langage, charte RS.;Communication factuelle/empathetic, lutte rumeurs, coordination autorités.;Moyenne;Élevée;Moyenne;maintenance, immobilisation
805;Pénurie;Pénurie pièces;Manque pièces critiques;Géopolitique / institutionnel;Intervention de l’État / autorités (préfecture, inspection, régulateur);Intervention de l’État / autorités (préfecture, inspection, régulateur) — Dans le contexte « Pénurie pièces » (Pénurie). Manque pièces critiques. Points sensibles : maintenance, immobilisation.;Exemple : Pénurie pièces → intervention de l’état / autorités (préfecture, inspection, régulateur) (ex. décisions immédiates, coordination, reprise).;Injonctions, contrôles, arbitrages publics, priorisation ressources.;Veille institutionnelle, carto parties prenantes, protocoles autorités.;Coordination préf/mairie/régulateurs, demandes de moyens publics.;Moyenne;Élevée;Moyenne;maintenance, immobilisation
806;Pénurie;Pénurie pièces;Manque pièces critiques;Géopolitique / institutionnel;Priorisation nationale des ressources (énergie, santé, sécurité);Priorisation nationale des ressources (énergie, santé, sécurité) — Dans le contexte « Pénurie pièces » (Pénurie). Manque pièces critiques. Points sensibles : maintenance, immobilisation.;Exemple : Pénurie pièces → priorisation nationale des ressources (énergie, santé, sécurité) (ex. décisions immédiates, coordination, reprise).;Injonctions, contrôles, arbitrages publics, priorisation ressources.;Veille institutionnelle, carto parties prenantes, protocoles autorités.;Coordination préf/mairie/régulateurs, demandes de moyens publics.;Moyenne;Élevée;Moyenne;maintenance, immobilisation
807;Pénurie;Pénurie pièces;Manque pièces critiques;Informatique / numérique;Perte du SI local (supervision, communications, annuaire, outils métier);Perte du SI local (supervision, communications, annuaire, outils métier) — Dans le contexte « Pénurie pièces » (Pénurie). Manque pièces critiques. Points sensibles : maintenance, immobilisation.;Exemple : Pénurie pièces → perte du si local (supervision, communications, annuaire, outils métier) (ex. décisions immédiates, coordination, reprise).;Perte outils, rupture communications, fuite info.;Segmentation, sauvegardes, redondance télécom, procédures hors-ligne.;Mode dégradé, restauration, canaux alternatifs, contrôle intégrité.;Moyenne;Élevée;Moyenne;maintenance, immobilisation
808;Pénurie;Pénurie pièces;Manque pièces critiques;Informatique / numérique;Cyberattaque opportuniste pendant la crise (phishing, ransom, DDoS);Cyberattaque opportuniste pendant la crise (phishing, ransom, DDoS) — Dans le contexte « Pénurie pièces » (Pénurie). Manque pièces critiques. Points sensibles : maintenance, immobilisation.;Exemple : Pénurie pièces → cyberattaque opportuniste pendant la crise (phishing, ransom, ddos) (ex. décisions immédiates, coordination, reprise).;Perte outils, rupture communications, fuite info.;Segmentation, sauvegardes, redondance télécom, procédures hors-ligne.;Mode dégradé, restauration, canaux alternatifs, contrôle intégrité.;Moyenne;Élevée;Moyenne;maintenance, immobilisation
809;Pénurie;Pénurie pièces;Manque pièces critiques;Défaillance / résilience;Effet domino multi-réseaux (énergie + télécom + eau);Effet domino multi-réseaux (énergie + télécom + eau) — Dans le contexte « Pénurie pièces » (Pénurie). Manque pièces critiques. Points sensibles : maintenance, immobilisation.;Exemple : Pénurie pièces → effet domino multi-réseaux (énergie + télécom + eau) (ex. décisions immédiates, coordination, reprise).;Domino multi-systèmes, crise prolongée, défaillance gouvernance.;Tests de résilience, exercices multi-crises, cartographie dépendances.;Limiter le domino, renforcer gouvernance, cellules spécialisées, REX.;Moyenne;Élevée;Moyenne;maintenance, immobilisation
810;Pénurie;Pénurie pièces;Manque pièces critiques;Défaillance / résilience;Défaillance d’un acteur clé (prestataire, fournisseur, opérateur);Défaillance d’un acteur clé (prestataire, fournisseur, opérateur) — Dans le contexte « Pénurie pièces » (Pénurie). Manque pièces critiques. Points sensibles : maintenance, immobilisation.;Exemple : Pénurie pièces → défaillance d’un acteur clé (prestataire, fournisseur, opérateur) (ex. décisions immédiates, coordination, reprise).;Domino multi-systèmes, crise prolongée, défaillance gouvernance.;Tests de résilience, exercices multi-crises, cartographie dépendances.;Limiter le domino, renforcer gouvernance, cellules spécialisées, REX.;Moyenne;Élevée;Moyenne;maintenance, immobilisation
811;Pénurie;Pénurie main-d’œuvre;Difficultés recrutement/astreinte;Opérationnel;Arrêt immédiat des activités et sécurisation du périmètre;Arrêt immédiat des activités et sécurisation du périmètre — Dans le contexte « Pénurie main-d’œuvre » (Pénurie). Difficultés recrutement/astreinte. Points sensibles : continuité, fatigue.;Exemple : Pénurie main-d’œuvre → arrêt immédiat des activités et sécurisation du périmètre (ex. décisions immédiates, coordination, reprise).;Arrêt/retards, mode dégradé, impacts usagers/clients.;PCA/PRA, procédures mode dégradé, exercices réguliers, annuaire crise.;Arrêt sécurisé, priorisation activités, cellule terrain, points de situation.;Moyenne;Élevée;Moyenne;continuité, fatigue
812;Pénurie;Pénurie main-d’œuvre;Difficultés recrutement/astreinte;Opérationnel;Désorganisation de la coordination multi-acteurs (secours, autorités, partenaires);Désorganisation de la coordination multi-acteurs (secours, autorités, partenaires) — Dans le contexte « Pénurie main-d’œuvre » (Pénurie). Difficultés recrutement/astreinte. Points sensibles : continuité, fatigue.;Exemple : Pénurie main-d’œuvre → désorganisation de la coordination multi-acteurs (secours, autorités, partenaires) (ex. décisions immédiates, coordination, reprise).;Arrêt/retards, mode dégradé, impacts usagers/clients.;PCA/PRA, procédures mode dégradé, exercices réguliers, annuaire crise.;Arrêt sécurisé, priorisation activités, cellule terrain, points de situation.;Moyenne;Élevée;Moyenne;continuité, fatigue
813;Pénurie;Pénurie main-d’œuvre;Difficultés recrutement/astreinte;Industriel / technique;Destruction d’ouvrages ou d’équipements critiques;Destruction d’ouvrages ou d’équipements critiques — Dans le contexte « Pénurie main-d’œuvre » (Pénurie). Difficultés recrutement/astreinte. Points sensibles : continuité, fatigue.;Exemple : Pénurie main-d’œuvre → destruction d’ouvrages ou d’équipements critiques (ex. décisions immédiates, coordination, reprise).;Dommages matériels, risques de sur-accident, indisponibilité d’équipements.;Maintenance préventive, inspections, redondances techniques, permis de travail.;Mise en sécurité, réparations, expertises, reprise sous conditions.;Moyenne;Élevée;Moyenne;continuité, fatigue
814;Pénurie;Pénurie main-d’œuvre;Difficultés recrutement/astreinte;Industriel / technique;Déclenchement de sécurités et arrêt automatique des systèmes;Déclenchement de sécurités et arrêt automatique des systèmes — Dans le contexte « Pénurie main-d’œuvre » (Pénurie). Difficultés recrutement/astreinte. Points sensibles : continuité, fatigue.;Exemple : Pénurie main-d’œuvre → déclenchement de sécurités et arrêt automatique des systèmes (ex. décisions immédiates, coordination, reprise).;Dommages matériels, risques de sur-accident, indisponibilité d’équipements.;Maintenance préventive, inspections, redondances techniques, permis de travail.;Mise en sécurité, réparations, expertises, reprise sous conditions.;Moyenne;Élevée;Moyenne;continuité, fatigue
815;Pénurie;Pénurie main-d’œuvre;Difficultés recrutement/astreinte;Ressources humaines;Traumatisme des équipes et stress post-évènement (RPS);Traumatisme des équipes et stress post-évènement (RPS) — Dans le contexte « Pénurie main-d’œuvre » (Pénurie). Difficultés recrutement/astreinte. Points sensibles : continuité, fatigue.;Exemple : Pénurie main-d’œuvre → traumatisme des équipes et stress post-évènement (rps) (ex. décisions immédiates, coordination, reprise).;Choc, fatigue, absentéisme, tensions sociales.;Prévention RPS, formation managers, rotations astreinte, culture Stop Work.;Soutien psychologique, communication interne, renforts, repos imposé.;Moyenne;Élevée;Moyenne;continuité, fatigue
816;Pénurie;Pénurie main-d’œuvre;Difficultés recrutement/astreinte;Ressources humaines;Exposition à des risques physiques (chaleur, fumées, toxiques);Exposition à des risques physiques (chaleur, fumées, toxiques) — Dans le contexte « Pénurie main-d’œuvre » (Pénurie). Difficultés recrutement/astreinte. Points sensibles : continuité, fatigue.;Exemple : Pénurie main-d’œuvre → exposition à des risques physiques (chaleur, fumées, toxiques) (ex. décisions immédiates, coordination, reprise).;Choc, fatigue, absentéisme, tensions sociales.;Prévention RPS, formation managers, rotations astreinte, culture Stop Work.;Soutien psychologique, communication interne, renforts, repos imposé.;Moyenne;Élevée;Moyenne;continuité, fatigue
817;Pénurie;Pénurie main-d’œuvre;Difficultés recrutement/astreinte;Juridique / conformité;Mise en cause pénale (accident grave, mise en danger, pollution);Mise en cause pénale (accident grave, mise en danger, pollution) — Dans le contexte « Pénurie main-d’œuvre » (Pénurie). Difficultés recrutement/astreinte. Points sensibles : continuité, fatigue.;Exemple : Pénurie main-d’œuvre → mise en cause pénale (accident grave, mise en danger, pollution) (ex. décisions immédiates, coordination, reprise).;Enquêtes, obligations, contentieux, sanctions.;Veille réglementaire, audits, plans de prévention, conservation des preuves.;Déclarations, interface autorités, stratégie contentieuse, documentation.;Moyenne;Critique;Élevée;continuité, fatigue
818;Pénurie;Pénurie main-d’œuvre;Difficultés recrutement/astreinte;Juridique / conformité;Contentieux contractuels (pénalités, retards, responsabilités);Contentieux contractuels (pénalités, retards, responsabilités) — Dans le contexte « Pénurie main-d’œuvre » (Pénurie). Difficultés recrutement/astreinte. Points sensibles : continuité, fatigue.;Exemple : Pénurie main-d’œuvre → contentieux contractuels (pénalités, retards, responsabilités) (ex. décisions immédiates, coordination, reprise).;Enquêtes, obligations, contentieux, sanctions.;Veille réglementaire, audits, plans de prévention, conservation des preuves.;Déclarations, interface autorités, stratégie contentieuse, documentation.;Moyenne;Critique;Élevée;continuité, fatigue
819;Pénurie;Pénurie main-d’œuvre;Difficultés recrutement/astreinte;Financier;Coûts de réparation et de remise en état (ouvrages, équipements);Coûts de réparation et de remise en état (ouvrages, équipements) — Dans le contexte « Pénurie main-d’œuvre » (Pénurie). Difficultés recrutement/astreinte. Points sensibles : continuité, fatigue.;Exemple : Pénurie main-d’œuvre → coûts de réparation et de remise en état (ouvrages, équipements) (ex. décisions immédiates, coordination, reprise).;Pertes d’exploitation, coûts de remise en état, hausse primes/franchises.;Assurances adaptées, budgets d’urgence, suivi trésorerie, clauses contractuelles.;Activation fonds d’urgence, suivi coûts, déclaration assureur, mitigation pénalités.;Moyenne;Élevée;Moyenne;continuité, fatigue
820;Pénurie;Pénurie main-d’œuvre;Difficultés recrutement/astreinte;Financier;Hausse des primes, franchises et difficultés d’assurabilité;Hausse des primes, franchises et difficultés d’assurabilité — Dans le contexte « Pénurie main-d’œuvre » (Pénurie). Difficultés recrutement/astreinte. Points sensibles : continuité, fatigue.;Exemple : Pénurie main-d’œuvre → hausse des primes, franchises et difficultés d’assurabilité (ex. décisions immédiates, coordination, reprise).;Pertes d’exploitation, coûts de remise en état, hausse primes/franchises.;Assurances adaptées, budgets d’urgence, suivi trésorerie, clauses contractuelles.;Activation fonds d’urgence, suivi coûts, déclaration assureur, mitigation pénalités.;Moyenne;Élevée;Moyenne;continuité, fatigue
821;Pénurie;Pénurie main-d’œuvre;Difficultés recrutement/astreinte;Image / réputation;Médiatisation nationale / locale et perte de confiance;Médiatisation nationale / locale et perte de confiance — Dans le contexte « Pénurie main-d’œuvre » (Pénurie). Difficultés recrutement/astreinte. Points sensibles : continuité, fatigue.;Exemple : Pénurie main-d’œuvre → médiatisation nationale / locale et perte de confiance (ex. décisions immédiates, coordination, reprise).;Perte de confiance, pression médiatique, rumeurs.;Veille médias, porte-parole, éléments de langage, charte RS.;Communication factuelle/empathetic, lutte rumeurs, coordination autorités.;Moyenne;Élevée;Moyenne;continuité, fatigue
822;Pénurie;Pénurie main-d’œuvre;Difficultés recrutement/astreinte;Image / réputation;Perception d’impréparation ou de manque de transparence;Perception d’impréparation ou de manque de transparence — Dans le contexte « Pénurie main-d’œuvre » (Pénurie). Difficultés recrutement/astreinte. Points sensibles : continuité, fatigue.;Exemple : Pénurie main-d’œuvre → perception d’impréparation ou de manque de transparence (ex. décisions immédiates, coordination, reprise).;Perte de confiance, pression médiatique, rumeurs.;Veille médias, porte-parole, éléments de langage, charte RS.;Communication factuelle/empathetic, lutte rumeurs, coordination autorités.;Moyenne;Élevée;Moyenne;continuité, fatigue
823;Pénurie;Pénurie main-d’œuvre;Difficultés recrutement/astreinte;Géopolitique / institutionnel;Intervention de l’État / autorités (préfecture, inspection, régulateur);Intervention de l’État / autorités (préfecture, inspection, régulateur) — Dans le contexte « Pénurie main-d’œuvre » (Pénurie). Difficultés recrutement/astreinte. Points sensibles : continuité, fatigue.;Exemple : Pénurie main-d’œuvre → intervention de l’état / autorités (préfecture, inspection, régulateur) (ex. décisions immédiates, coordination, reprise).;Injonctions, contrôles, arbitrages publics, priorisation ressources.;Veille institutionnelle, carto parties prenantes, protocoles autorités.;Coordination préf/mairie/régulateurs, demandes de moyens publics.;Moyenne;Élevée;Moyenne;continuité, fatigue
824;Pénurie;Pénurie main-d’œuvre;Difficultés recrutement/astreinte;Géopolitique / institutionnel;Priorisation nationale des ressources (énergie, santé, sécurité);Priorisation nationale des ressources (énergie, santé, sécurité) — Dans le contexte « Pénurie main-d’œuvre » (Pénurie). Difficultés recrutement/astreinte. Points sensibles : continuité, fatigue.;Exemple : Pénurie main-d’œuvre → priorisation nationale des ressources (énergie, santé, sécurité) (ex. décisions immédiates, coordination, reprise).;Injonctions, contrôles, arbitrages publics, priorisation ressources.;Veille institutionnelle, carto parties prenantes, protocoles autorités.;Coordination préf/mairie/régulateurs, demandes de moyens publics.;Moyenne;Élevée;Moyenne;continuité, fatigue
825;Pénurie;Pénurie main-d’œuvre;Difficultés recrutement/astreinte;Informatique / numérique;Perte du SI local (supervision, communications, annuaire, outils métier);Perte du SI local (supervision, communications, annuaire, outils métier) — Dans le contexte « Pénurie main-d’œuvre » (Pénurie). Difficultés recrutement/astreinte. Points sensibles : continuité, fatigue.;Exemple : Pénurie main-d’œuvre → perte du si local (supervision, communications, annuaire, outils métier) (ex. décisions immédiates, coordination, reprise).;Perte outils, rupture communications, fuite info.;Segmentation, sauvegardes, redondance télécom, procédures hors-ligne.;Mode dégradé, restauration, canaux alternatifs, contrôle intégrité.;Moyenne;Élevée;Moyenne;continuité, fatigue
826;Pénurie;Pénurie main-d’œuvre;Difficultés recrutement/astreinte;Informatique / numérique;Cyberattaque opportuniste pendant la crise (phishing, ransom, DDoS);Cyberattaque opportuniste pendant la crise (phishing, ransom, DDoS) — Dans le contexte « Pénurie main-d’œuvre » (Pénurie). Difficultés recrutement/astreinte. Points sensibles : continuité, fatigue.;Exemple : Pénurie main-d’œuvre → cyberattaque opportuniste pendant la crise (phishing, ransom, ddos) (ex. décisions immédiates, coordination, reprise).;Perte outils, rupture communications, fuite info.;Segmentation, sauvegardes, redondance télécom, procédures hors-ligne.;Mode dégradé, restauration, canaux alternatifs, contrôle intégrité.;Moyenne;Élevée;Moyenne;continuité, fatigue
827;Pénurie;Pénurie main-d’œuvre;Difficultés recrutement/astreinte;Défaillance / résilience;Effet domino multi-réseaux (énergie + télécom + eau);Effet domino multi-réseaux (énergie + télécom + eau) — Dans le contexte « Pénurie main-d’œuvre » (Pénurie). Difficultés recrutement/astreinte. Points sensibles : continuité, fatigue.;Exemple : Pénurie main-d’œuvre → effet domino multi-réseaux (énergie + télécom + eau) (ex. décisions immédiates, coordination, reprise).;Domino multi-systèmes, crise prolongée, défaillance gouvernance.;Tests de résilience, exercices multi-crises, cartographie dépendances.;Limiter le domino, renforcer gouvernance, cellules spécialisées, REX.;Moyenne;Élevée;Moyenne;continuité, fatigue
828;Pénurie;Pénurie main-d’œuvre;Difficultés recrutement/astreinte;Défaillance / résilience;Défaillance d’un acteur clé (prestataire, fournisseur, opérateur);Défaillance d’un acteur clé (prestataire, fournisseur, opérateur) — Dans le contexte « Pénurie main-d’œuvre » (Pénurie). Difficultés recrutement/astreinte. Points sensibles : continuité, fatigue.;Exemple : Pénurie main-d’œuvre → défaillance d’un acteur clé (prestataire, fournisseur, opérateur) (ex. décisions immédiates, coordination, reprise).;Domino multi-systèmes, crise prolongée, défaillance gouvernance.;Tests de résilience, exercices multi-crises, cartographie dépendances.;Limiter le domino, renforcer gouvernance, cellules spécialisées, REX.;Moyenne;Élevée;Moyenne;continuité, fatigue
829;Pénurie;Pénurie numérique;Indispo services cloud/telecom;Opérationnel;Arrêt immédiat des activités et sécurisation du périmètre;Arrêt immédiat des activités et sécurisation du périmètre — Dans le contexte « Pénurie numérique » (Pénurie). Indispo services cloud/telecom. Points sensibles : coordination, données.;Exemple : Pénurie numérique → arrêt immédiat des activités et sécurisation du périmètre (ex. décisions immédiates, coordination, reprise).;Arrêt/retards, mode dégradé, impacts usagers/clients.;PCA/PRA, procédures mode dégradé, exercices réguliers, annuaire crise.;Arrêt sécurisé, priorisation activités, cellule terrain, points de situation.;Moyenne;Élevée;Moyenne;coordination, données
830;Pénurie;Pénurie numérique;Indispo services cloud/telecom;Opérationnel;Désorganisation de la coordination multi-acteurs (secours, autorités, partenaires);Désorganisation de la coordination multi-acteurs (secours, autorités, partenaires) — Dans le contexte « Pénurie numérique » (Pénurie). Indispo services cloud/telecom. Points sensibles : coordination, données.;Exemple : Pénurie numérique → désorganisation de la coordination multi-acteurs (secours, autorités, partenaires) (ex. décisions immédiates, coordination, reprise).;Arrêt/retards, mode dégradé, impacts usagers/clients.;PCA/PRA, procédures mode dégradé, exercices réguliers, annuaire crise.;Arrêt sécurisé, priorisation activités, cellule terrain, points de situation.;Moyenne;Élevée;Moyenne;coordination, données
831;Pénurie;Pénurie numérique;Indispo services cloud/telecom;Industriel / technique;Destruction d’ouvrages ou d’équipements critiques;Destruction d’ouvrages ou d’équipements critiques — Dans le contexte « Pénurie numérique » (Pénurie). Indispo services cloud/telecom. Points sensibles : coordination, données.;Exemple : Pénurie numérique → destruction d’ouvrages ou d’équipements critiques (ex. décisions immédiates, coordination, reprise).;Dommages matériels, risques de sur-accident, indisponibilité d’équipements.;Maintenance préventive, inspections, redondances techniques, permis de travail.;Mise en sécurité, réparations, expertises, reprise sous conditions.;Moyenne;Élevée;Moyenne;coordination, données
832;Pénurie;Pénurie numérique;Indispo services cloud/telecom;Industriel / technique;Déclenchement de sécurités et arrêt automatique des systèmes;Déclenchement de sécurités et arrêt automatique des systèmes — Dans le contexte « Pénurie numérique » (Pénurie). Indispo services cloud/telecom. Points sensibles : coordination, données.;Exemple : Pénurie numérique → déclenchement de sécurités et arrêt automatique des systèmes (ex. décisions immédiates, coordination, reprise).;Dommages matériels, risques de sur-accident, indisponibilité d’équipements.;Maintenance préventive, inspections, redondances techniques, permis de travail.;Mise en sécurité, réparations, expertises, reprise sous conditions.;Moyenne;Élevée;Moyenne;coordination, données
833;Pénurie;Pénurie numérique;Indispo services cloud/telecom;Ressources humaines;Traumatisme des équipes et stress post-évènement (RPS);Traumatisme des équipes et stress post-évènement (RPS) — Dans le contexte « Pénurie numérique » (Pénurie). Indispo services cloud/telecom. Points sensibles : coordination, données.;Exemple : Pénurie numérique → traumatisme des équipes et stress post-évènement (rps) (ex. décisions immédiates, coordination, reprise).;Choc, fatigue, absentéisme, tensions sociales.;Prévention RPS, formation managers, rotations astreinte, culture Stop Work.;Soutien psychologique, communication interne, renforts, repos imposé.;Moyenne;Élevée;Moyenne;coordination, données
834;Pénurie;Pénurie numérique;Indispo services cloud/telecom;Ressources humaines;Exposition à des risques physiques (chaleur, fumées, toxiques);Exposition à des risques physiques (chaleur, fumées, toxiques) — Dans le contexte « Pénurie numérique » (Pénurie). Indispo services cloud/telecom. Points sensibles : coordination, données.;Exemple : Pénurie numérique → exposition à des risques physiques (chaleur, fumées, toxiques) (ex. décisions immédiates, coordination, reprise).;Choc, fatigue, absentéisme, tensions sociales.;Prévention RPS, formation managers, rotations astreinte, culture Stop Work.;Soutien psychologique, communication interne, renforts, repos imposé.;Moyenne;Élevée;Moyenne;coordination, données
835;Pénurie;Pénurie numérique;Indispo services cloud/telecom;Juridique / conformité;Mise en cause pénale (accident grave, mise en danger, pollution);Mise en cause pénale (accident grave, mise en danger, pollution) — Dans le contexte « Pénurie numérique » (Pénurie). Indispo services cloud/telecom. Points sensibles : coordination, données.;Exemple : Pénurie numérique → mise en cause pénale (accident grave, mise en danger, pollution) (ex. décisions immédiates, coordination, reprise).;Enquêtes, obligations, contentieux, sanctions.;Veille réglementaire, audits, plans de prévention, conservation des preuves.;Déclarations, interface autorités, stratégie contentieuse, documentation.;Moyenne;Critique;Élevée;coordination, données
836;Pénurie;Pénurie numérique;Indispo services cloud/telecom;Juridique / conformité;Contentieux contractuels (pénalités, retards, responsabilités);Contentieux contractuels (pénalités, retards, responsabilités) — Dans le contexte « Pénurie numérique » (Pénurie). Indispo services cloud/telecom. Points sensibles : coordination, données.;Exemple : Pénurie numérique → contentieux contractuels (pénalités, retards, responsabilités) (ex. décisions immédiates, coordination, reprise).;Enquêtes, obligations, contentieux, sanctions.;Veille réglementaire, audits, plans de prévention, conservation des preuves.;Déclarations, interface autorités, stratégie contentieuse, documentation.;Moyenne;Critique;Élevée;coordination, données
837;Pénurie;Pénurie numérique;Indispo services cloud/telecom;Financier;Coûts de réparation et de remise en état (ouvrages, équipements);Coûts de réparation et de remise en état (ouvrages, équipements) — Dans le contexte « Pénurie numérique » (Pénurie). Indispo services cloud/telecom. Points sensibles : coordination, données.;Exemple : Pénurie numérique → coûts de réparation et de remise en état (ouvrages, équipements) (ex. décisions immédiates, coordination, reprise).;Pertes d’exploitation, coûts de remise en état, hausse primes/franchises.;Assurances adaptées, budgets d’urgence, suivi trésorerie, clauses contractuelles.;Activation fonds d’urgence, suivi coûts, déclaration assureur, mitigation pénalités.;Moyenne;Élevée;Moyenne;coordination, données
838;Pénurie;Pénurie numérique;Indispo services cloud/telecom;Financier;Hausse des primes, franchises et difficultés d’assurabilité;Hausse des primes, franchises et difficultés d’assurabilité — Dans le contexte « Pénurie numérique » (Pénurie). Indispo services cloud/telecom. Points sensibles : coordination, données.;Exemple : Pénurie numérique → hausse des primes, franchises et difficultés d’assurabilité (ex. décisions immédiates, coordination, reprise).;Pertes d’exploitation, coûts de remise en état, hausse primes/franchises.;Assurances adaptées, budgets d’urgence, suivi trésorerie, clauses contractuelles.;Activation fonds d’urgence, suivi coûts, déclaration assureur, mitigation pénalités.;Moyenne;Élevée;Moyenne;coordination, données
839;Pénurie;Pénurie numérique;Indispo services cloud/telecom;Image / réputation;Médiatisation nationale / locale et perte de confiance;Médiatisation nationale / locale et perte de confiance — Dans le contexte « Pénurie numérique » (Pénurie). Indispo services cloud/telecom. Points sensibles : coordination, données.;Exemple : Pénurie numérique → médiatisation nationale / locale et perte de confiance (ex. décisions immédiates, coordination, reprise).;Perte de confiance, pression médiatique, rumeurs.;Veille médias, porte-parole, éléments de langage, charte RS.;Communication factuelle/empathetic, lutte rumeurs, coordination autorités.;Moyenne;Élevée;Moyenne;coordination, données
840;Pénurie;Pénurie numérique;Indispo services cloud/telecom;Image / réputation;Perception d’impréparation ou de manque de transparence;Perception d’impréparation ou de manque de transparence — Dans le contexte « Pénurie numérique » (Pénurie). Indispo services cloud/telecom. Points sensibles : coordination, données.;Exemple : Pénurie numérique → perception d’impréparation ou de manque de transparence (ex. décisions immédiates, coordination, reprise).;Perte de confiance, pression médiatique, rumeurs.;Veille médias, porte-parole, éléments de langage, charte RS.;Communication factuelle/empathetic, lutte rumeurs, coordination autorités.;Moyenne;Élevée;Moyenne;coordination, données
841;Pénurie;Pénurie numérique;Indispo services cloud/telecom;Géopolitique / institutionnel;Intervention de l’État / autorités (préfecture, inspection, régulateur);Intervention de l’État / autorités (préfecture, inspection, régulateur) — Dans le contexte « Pénurie numérique » (Pénurie). Indispo services cloud/telecom. Points sensibles : coordination, données.;Exemple : Pénurie numérique → intervention de l’état / autorités (préfecture, inspection, régulateur) (ex. décisions immédiates, coordination, reprise).;Injonctions, contrôles, arbitrages publics, priorisation ressources.;Veille institutionnelle, carto parties prenantes, protocoles autorités.;Coordination préf/mairie/régulateurs, demandes de moyens publics.;Moyenne;Élevée;Moyenne;coordination, données
842;Pénurie;Pénurie numérique;Indispo services cloud/telecom;Géopolitique / institutionnel;Priorisation nationale des ressources (énergie, santé, sécurité);Priorisation nationale des ressources (énergie, santé, sécurité) — Dans le contexte « Pénurie numérique » (Pénurie). Indispo services cloud/telecom. Points sensibles : coordination, données.;Exemple : Pénurie numérique → priorisation nationale des ressources (énergie, santé, sécurité) (ex. décisions immédiates, coordination, reprise).;Injonctions, contrôles, arbitrages publics, priorisation ressources.;Veille institutionnelle, carto parties prenantes, protocoles autorités.;Coordination préf/mairie/régulateurs, demandes de moyens publics.;Moyenne;Élevée;Moyenne;coordination, données
843;Pénurie;Pénurie numérique;Indispo services cloud/telecom;Informatique / numérique;Perte du SI local (supervision, communications, annuaire, outils métier);Perte du SI local (supervision, communications, annuaire, outils métier) — Dans le contexte « Pénurie numérique » (Pénurie). Indispo services cloud/telecom. Points sensibles : coordination, données.;Exemple : Pénurie numérique → perte du si local (supervision, communications, annuaire, outils métier) (ex. décisions immédiates, coordination, reprise).;Perte outils, rupture communications, fuite info.;Segmentation, sauvegardes, redondance télécom, procédures hors-ligne.;Mode dégradé, restauration, canaux alternatifs, contrôle intégrité.;Moyenne;Élevée;Moyenne;coordination, données
844;Pénurie;Pénurie numérique;Indispo services cloud/telecom;Informatique / numérique;Cyberattaque opportuniste pendant la crise (phishing, ransom, DDoS);Cyberattaque opportuniste pendant la crise (phishing, ransom, DDoS) — Dans le contexte « Pénurie numérique » (Pénurie). Indispo services cloud/telecom. Points sensibles : coordination, données.;Exemple : Pénurie numérique → cyberattaque opportuniste pendant la crise (phishing, ransom, ddos) (ex. décisions immédiates, coordination, reprise).;Perte outils, rupture communications, fuite info.;Segmentation, sauvegardes, redondance télécom, procédures hors-ligne.;Mode dégradé, restauration, canaux alternatifs, contrôle intégrité.;Moyenne;Élevée;Moyenne;coordination, données
845;Pénurie;Pénurie numérique;Indispo services cloud/telecom;Défaillance / résilience;Effet domino multi-réseaux (énergie + télécom + eau);Effet domino multi-réseaux (énergie + télécom + eau) — Dans le contexte « Pénurie numérique » (Pénurie). Indispo services cloud/telecom. Points sensibles : coordination, données.;Exemple : Pénurie numérique → effet domino multi-réseaux (énergie + télécom + eau) (ex. décisions immédiates, coordination, reprise).;Domino multi-systèmes, crise prolongée, défaillance gouvernance.;Tests de résilience, exercices multi-crises, cartographie dépendances.;Limiter le domino, renforcer gouvernance, cellules spécialisées, REX.;Moyenne;Élevée;Moyenne;coordination, données
846;Pénurie;Pénurie numérique;Indispo services cloud/telecom;Défaillance / résilience;Défaillance d’un acteur clé (prestataire, fournisseur, opérateur);Défaillance d’un acteur clé (prestataire, fournisseur, opérateur) — Dans le contexte « Pénurie numérique » (Pénurie). Indispo services cloud/telecom. Points sensibles : coordination, données.;Exemple : Pénurie numérique → défaillance d’un acteur clé (prestataire, fournisseur, opérateur) (ex. décisions immédiates, coordination, reprise).;Domino multi-systèmes, crise prolongée, défaillance gouvernance.;Tests de résilience, exercices multi-crises, cartographie dépendances.;Limiter le domino, renforcer gouvernance, cellules spécialisées, REX.;Moyenne;Élevée;Moyenne;coordination, données
847;Pénurie;Pénurie alimentaire;Restauration indisponible site;Opérationnel;Arrêt immédiat des activités et sécurisation du périmètre;Arrêt immédiat des activités et sécurisation du périmètre — Dans le contexte « Pénurie alimentaire » (Pénurie). Restauration indisponible site. Points sensibles : conditions travail, RH.;Exemple : Pénurie alimentaire → arrêt immédiat des activités et sécurisation du périmètre (ex. décisions immédiates, coordination, reprise).;Arrêt/retards, mode dégradé, impacts usagers/clients.;PCA/PRA, procédures mode dégradé, exercices réguliers, annuaire crise.;Arrêt sécurisé, priorisation activités, cellule terrain, points de situation.;Moyenne;Élevée;Moyenne;conditions travail, RH
848;Pénurie;Pénurie alimentaire;Restauration indisponible site;Opérationnel;Désorganisation de la coordination multi-acteurs (secours, autorités, partenaires);Désorganisation de la coordination multi-acteurs (secours, autorités, partenaires) — Dans le contexte « Pénurie alimentaire » (Pénurie). Restauration indisponible site. Points sensibles : conditions travail, RH.;Exemple : Pénurie alimentaire → désorganisation de la coordination multi-acteurs (secours, autorités, partenaires) (ex. décisions immédiates, coordination, reprise).;Arrêt/retards, mode dégradé, impacts usagers/clients.;PCA/PRA, procédures mode dégradé, exercices réguliers, annuaire crise.;Arrêt sécurisé, priorisation activités, cellule terrain, points de situation.;Moyenne;Élevée;Moyenne;conditions travail, RH
849;Pénurie;Pénurie alimentaire;Restauration indisponible site;Industriel / technique;Destruction d’ouvrages ou d’équipements critiques;Destruction d’ouvrages ou d’équipements critiques — Dans le contexte « Pénurie alimentaire » (Pénurie). Restauration indisponible site. Points sensibles : conditions travail, RH.;Exemple : Pénurie alimentaire → destruction d’ouvrages ou d’équipements critiques (ex. décisions immédiates, coordination, reprise).;Dommages matériels, risques de sur-accident, indisponibilité d’équipements.;Maintenance préventive, inspections, redondances techniques, permis de travail.;Mise en sécurité, réparations, expertises, reprise sous conditions.;Moyenne;Élevée;Moyenne;conditions travail, RH
850;Pénurie;Pénurie alimentaire;Restauration indisponible site;Industriel / technique;Déclenchement de sécurités et arrêt automatique des systèmes;Déclenchement de sécurités et arrêt automatique des systèmes — Dans le contexte « Pénurie alimentaire » (Pénurie). Restauration indisponible site. Points sensibles : conditions travail, RH.;Exemple : Pénurie alimentaire → déclenchement de sécurités et arrêt automatique des systèmes (ex. décisions immédiates, coordination, reprise).;Dommages matériels, risques de sur-accident, indisponibilité d’équipements.;Maintenance préventive, inspections, redondances techniques, permis de travail.;Mise en sécurité, réparations, expertises, reprise sous conditions.;Moyenne;Élevée;Moyenne;conditions travail, RH
851;Pénurie;Pénurie alimentaire;Restauration indisponible site;Ressources humaines;Traumatisme des équipes et stress post-évènement (RPS);Traumatisme des équipes et stress post-évènement (RPS) — Dans le contexte « Pénurie alimentaire » (Pénurie). Restauration indisponible site. Points sensibles : conditions travail, RH.;Exemple : Pénurie alimentaire → traumatisme des équipes et stress post-évènement (rps) (ex. décisions immédiates, coordination, reprise).;Choc, fatigue, absentéisme, tensions sociales.;Prévention RPS, formation managers, rotations astreinte, culture Stop Work.;Soutien psychologique, communication interne, renforts, repos imposé.;Moyenne;Élevée;Moyenne;conditions travail, RH
852;Pénurie;Pénurie alimentaire;Restauration indisponible site;Ressources humaines;Exposition à des risques physiques (chaleur, fumées, toxiques);Exposition à des risques physiques (chaleur, fumées, toxiques) — Dans le contexte « Pénurie alimentaire » (Pénurie). Restauration indisponible site. Points sensibles : conditions travail, RH.;Exemple : Pénurie alimentaire → exposition à des risques physiques (chaleur, fumées, toxiques) (ex. décisions immédiates, coordination, reprise).;Choc, fatigue, absentéisme, tensions sociales.;Prévention RPS, formation managers, rotations astreinte, culture Stop Work.;Soutien psychologique, communication interne, renforts, repos imposé.;Moyenne;Élevée;Moyenne;conditions travail, RH
853;Pénurie;Pénurie alimentaire;Restauration indisponible site;Juridique / conformité;Mise en cause pénale (accident grave, mise en danger, pollution);Mise en cause pénale (accident grave, mise en danger, pollution) — Dans le contexte « Pénurie alimentaire » (Pénurie). Restauration indisponible site. Points sensibles : conditions travail, RH.;Exemple : Pénurie alimentaire → mise en cause pénale (accident grave, mise en danger, pollution) (ex. décisions immédiates, coordination, reprise).;Enquêtes, obligations, contentieux, sanctions.;Veille réglementaire, audits, plans de prévention, conservation des preuves.;Déclarations, interface autorités, stratégie contentieuse, documentation.;Moyenne;Critique;Élevée;conditions travail, RH
854;Pénurie;Pénurie alimentaire;Restauration indisponible site;Juridique / conformité;Contentieux contractuels (pénalités, retards, responsabilités);Contentieux contractuels (pénalités, retards, responsabilités) — Dans le contexte « Pénurie alimentaire » (Pénurie). Restauration indisponible site. Points sensibles : conditions travail, RH.;Exemple : Pénurie alimentaire → contentieux contractuels (pénalités, retards, responsabilités) (ex. décisions immédiates, coordination, reprise).;Enquêtes, obligations, contentieux, sanctions.;Veille réglementaire, audits, plans de prévention, conservation des preuves.;Déclarations, interface autorités, stratégie contentieuse, documentation.;Moyenne;Critique;Élevée;conditions travail, RH
855;Pénurie;Pénurie alimentaire;Restauration indisponible site;Financier;Coûts de réparation et de remise en état (ouvrages, équipements);Coûts de réparation et de remise en état (ouvrages, équipements) — Dans le contexte « Pénurie alimentaire » (Pénurie). Restauration indisponible site. Points sensibles : conditions travail, RH.;Exemple : Pénurie alimentaire → coûts de réparation et de remise en état (ouvrages, équipements) (ex. décisions immédiates, coordination, reprise).;Pertes d’exploitation, coûts de remise en état, hausse primes/franchises.;Assurances adaptées, budgets d’urgence, suivi trésorerie, clauses contractuelles.;Activation fonds d’urgence, suivi coûts, déclaration assureur, mitigation pénalités.;Moyenne;Élevée;Moyenne;conditions travail, RH
856;Pénurie;Pénurie alimentaire;Restauration indisponible site;Financier;Hausse des primes, franchises et difficultés d’assurabilité;Hausse des primes, franchises et difficultés d’assurabilité — Dans le contexte « Pénurie alimentaire » (Pénurie). Restauration indisponible site. Points sensibles : conditions travail, RH.;Exemple : Pénurie alimentaire → hausse des primes, franchises et difficultés d’assurabilité (ex. décisions immédiates, coordination, reprise).;Pertes d’exploitation, coûts de remise en état, hausse primes/franchises.;Assurances adaptées, budgets d’urgence, suivi trésorerie, clauses contractuelles.;Activation fonds d’urgence, suivi coûts, déclaration assureur, mitigation pénalités.;Moyenne;Élevée;Moyenne;conditions travail, RH
857;Pénurie;Pénurie alimentaire;Restauration indisponible site;Image / réputation;Médiatisation nationale / locale et perte de confiance;Médiatisation nationale / locale et perte de confiance — Dans le contexte « Pénurie alimentaire » (Pénurie). Restauration indisponible site. Points sensibles : conditions travail, RH.;Exemple : Pénurie alimentaire → médiatisation nationale / locale et perte de confiance (ex. décisions immédiates, coordination, reprise).;Perte de confiance, pression médiatique, rumeurs.;Veille médias, porte-parole, éléments de langage, charte RS.;Communication factuelle/empathetic, lutte rumeurs, coordination autorités.;Moyenne;Élevée;Moyenne;conditions travail, RH
858;Pénurie;Pénurie alimentaire;Restauration indisponible site;Image / réputation;Perception d’impréparation ou de manque de transparence;Perception d’impréparation ou de manque de transparence — Dans le contexte « Pénurie alimentaire » (Pénurie). Restauration indisponible site. Points sensibles : conditions travail, RH.;Exemple : Pénurie alimentaire → perception d’impréparation ou de manque de transparence (ex. décisions immédiates, coordination, reprise).;Perte de confiance, pression médiatique, rumeurs.;Veille médias, porte-parole, éléments de langage, charte RS.;Communication factuelle/empathetic, lutte rumeurs, coordination autorités.;Moyenne;Élevée;Moyenne;conditions travail, RH
859;Pénurie;Pénurie alimentaire;Restauration indisponible site;Géopolitique / institutionnel;Intervention de l’État / autorités (préfecture, inspection, régulateur);Intervention de l’État / autorités (préfecture, inspection, régulateur) — Dans le contexte « Pénurie alimentaire » (Pénurie). Restauration indisponible site. Points sensibles : conditions travail, RH.;Exemple : Pénurie alimentaire → intervention de l’état / autorités (préfecture, inspection, régulateur) (ex. décisions immédiates, coordination, reprise).;Injonctions, contrôles, arbitrages publics, priorisation ressources.;Veille institutionnelle, carto parties prenantes, protocoles autorités.;Coordination préf/mairie/régulateurs, demandes de moyens publics.;Moyenne;Élevée;Moyenne;conditions travail, RH
860;Pénurie;Pénurie alimentaire;Restauration indisponible site;Géopolitique / institutionnel;Priorisation nationale des ressources (énergie, santé, sécurité);Priorisation nationale des ressources (énergie, santé, sécurité) — Dans le contexte « Pénurie alimentaire » (Pénurie). Restauration indisponible site. Points sensibles : conditions travail, RH.;Exemple : Pénurie alimentaire → priorisation nationale des ressources (énergie, santé, sécurité) (ex. décisions immédiates, coordination, reprise).;Injonctions, contrôles, arbitrages publics, priorisation ressources.;Veille institutionnelle, carto parties prenantes, protocoles autorités.;Coordination préf/mairie/régulateurs, demandes de moyens publics.;Moyenne;Élevée;Moyenne;conditions travail, RH
861;Pénurie;Pénurie alimentaire;Restauration indisponible site;Informatique / numérique;Perte du SI local (supervision, communications, annuaire, outils métier);Perte du SI local (supervision, communications, annuaire, outils métier) — Dans le contexte « Pénurie alimentaire » (Pénurie). Restauration indisponible site. Points sensibles : conditions travail, RH.;Exemple : Pénurie alimentaire → perte du si local (supervision, communications, annuaire, outils métier) (ex. décisions immédiates, coordination, reprise).;Perte outils, rupture communications, fuite info.;Segmentation, sauvegardes, redondance télécom, procédures hors-ligne.;Mode dégradé, restauration, canaux alternatifs, contrôle intégrité.;Moyenne;Élevée;Moyenne;conditions travail, RH
862;Pénurie;Pénurie alimentaire;Restauration indisponible site;Informatique / numérique;Cyberattaque opportuniste pendant la crise (phishing, ransom, DDoS);Cyberattaque opportuniste pendant la crise (phishing, ransom, DDoS) — Dans le contexte « Pénurie alimentaire » (Pénurie). Restauration indisponible site. Points sensibles : conditions travail, RH.;Exemple : Pénurie alimentaire → cyberattaque opportuniste pendant la crise (phishing, ransom, ddos) (ex. décisions immédiates, coordination, reprise).;Perte outils, rupture communications, fuite info.;Segmentation, sauvegardes, redondance télécom, procédures hors-ligne.;Mode dégradé, restauration, canaux alternatifs, contrôle intégrité.;Moyenne;Élevée;Moyenne;conditions travail, RH
863;Pénurie;Pénurie alimentaire;Restauration indisponible site;Défaillance / résilience;Effet domino multi-réseaux (énergie + télécom + eau);Effet domino multi-réseaux (énergie + télécom + eau) — Dans le contexte « Pénurie alimentaire » (Pénurie). Restauration indisponible site. Points sensibles : conditions travail, RH.;Exemple : Pénurie alimentaire → effet domino multi-réseaux (énergie + télécom + eau) (ex. décisions immédiates, coordination, reprise).;Domino multi-systèmes, crise prolongée, défaillance gouvernance.;Tests de résilience, exercices multi-crises, cartographie dépendances.;Limiter le domino, renforcer gouvernance, cellules spécialisées, REX.;Moyenne;Élevée;Moyenne;conditions travail, RH
864;Pénurie;Pénurie alimentaire;Restauration indisponible site;Défaillance / résilience;Défaillance d’un acteur clé (prestataire, fournisseur, opérateur);Défaillance d’un acteur clé (prestataire, fournisseur, opérateur) — Dans le contexte « Pénurie alimentaire » (Pénurie). Restauration indisponible site. Points sensibles : conditions travail, RH.;Exemple : Pénurie alimentaire → défaillance d’un acteur clé (prestataire, fournisseur, opérateur) (ex. décisions immédiates, coordination, reprise).;Domino multi-systèmes, crise prolongée, défaillance gouvernance.;Tests de résilience, exercices multi-crises, cartographie dépendances.;Limiter le domino, renforcer gouvernance, cellules spécialisées, REX.;Moyenne;Élevée;Moyenne;conditions travail, RH
865;Socio-culturel / politique / écologique;Évènement planifié;Grand évènement sportif/culturel;Opérationnel;Arrêt immédiat des activités et sécurisation du périmètre;Arrêt immédiat des activités et sécurisation du périmètre — Dans le contexte « Évènement planifié » (Socio-culturel / politique / écologique). Grand évènement sportif/culturel. Points sensibles : flux, sécurité, accès.;Exemple : Évènement planifié → arrêt immédiat des activités et sécurisation du périmètre (ex. décisions immédiates, coordination, reprise).;Arrêt/retards, mode dégradé, impacts usagers/clients.;PCA/PRA, procédures mode dégradé, exercices réguliers, annuaire crise.;Arrêt sécurisé, priorisation activités, cellule terrain, points de situation.;Moyenne;Élevée;Moyenne;flux, sécurité, accès
866;Socio-culturel / politique / écologique;Évènement planifié;Grand évènement sportif/culturel;Opérationnel;Désorganisation de la coordination multi-acteurs (secours, autorités, partenaires);Désorganisation de la coordination multi-acteurs (secours, autorités, partenaires) — Dans le contexte « Évènement planifié » (Socio-culturel / politique / écologique). Grand évènement sportif/culturel. Points sensibles : flux, sécurité, accès.;Exemple : Évènement planifié → désorganisation de la coordination multi-acteurs (secours, autorités, partenaires) (ex. décisions immédiates, coordination, reprise).;Arrêt/retards, mode dégradé, impacts usagers/clients.;PCA/PRA, procédures mode dégradé, exercices réguliers, annuaire crise.;Arrêt sécurisé, priorisation activités, cellule terrain, points de situation.;Moyenne;Élevée;Moyenne;flux, sécurité, accès
867;Socio-culturel / politique / écologique;Évènement planifié;Grand évènement sportif/culturel;Industriel / technique;Destruction d’ouvrages ou d’équipements critiques;Destruction d’ouvrages ou d’équipements critiques — Dans le contexte « Évènement planifié » (Socio-culturel / politique / écologique). Grand évènement sportif/culturel. Points sensibles : flux, sécurité, accès.;Exemple : Évènement planifié → destruction d’ouvrages ou d’équipements critiques (ex. décisions immédiates, coordination, reprise).;Dommages matériels, risques de sur-accident, indisponibilité d’équipements.;Maintenance préventive, inspections, redondances techniques, permis de travail.;Mise en sécurité, réparations, expertises, reprise sous conditions.;Moyenne;Élevée;Moyenne;flux, sécurité, accès
868;Socio-culturel / politique / écologique;Évènement planifié;Grand évènement sportif/culturel;Industriel / technique;Déclenchement de sécurités et arrêt automatique des systèmes;Déclenchement de sécurités et arrêt automatique des systèmes — Dans le contexte « Évènement planifié » (Socio-culturel / politique / écologique). Grand évènement sportif/culturel. Points sensibles : flux, sécurité, accès.;Exemple : Évènement planifié → déclenchement de sécurités et arrêt automatique des systèmes (ex. décisions immédiates, coordination, reprise).;Dommages matériels, risques de sur-accident, indisponibilité d’équipements.;Maintenance préventive, inspections, redondances techniques, permis de travail.;Mise en sécurité, réparations, expertises, reprise sous conditions.;Moyenne;Élevée;Moyenne;flux, sécurité, accès
869;Socio-culturel / politique / écologique;Évènement planifié;Grand évènement sportif/culturel;Ressources humaines;Traumatisme des équipes et stress post-évènement (RPS);Traumatisme des équipes et stress post-évènement (RPS) — Dans le contexte « Évènement planifié » (Socio-culturel / politique / écologique). Grand évènement sportif/culturel. Points sensibles : flux, sécurité, accès.;Exemple : Évènement planifié → traumatisme des équipes et stress post-évènement (rps) (ex. décisions immédiates, coordination, reprise).;Choc, fatigue, absentéisme, tensions sociales.;Prévention RPS, formation managers, rotations astreinte, culture Stop Work.;Soutien psychologique, communication interne, renforts, repos imposé.;Moyenne;Élevée;Moyenne;flux, sécurité, accès
870;Socio-culturel / politique / écologique;Évènement planifié;Grand évènement sportif/culturel;Ressources humaines;Exposition à des risques physiques (chaleur, fumées, toxiques);Exposition à des risques physiques (chaleur, fumées, toxiques) — Dans le contexte « Évènement planifié » (Socio-culturel / politique / écologique). Grand évènement sportif/culturel. Points sensibles : flux, sécurité, accès.;Exemple : Évènement planifié → exposition à des risques physiques (chaleur, fumées, toxiques) (ex. décisions immédiates, coordination, reprise).;Choc, fatigue, absentéisme, tensions sociales.;Prévention RPS, formation managers, rotations astreinte, culture Stop Work.;Soutien psychologique, communication interne, renforts, repos imposé.;Moyenne;Élevée;Moyenne;flux, sécurité, accès
871;Socio-culturel / politique / écologique;Évènement planifié;Grand évènement sportif/culturel;Juridique / conformité;Mise en cause pénale (accident grave, mise en danger, pollution);Mise en cause pénale (accident grave, mise en danger, pollution) — Dans le contexte « Évènement planifié » (Socio-culturel / politique / écologique). Grand évènement sportif/culturel. Points sensibles : flux, sécurité, accès.;Exemple : Évènement planifié → mise en cause pénale (accident grave, mise en danger, pollution) (ex. décisions immédiates, coordination, reprise).;Enquêtes, obligations, contentieux, sanctions.;Veille réglementaire, audits, plans de prévention, conservation des preuves.;Déclarations, interface autorités, stratégie contentieuse, documentation.;Moyenne;Critique;Élevée;flux, sécurité, accès
872;Socio-culturel / politique / écologique;Évènement planifié;Grand évènement sportif/culturel;Juridique / conformité;Contentieux contractuels (pénalités, retards, responsabilités);Contentieux contractuels (pénalités, retards, responsabilités) — Dans le contexte « Évènement planifié » (Socio-culturel / politique / écologique). Grand évènement sportif/culturel. Points sensibles : flux, sécurité, accès.;Exemple : Évènement planifié → contentieux contractuels (pénalités, retards, responsabilités) (ex. décisions immédiates, coordination, reprise).;Enquêtes, obligations, contentieux, sanctions.;Veille réglementaire, audits, plans de prévention, conservation des preuves.;Déclarations, interface autorités, stratégie contentieuse, documentation.;Moyenne;Critique;Élevée;flux, sécurité, accès
873;Socio-culturel / politique / écologique;Évènement planifié;Grand évènement sportif/culturel;Financier;Coûts de réparation et de remise en état (ouvrages, équipements);Coûts de réparation et de remise en état (ouvrages, équipements) — Dans le contexte « Évènement planifié » (Socio-culturel / politique / écologique). Grand évènement sportif/culturel. Points sensibles : flux, sécurité, accès.;Exemple : Évènement planifié → coûts de réparation et de remise en état (ouvrages, équipements) (ex. décisions immédiates, coordination, reprise).;Pertes d’exploitation, coûts de remise en état, hausse primes/franchises.;Assurances adaptées, budgets d’urgence, suivi trésorerie, clauses contractuelles.;Activation fonds d’urgence, suivi coûts, déclaration assureur, mitigation pénalités.;Moyenne;Élevée;Moyenne;flux, sécurité, accès
874;Socio-culturel / politique / écologique;Évènement planifié;Grand évènement sportif/culturel;Financier;Hausse des primes, franchises et difficultés d’assurabilité;Hausse des primes, franchises et difficultés d’assurabilité — Dans le contexte « Évènement planifié » (Socio-culturel / politique / écologique). Grand évènement sportif/culturel. Points sensibles : flux, sécurité, accès.;Exemple : Évènement planifié → hausse des primes, franchises et difficultés d’assurabilité (ex. décisions immédiates, coordination, reprise).;Pertes d’exploitation, coûts de remise en état, hausse primes/franchises.;Assurances adaptées, budgets d’urgence, suivi trésorerie, clauses contractuelles.;Activation fonds d’urgence, suivi coûts, déclaration assureur, mitigation pénalités.;Moyenne;Élevée;Moyenne;flux, sécurité, accès
875;Socio-culturel / politique / écologique;Évènement planifié;Grand évènement sportif/culturel;Image / réputation;Médiatisation nationale / locale et perte de confiance;Médiatisation nationale / locale et perte de confiance — Dans le contexte « Évènement planifié » (Socio-culturel / politique / écologique). Grand évènement sportif/culturel. Points sensibles : flux, sécurité, accès.;Exemple : Évènement planifié → médiatisation nationale / locale et perte de confiance (ex. décisions immédiates, coordination, reprise).;Perte de confiance, pression médiatique, rumeurs.;Veille médias, porte-parole, éléments de langage, charte RS.;Communication factuelle/empathetic, lutte rumeurs, coordination autorités.;Moyenne;Élevée;Moyenne;flux, sécurité, accès
876;Socio-culturel / politique / écologique;Évènement planifié;Grand évènement sportif/culturel;Image / réputation;Perception d’impréparation ou de manque de transparence;Perception d’impréparation ou de manque de transparence — Dans le contexte « Évènement planifié » (Socio-culturel / politique / écologique). Grand évènement sportif/culturel. Points sensibles : flux, sécurité, accès.;Exemple : Évènement planifié → perception d’impréparation ou de manque de transparence (ex. décisions immédiates, coordination, reprise).;Perte de confiance, pression médiatique, rumeurs.;Veille médias, porte-parole, éléments de langage, charte RS.;Communication factuelle/empathetic, lutte rumeurs, coordination autorités.;Moyenne;Élevée;Moyenne;flux, sécurité, accès
877;Socio-culturel / politique / écologique;Évènement planifié;Grand évènement sportif/culturel;Géopolitique / institutionnel;Intervention de l’État / autorités (préfecture, inspection, régulateur);Intervention de l’État / autorités (préfecture, inspection, régulateur) — Dans le contexte « Évènement planifié » (Socio-culturel / politique / écologique). Grand évènement sportif/culturel. Points sensibles : flux, sécurité, accès.;Exemple : Évènement planifié → intervention de l’état / autorités (préfecture, inspection, régulateur) (ex. décisions immédiates, coordination, reprise).;Injonctions, contrôles, arbitrages publics, priorisation ressources.;Veille institutionnelle, carto parties prenantes, protocoles autorités.;Coordination préf/mairie/régulateurs, demandes de moyens publics.;Moyenne;Élevée;Moyenne;flux, sécurité, accès
878;Socio-culturel / politique / écologique;Évènement planifié;Grand évènement sportif/culturel;Géopolitique / institutionnel;Priorisation nationale des ressources (énergie, santé, sécurité);Priorisation nationale des ressources (énergie, santé, sécurité) — Dans le contexte « Évènement planifié » (Socio-culturel / politique / écologique). Grand évènement sportif/culturel. Points sensibles : flux, sécurité, accès.;Exemple : Évènement planifié → priorisation nationale des ressources (énergie, santé, sécurité) (ex. décisions immédiates, coordination, reprise).;Injonctions, contrôles, arbitrages publics, priorisation ressources.;Veille institutionnelle, carto parties prenantes, protocoles autorités.;Coordination préf/mairie/régulateurs, demandes de moyens publics.;Moyenne;Élevée;Moyenne;flux, sécurité, accès
879;Socio-culturel / politique / écologique;Évènement planifié;Grand évènement sportif/culturel;Informatique / numérique;Perte du SI local (supervision, communications, annuaire, outils métier);Perte du SI local (supervision, communications, annuaire, outils métier) — Dans le contexte « Évènement planifié » (Socio-culturel / politique / écologique). Grand évènement sportif/culturel. Points sensibles : flux, sécurité, accès.;Exemple : Évènement planifié → perte du si local (supervision, communications, annuaire, outils métier) (ex. décisions immédiates, coordination, reprise).;Perte outils, rupture communications, fuite info.;Segmentation, sauvegardes, redondance télécom, procédures hors-ligne.;Mode dégradé, restauration, canaux alternatifs, contrôle intégrité.;Moyenne;Élevée;Moyenne;flux, sécurité, accès
880;Socio-culturel / politique / écologique;Évènement planifié;Grand évènement sportif/culturel;Informatique / numérique;Cyberattaque opportuniste pendant la crise (phishing, ransom, DDoS);Cyberattaque opportuniste pendant la crise (phishing, ransom, DDoS) — Dans le contexte « Évènement planifié » (Socio-culturel / politique / écologique). Grand évènement sportif/culturel. Points sensibles : flux, sécurité, accès.;Exemple : Évènement planifié → cyberattaque opportuniste pendant la crise (phishing, ransom, ddos) (ex. décisions immédiates, coordination, reprise).;Perte outils, rupture communications, fuite info.;Segmentation, sauvegardes, redondance télécom, procédures hors-ligne.;Mode dégradé, restauration, canaux alternatifs, contrôle intégrité.;Moyenne;Élevée;Moyenne;flux, sécurité, accès
881;Socio-culturel / politique / écologique;Évènement planifié;Grand évènement sportif/culturel;Défaillance / résilience;Effet domino multi-réseaux (énergie + télécom + eau);Effet domino multi-réseaux (énergie + télécom + eau) — Dans le contexte « Évènement planifié » (Socio-culturel / politique / écologique). Grand évènement sportif/culturel. Points sensibles : flux, sécurité, accès.;Exemple : Évènement planifié → effet domino multi-réseaux (énergie + télécom + eau) (ex. décisions immédiates, coordination, reprise).;Domino multi-systèmes, crise prolongée, défaillance gouvernance.;Tests de résilience, exercices multi-crises, cartographie dépendances.;Limiter le domino, renforcer gouvernance, cellules spécialisées, REX.;Moyenne;Élevée;Moyenne;flux, sécurité, accès
882;Socio-culturel / politique / écologique;Évènement planifié;Grand évènement sportif/culturel;Défaillance / résilience;Défaillance d’un acteur clé (prestataire, fournisseur, opérateur);Défaillance d’un acteur clé (prestataire, fournisseur, opérateur) — Dans le contexte « Évènement planifié » (Socio-culturel / politique / écologique). Grand évènement sportif/culturel. Points sensibles : flux, sécurité, accès.;Exemple : Évènement planifié → défaillance d’un acteur clé (prestataire, fournisseur, opérateur) (ex. décisions immédiates, coordination, reprise).;Domino multi-systèmes, crise prolongée, défaillance gouvernance.;Tests de résilience, exercices multi-crises, cartographie dépendances.;Limiter le domino, renforcer gouvernance, cellules spécialisées, REX.;Moyenne;Élevée;Moyenne;flux, sécurité, accès
883;Socio-culturel / politique / écologique;Fête nationale;Célébrations et restrictions;Opérationnel;Arrêt immédiat des activités et sécurisation du périmètre;Arrêt immédiat des activités et sécurisation du périmètre — Dans le contexte « Fête nationale » (Socio-culturel / politique / écologique). Célébrations et restrictions. Points sensibles : mobilité, sûreté.;Exemple : Fête nationale → arrêt immédiat des activités et sécurisation du périmètre (ex. décisions immédiates, coordination, reprise).;Arrêt/retards, mode dégradé, impacts usagers/clients.;PCA/PRA, procédures mode dégradé, exercices réguliers, annuaire crise.;Arrêt sécurisé, priorisation activités, cellule terrain, points de situation.;Moyenne;Élevée;Moyenne;mobilité, sûreté
884;Socio-culturel / politique / écologique;Fête nationale;Célébrations et restrictions;Opérationnel;Désorganisation de la coordination multi-acteurs (secours, autorités, partenaires);Désorganisation de la coordination multi-acteurs (secours, autorités, partenaires) — Dans le contexte « Fête nationale » (Socio-culturel / politique / écologique). Célébrations et restrictions. Points sensibles : mobilité, sûreté.;Exemple : Fête nationale → désorganisation de la coordination multi-acteurs (secours, autorités, partenaires) (ex. décisions immédiates, coordination, reprise).;Arrêt/retards, mode dégradé, impacts usagers/clients.;PCA/PRA, procédures mode dégradé, exercices réguliers, annuaire crise.;Arrêt sécurisé, priorisation activités, cellule terrain, points de situation.;Moyenne;Élevée;Moyenne;mobilité, sûreté
885;Socio-culturel / politique / écologique;Fête nationale;Célébrations et restrictions;Industriel / technique;Destruction d’ouvrages ou d’équipements critiques;Destruction d’ouvrages ou d’équipements critiques — Dans le contexte « Fête nationale » (Socio-culturel / politique / écologique). Célébrations et restrictions. Points sensibles : mobilité, sûreté.;Exemple : Fête nationale → destruction d’ouvrages ou d’équipements critiques (ex. décisions immédiates, coordination, reprise).;Dommages matériels, risques de sur-accident, indisponibilité d’équipements.;Maintenance préventive, inspections, redondances techniques, permis de travail.;Mise en sécurité, réparations, expertises, reprise sous conditions.;Moyenne;Élevée;Moyenne;mobilité, sûreté
886;Socio-culturel / politique / écologique;Fête nationale;Célébrations et restrictions;Industriel / technique;Déclenchement de sécurités et arrêt automatique des systèmes;Déclenchement de sécurités et arrêt automatique des systèmes — Dans le contexte « Fête nationale » (Socio-culturel / politique / écologique). Célébrations et restrictions. Points sensibles : mobilité, sûreté.;Exemple : Fête nationale → déclenchement de sécurités et arrêt automatique des systèmes (ex. décisions immédiates, coordination, reprise).;Dommages matériels, risques de sur-accident, indisponibilité d’équipements.;Maintenance préventive, inspections, redondances techniques, permis de travail.;Mise en sécurité, réparations, expertises, reprise sous conditions.;Moyenne;Élevée;Moyenne;mobilité, sûreté
887;Socio-culturel / politique / écologique;Fête nationale;Célébrations et restrictions;Ressources humaines;Traumatisme des équipes et stress post-évènement (RPS);Traumatisme des équipes et stress post-évènement (RPS) — Dans le contexte « Fête nationale » (Socio-culturel / politique / écologique). Célébrations et restrictions. Points sensibles : mobilité, sûreté.;Exemple : Fête nationale → traumatisme des équipes et stress post-évènement (rps) (ex. décisions immédiates, coordination, reprise).;Choc, fatigue, absentéisme, tensions sociales.;Prévention RPS, formation managers, rotations astreinte, culture Stop Work.;Soutien psychologique, communication interne, renforts, repos imposé.;Moyenne;Élevée;Moyenne;mobilité, sûreté
888;Socio-culturel / politique / écologique;Fête nationale;Célébrations et restrictions;Ressources humaines;Exposition à des risques physiques (chaleur, fumées, toxiques);Exposition à des risques physiques (chaleur, fumées, toxiques) — Dans le contexte « Fête nationale » (Socio-culturel / politique / écologique). Célébrations et restrictions. Points sensibles : mobilité, sûreté.;Exemple : Fête nationale → exposition à des risques physiques (chaleur, fumées, toxiques) (ex. décisions immédiates, coordination, reprise).;Choc, fatigue, absentéisme, tensions sociales.;Prévention RPS, formation managers, rotations astreinte, culture Stop Work.;Soutien psychologique, communication interne, renforts, repos imposé.;Moyenne;Élevée;Moyenne;mobilité, sûreté
889;Socio-culturel / politique / écologique;Fête nationale;Célébrations et restrictions;Juridique / conformité;Mise en cause pénale (accident grave, mise en danger, pollution);Mise en cause pénale (accident grave, mise en danger, pollution) — Dans le contexte « Fête nationale » (Socio-culturel / politique / écologique). Célébrations et restrictions. Points sensibles : mobilité, sûreté.;Exemple : Fête nationale → mise en cause pénale (accident grave, mise en danger, pollution) (ex. décisions immédiates, coordination, reprise).;Enquêtes, obligations, contentieux, sanctions.;Veille réglementaire, audits, plans de prévention, conservation des preuves.;Déclarations, interface autorités, stratégie contentieuse, documentation.;Moyenne;Critique;Élevée;mobilité, sûreté
890;Socio-culturel / politique / écologique;Fête nationale;Célébrations et restrictions;Juridique / conformité;Contentieux contractuels (pénalités, retards, responsabilités);Contentieux contractuels (pénalités, retards, responsabilités) — Dans le contexte « Fête nationale » (Socio-culturel / politique / écologique). Célébrations et restrictions. Points sensibles : mobilité, sûreté.;Exemple : Fête nationale → contentieux contractuels (pénalités, retards, responsabilités) (ex. décisions immédiates, coordination, reprise).;Enquêtes, obligations, contentieux, sanctions.;Veille réglementaire, audits, plans de prévention, conservation des preuves.;Déclarations, interface autorités, stratégie contentieuse, documentation.;Moyenne;Critique;Élevée;mobilité, sûreté
891;Socio-culturel / politique / écologique;Fête nationale;Célébrations et restrictions;Financier;Coûts de réparation et de remise en état (ouvrages, équipements);Coûts de réparation et de remise en état (ouvrages, équipements) — Dans le contexte « Fête nationale » (Socio-culturel / politique / écologique). Célébrations et restrictions. Points sensibles : mobilité, sûreté.;Exemple : Fête nationale → coûts de réparation et de remise en état (ouvrages, équipements) (ex. décisions immédiates, coordination, reprise).;Pertes d’exploitation, coûts de remise en état, hausse primes/franchises.;Assurances adaptées, budgets d’urgence, suivi trésorerie, clauses contractuelles.;Activation fonds d’urgence, suivi coûts, déclaration assureur, mitigation pénalités.;Moyenne;Élevée;Moyenne;mobilité, sûreté
892;Socio-culturel / politique / écologique;Fête nationale;Célébrations et restrictions;Financier;Hausse des primes, franchises et difficultés d’assurabilité;Hausse des primes, franchises et difficultés d’assurabilité — Dans le contexte « Fête nationale » (Socio-culturel / politique / écologique). Célébrations et restrictions. Points sensibles : mobilité, sûreté.;Exemple : Fête nationale → hausse des primes, franchises et difficultés d’assurabilité (ex. décisions immédiates, coordination, reprise).;Pertes d’exploitation, coûts de remise en état, hausse primes/franchises.;Assurances adaptées, budgets d’urgence, suivi trésorerie, clauses contractuelles.;Activation fonds d’urgence, suivi coûts, déclaration assureur, mitigation pénalités.;Moyenne;Élevée;Moyenne;mobilité, sûreté
893;Socio-culturel / politique / écologique;Fête nationale;Célébrations et restrictions;Image / réputation;Médiatisation nationale / locale et perte de confiance;Médiatisation nationale / locale et perte de confiance — Dans le contexte « Fête nationale » (Socio-culturel / politique / écologique). Célébrations et restrictions. Points sensibles : mobilité, sûreté.;Exemple : Fête nationale → médiatisation nationale / locale et perte de confiance (ex. décisions immédiates, coordination, reprise).;Perte de confiance, pression médiatique, rumeurs.;Veille médias, porte-parole, éléments de langage, charte RS.;Communication factuelle/empathetic, lutte rumeurs, coordination autorités.;Moyenne;Élevée;Moyenne;mobilité, sûreté
894;Socio-culturel / politique / écologique;Fête nationale;Célébrations et restrictions;Image / réputation;Perception d’impréparation ou de manque de transparence;Perception d’impréparation ou de manque de transparence — Dans le contexte « Fête nationale » (Socio-culturel / politique / écologique). Célébrations et restrictions. Points sensibles : mobilité, sûreté.;Exemple : Fête nationale → perception d’impréparation ou de manque de transparence (ex. décisions immédiates, coordination, reprise).;Perte de confiance, pression médiatique, rumeurs.;Veille médias, porte-parole, éléments de langage, charte RS.;Communication factuelle/empathetic, lutte rumeurs, coordination autorités.;Moyenne;Élevée;Moyenne;mobilité, sûreté
895;Socio-culturel / politique / écologique;Fête nationale;Célébrations et restrictions;Géopolitique / institutionnel;Intervention de l’État / autorités (préfecture, inspection, régulateur);Intervention de l’État / autorités (préfecture, inspection, régulateur) — Dans le contexte « Fête nationale » (Socio-culturel / politique / écologique). Célébrations et restrictions. Points sensibles : mobilité, sûreté.;Exemple : Fête nationale → intervention de l’état / autorités (préfecture, inspection, régulateur) (ex. décisions immédiates, coordination, reprise).;Injonctions, contrôles, arbitrages publics, priorisation ressources.;Veille institutionnelle, carto parties prenantes, protocoles autorités.;Coordination préf/mairie/régulateurs, demandes de moyens publics.;Moyenne;Élevée;Moyenne;mobilité, sûreté
896;Socio-culturel / politique / écologique;Fête nationale;Célébrations et restrictions;Géopolitique / institutionnel;Priorisation nationale des ressources (énergie, santé, sécurité);Priorisation nationale des ressources (énergie, santé, sécurité) — Dans le contexte « Fête nationale » (Socio-culturel / politique / écologique). Célébrations et restrictions. Points sensibles : mobilité, sûreté.;Exemple : Fête nationale → priorisation nationale des ressources (énergie, santé, sécurité) (ex. décisions immédiates, coordination, reprise).;Injonctions, contrôles, arbitrages publics, priorisation ressources.;Veille institutionnelle, carto parties prenantes, protocoles autorités.;Coordination préf/mairie/régulateurs, demandes de moyens publics.;Moyenne;Élevée;Moyenne;mobilité, sûreté
897;Socio-culturel / politique / écologique;Fête nationale;Célébrations et restrictions;Informatique / numérique;Perte du SI local (supervision, communications, annuaire, outils métier);Perte du SI local (supervision, communications, annuaire, outils métier) — Dans le contexte « Fête nationale » (Socio-culturel / politique / écologique). Célébrations et restrictions. Points sensibles : mobilité, sûreté.;Exemple : Fête nationale → perte du si local (supervision, communications, annuaire, outils métier) (ex. décisions immédiates, coordination, reprise).;Perte outils, rupture communications, fuite info.;Segmentation, sauvegardes, redondance télécom, procédures hors-ligne.;Mode dégradé, restauration, canaux alternatifs, contrôle intégrité.;Moyenne;Élevée;Moyenne;mobilité, sûreté
898;Socio-culturel / politique / écologique;Fête nationale;Célébrations et restrictions;Informatique / numérique;Cyberattaque opportuniste pendant la crise (phishing, ransom, DDoS);Cyberattaque opportuniste pendant la crise (phishing, ransom, DDoS) — Dans le contexte « Fête nationale » (Socio-culturel / politique / écologique). Célébrations et restrictions. Points sensibles : mobilité, sûreté.;Exemple : Fête nationale → cyberattaque opportuniste pendant la crise (phishing, ransom, ddos) (ex. décisions immédiates, coordination, reprise).;Perte outils, rupture communications, fuite info.;Segmentation, sauvegardes, redondance télécom, procédures hors-ligne.;Mode dégradé, restauration, canaux alternatifs, contrôle intégrité.;Moyenne;Élevée;Moyenne;mobilité, sûreté
899;Socio-culturel / politique / écologique;Fête nationale;Célébrations et restrictions;Défaillance / résilience;Effet domino multi-réseaux (énergie + télécom + eau);Effet domino multi-réseaux (énergie + télécom + eau) — Dans le contexte « Fête nationale » (Socio-culturel / politique / écologique). Célébrations et restrictions. Points sensibles : mobilité, sûreté.;Exemple : Fête nationale → effet domino multi-réseaux (énergie + télécom + eau) (ex. décisions immédiates, coordination, reprise).;Domino multi-systèmes, crise prolongée, défaillance gouvernance.;Tests de résilience, exercices multi-crises, cartographie dépendances.;Limiter le domino, renforcer gouvernance, cellules spécialisées, REX.;Moyenne;Élevée;Moyenne;mobilité, sûreté
900;Socio-culturel / politique / écologique;Fête nationale;Célébrations et restrictions;Défaillance / résilience;Défaillance d’un acteur clé (prestataire, fournisseur, opérateur);Défaillance d’un acteur clé (prestataire, fournisseur, opérateur) — Dans le contexte « Fête nationale » (Socio-culturel / politique / écologique). Célébrations et restrictions. Points sensibles : mobilité, sûreté.;Exemple : Fête nationale → défaillance d’un acteur clé (prestataire, fournisseur, opérateur) (ex. décisions immédiates, coordination, reprise).;Domino multi-systèmes, crise prolongée, défaillance gouvernance.;Tests de résilience, exercices multi-crises, cartographie dépendances.;Limiter le domino, renforcer gouvernance, cellules spécialisées, REX.;Moyenne;Élevée;Moyenne;mobilité, sûreté
901;Socio-culturel / politique / écologique;Rassemblement spontané;Foule spontanée;Opérationnel;Arrêt immédiat des activités et sécurisation du périmètre;Arrêt immédiat des activités et sécurisation du périmètre — Dans le contexte « Rassemblement spontané » (Socio-culturel / politique / écologique). Foule spontanée. Points sensibles : panique, évacuation.;Exemple : Rassemblement spontané → arrêt immédiat des activités et sécurisation du périmètre (ex. décisions immédiates, coordination, reprise).;Arrêt/retards, mode dégradé, impacts usagers/clients.;PCA/PRA, procédures mode dégradé, exercices réguliers, annuaire crise.;Arrêt sécurisé, priorisation activités, cellule terrain, points de situation.;Moyenne;Élevée;Moyenne;panique, évacuation
902;Socio-culturel / politique / écologique;Rassemblement spontané;Foule spontanée;Opérationnel;Désorganisation de la coordination multi-acteurs (secours, autorités, partenaires);Désorganisation de la coordination multi-acteurs (secours, autorités, partenaires) — Dans le contexte « Rassemblement spontané » (Socio-culturel / politique / écologique). Foule spontanée. Points sensibles : panique, évacuation.;Exemple : Rassemblement spontané → désorganisation de la coordination multi-acteurs (secours, autorités, partenaires) (ex. décisions immédiates, coordination, reprise).;Arrêt/retards, mode dégradé, impacts usagers/clients.;PCA/PRA, procédures mode dégradé, exercices réguliers, annuaire crise.;Arrêt sécurisé, priorisation activités, cellule terrain, points de situation.;Moyenne;Élevée;Moyenne;panique, évacuation
903;Socio-culturel / politique / écologique;Rassemblement spontané;Foule spontanée;Industriel / technique;Destruction d’ouvrages ou d’équipements critiques;Destruction d’ouvrages ou d’équipements critiques — Dans le contexte « Rassemblement spontané » (Socio-culturel / politique / écologique). Foule spontanée. Points sensibles : panique, évacuation.;Exemple : Rassemblement spontané → destruction d’ouvrages ou d’équipements critiques (ex. décisions immédiates, coordination, reprise).;Dommages matériels, risques de sur-accident, indisponibilité d’équipements.;Maintenance préventive, inspections, redondances techniques, permis de travail.;Mise en sécurité, réparations, expertises, reprise sous conditions.;Moyenne;Élevée;Moyenne;panique, évacuation
904;Socio-culturel / politique / écologique;Rassemblement spontané;Foule spontanée;Industriel / technique;Déclenchement de sécurités et arrêt automatique des systèmes;Déclenchement de sécurités et arrêt automatique des systèmes — Dans le contexte « Rassemblement spontané » (Socio-culturel / politique / écologique). Foule spontanée. Points sensibles : panique, évacuation.;Exemple : Rassemblement spontané → déclenchement de sécurités et arrêt automatique des systèmes (ex. décisions immédiates, coordination, reprise).;Dommages matériels, risques de sur-accident, indisponibilité d’équipements.;Maintenance préventive, inspections, redondances techniques, permis de travail.;Mise en sécurité, réparations, expertises, reprise sous conditions.;Moyenne;Élevée;Moyenne;panique, évacuation
905;Socio-culturel / politique / écologique;Rassemblement spontané;Foule spontanée;Ressources humaines;Traumatisme des équipes et stress post-évènement (RPS);Traumatisme des équipes et stress post-évènement (RPS) — Dans le contexte « Rassemblement spontané » (Socio-culturel / politique / écologique). Foule spontanée. Points sensibles : panique, évacuation.;Exemple : Rassemblement spontané → traumatisme des équipes et stress post-évènement (rps) (ex. décisions immédiates, coordination, reprise).;Choc, fatigue, absentéisme, tensions sociales.;Prévention RPS, formation managers, rotations astreinte, culture Stop Work.;Soutien psychologique, communication interne, renforts, repos imposé.;Moyenne;Élevée;Moyenne;panique, évacuation
906;Socio-culturel / politique / écologique;Rassemblement spontané;Foule spontanée;Ressources humaines;Exposition à des risques physiques (chaleur, fumées, toxiques);Exposition à des risques physiques (chaleur, fumées, toxiques) — Dans le contexte « Rassemblement spontané » (Socio-culturel / politique / écologique). Foule spontanée. Points sensibles : panique, évacuation.;Exemple : Rassemblement spontané → exposition à des risques physiques (chaleur, fumées, toxiques) (ex. décisions immédiates, coordination, reprise).;Choc, fatigue, absentéisme, tensions sociales.;Prévention RPS, formation managers, rotations astreinte, culture Stop Work.;Soutien psychologique, communication interne, renforts, repos imposé.;Moyenne;Élevée;Moyenne;panique, évacuation
907;Socio-culturel / politique / écologique;Rassemblement spontané;Foule spontanée;Juridique / conformité;Mise en cause pénale (accident grave, mise en danger, pollution);Mise en cause pénale (accident grave, mise en danger, pollution) — Dans le contexte « Rassemblement spontané » (Socio-culturel / politique / écologique). Foule spontanée. Points sensibles : panique, évacuation.;Exemple : Rassemblement spontané → mise en cause pénale (accident grave, mise en danger, pollution) (ex. décisions immédiates, coordination, reprise).;Enquêtes, obligations, contentieux, sanctions.;Veille réglementaire, audits, plans de prévention, conservation des preuves.;Déclarations, interface autorités, stratégie contentieuse, documentation.;Moyenne;Critique;Élevée;panique, évacuation
908;Socio-culturel / politique / écologique;Rassemblement spontané;Foule spontanée;Juridique / conformité;Contentieux contractuels (pénalités, retards, responsabilités);Contentieux contractuels (pénalités, retards, responsabilités) — Dans le contexte « Rassemblement spontané » (Socio-culturel / politique / écologique). Foule spontanée. Points sensibles : panique, évacuation.;Exemple : Rassemblement spontané → contentieux contractuels (pénalités, retards, responsabilités) (ex. décisions immédiates, coordination, reprise).;Enquêtes, obligations, contentieux, sanctions.;Veille réglementaire, audits, plans de prévention, conservation des preuves.;Déclarations, interface autorités, stratégie contentieuse, documentation.;Moyenne;Critique;Élevée;panique, évacuation
909;Socio-culturel / politique / écologique;Rassemblement spontané;Foule spontanée;Financier;Coûts de réparation et de remise en état (ouvrages, équipements);Coûts de réparation et de remise en état (ouvrages, équipements) — Dans le contexte « Rassemblement spontané » (Socio-culturel / politique / écologique). Foule spontanée. Points sensibles : panique, évacuation.;Exemple : Rassemblement spontané → coûts de réparation et de remise en état (ouvrages, équipements) (ex. décisions immédiates, coordination, reprise).;Pertes d’exploitation, coûts de remise en état, hausse primes/franchises.;Assurances adaptées, budgets d’urgence, suivi trésorerie, clauses contractuelles.;Activation fonds d’urgence, suivi coûts, déclaration assureur, mitigation pénalités.;Moyenne;Élevée;Moyenne;panique, évacuation
910;Socio-culturel / politique / écologique;Rassemblement spontané;Foule spontanée;Financier;Hausse des primes, franchises et difficultés d’assurabilité;Hausse des primes, franchises et difficultés d’assurabilité — Dans le contexte « Rassemblement spontané » (Socio-culturel / politique / écologique). Foule spontanée. Points sensibles : panique, évacuation.;Exemple : Rassemblement spontané → hausse des primes, franchises et difficultés d’assurabilité (ex. décisions immédiates, coordination, reprise).;Pertes d’exploitation, coûts de remise en état, hausse primes/franchises.;Assurances adaptées, budgets d’urgence, suivi trésorerie, clauses contractuelles.;Activation fonds d’urgence, suivi coûts, déclaration assureur, mitigation pénalités.;Moyenne;Élevée;Moyenne;panique, évacuation
911;Socio-culturel / politique / écologique;Rassemblement spontané;Foule spontanée;Image / réputation;Médiatisation nationale / locale et perte de confiance;Médiatisation nationale / locale et perte de confiance — Dans le contexte « Rassemblement spontané » (Socio-culturel / politique / écologique). Foule spontanée. Points sensibles : panique, évacuation.;Exemple : Rassemblement spontané → médiatisation nationale / locale et perte de confiance (ex. décisions immédiates, coordination, reprise).;Perte de confiance, pression médiatique, rumeurs.;Veille médias, porte-parole, éléments de langage, charte RS.;Communication factuelle/empathetic, lutte rumeurs, coordination autorités.;Moyenne;Élevée;Moyenne;panique, évacuation
912;Socio-culturel / politique / écologique;Rassemblement spontané;Foule spontanée;Image / réputation;Perception d’impréparation ou de manque de transparence;Perception d’impréparation ou de manque de transparence — Dans le contexte « Rassemblement spontané » (Socio-culturel / politique / écologique). Foule spontanée. Points sensibles : panique, évacuation.;Exemple : Rassemblement spontané → perception d’impréparation ou de manque de transparence (ex. décisions immédiates, coordination, reprise).;Perte de confiance, pression médiatique, rumeurs.;Veille médias, porte-parole, éléments de langage, charte RS.;Communication factuelle/empathetic, lutte rumeurs, coordination autorités.;Moyenne;Élevée;Moyenne;panique, évacuation
913;Socio-culturel / politique / écologique;Rassemblement spontané;Foule spontanée;Géopolitique / institutionnel;Intervention de l’État / autorités (préfecture, inspection, régulateur);Intervention de l’État / autorités (préfecture, inspection, régulateur) — Dans le contexte « Rassemblement spontané » (Socio-culturel / politique / écologique). Foule spontanée. Points sensibles : panique, évacuation.;Exemple : Rassemblement spontané → intervention de l’état / autorités (préfecture, inspection, régulateur) (ex. décisions immédiates, coordination, reprise).;Injonctions, contrôles, arbitrages publics, priorisation ressources.;Veille institutionnelle, carto parties prenantes, protocoles autorités.;Coordination préf/mairie/régulateurs, demandes de moyens publics.;Moyenne;Élevée;Moyenne;panique, évacuation
914;Socio-culturel / politique / écologique;Rassemblement spontané;Foule spontanée;Géopolitique / institutionnel;Priorisation nationale des ressources (énergie, santé, sécurité);Priorisation nationale des ressources (énergie, santé, sécurité) — Dans le contexte « Rassemblement spontané » (Socio-culturel / politique / écologique). Foule spontanée. Points sensibles : panique, évacuation.;Exemple : Rassemblement spontané → priorisation nationale des ressources (énergie, santé, sécurité) (ex. décisions immédiates, coordination, reprise).;Injonctions, contrôles, arbitrages publics, priorisation ressources.;Veille institutionnelle, carto parties prenantes, protocoles autorités.;Coordination préf/mairie/régulateurs, demandes de moyens publics.;Moyenne;Élevée;Moyenne;panique, évacuation
915;Socio-culturel / politique / écologique;Rassemblement spontané;Foule spontanée;Informatique / numérique;Perte du SI local (supervision, communications, annuaire, outils métier);Perte du SI local (supervision, communications, annuaire, outils métier) — Dans le contexte « Rassemblement spontané » (Socio-culturel / politique / écologique). Foule spontanée. Points sensibles : panique, évacuation.;Exemple : Rassemblement spontané → perte du si local (supervision, communications, annuaire, outils métier) (ex. décisions immédiates, coordination, reprise).;Perte outils, rupture communications, fuite info.;Segmentation, sauvegardes, redondance télécom, procédures hors-ligne.;Mode dégradé, restauration, canaux alternatifs, contrôle intégrité.;Moyenne;Élevée;Moyenne;panique, évacuation
916;Socio-culturel / politique / écologique;Rassemblement spontané;Foule spontanée;Informatique / numérique;Cyberattaque opportuniste pendant la crise (phishing, ransom, DDoS);Cyberattaque opportuniste pendant la crise (phishing, ransom, DDoS) — Dans le contexte « Rassemblement spontané » (Socio-culturel / politique / écologique). Foule spontanée. Points sensibles : panique, évacuation.;Exemple : Rassemblement spontané → cyberattaque opportuniste pendant la crise (phishing, ransom, ddos) (ex. décisions immédiates, coordination, reprise).;Perte outils, rupture communications, fuite info.;Segmentation, sauvegardes, redondance télécom, procédures hors-ligne.;Mode dégradé, restauration, canaux alternatifs, contrôle intégrité.;Moyenne;Élevée;Moyenne;panique, évacuation
917;Socio-culturel / politique / écologique;Rassemblement spontané;Foule spontanée;Défaillance / résilience;Effet domino multi-réseaux (énergie + télécom + eau);Effet domino multi-réseaux (énergie + télécom + eau) — Dans le contexte « Rassemblement spontané » (Socio-culturel / politique / écologique). Foule spontanée. Points sensibles : panique, évacuation.;Exemple : Rassemblement spontané → effet domino multi-réseaux (énergie + télécom + eau) (ex. décisions immédiates, coordination, reprise).;Domino multi-systèmes, crise prolongée, défaillance gouvernance.;Tests de résilience, exercices multi-crises, cartographie dépendances.;Limiter le domino, renforcer gouvernance, cellules spécialisées, REX.;Moyenne;Élevée;Moyenne;panique, évacuation
918;Socio-culturel / politique / écologique;Rassemblement spontané;Foule spontanée;Défaillance / résilience;Défaillance d’un acteur clé (prestataire, fournisseur, opérateur);Défaillance d’un acteur clé (prestataire, fournisseur, opérateur) — Dans le contexte « Rassemblement spontané » (Socio-culturel / politique / écologique). Foule spontanée. Points sensibles : panique, évacuation.;Exemple : Rassemblement spontané → défaillance d’un acteur clé (prestataire, fournisseur, opérateur) (ex. décisions immédiates, coordination, reprise).;Domino multi-systèmes, crise prolongée, défaillance gouvernance.;Tests de résilience, exercices multi-crises, cartographie dépendances.;Limiter le domino, renforcer gouvernance, cellules spécialisées, REX.;Moyenne;Élevée;Moyenne;panique, évacuation
919;Socio-culturel / politique / écologique;Rumeurs;Propagation rumeurs;Opérationnel;Arrêt immédiat des activités et sécurisation du périmètre;Arrêt immédiat des activités et sécurisation du périmètre — Dans le contexte « Rumeurs » (Socio-culturel / politique / écologique). Propagation rumeurs. Points sensibles : désorganisation, réputation.;Exemple : Rumeurs → arrêt immédiat des activités et sécurisation du périmètre (ex. décisions immédiates, coordination, reprise).;Arrêt/retards, mode dégradé, impacts usagers/clients.;PCA/PRA, procédures mode dégradé, exercices réguliers, annuaire crise.;Arrêt sécurisé, priorisation activités, cellule terrain, points de situation.;Moyenne;Élevée;Moyenne;désorganisation, réputation
920;Socio-culturel / politique / écologique;Rumeurs;Propagation rumeurs;Opérationnel;Désorganisation de la coordination multi-acteurs (secours, autorités, partenaires);Désorganisation de la coordination multi-acteurs (secours, autorités, partenaires) — Dans le contexte « Rumeurs » (Socio-culturel / politique / écologique). Propagation rumeurs. Points sensibles : désorganisation, réputation.;Exemple : Rumeurs → désorganisation de la coordination multi-acteurs (secours, autorités, partenaires) (ex. décisions immédiates, coordination, reprise).;Arrêt/retards, mode dégradé, impacts usagers/clients.;PCA/PRA, procédures mode dégradé, exercices réguliers, annuaire crise.;Arrêt sécurisé, priorisation activités, cellule terrain, points de situation.;Moyenne;Élevée;Moyenne;désorganisation, réputation
921;Socio-culturel / politique / écologique;Rumeurs;Propagation rumeurs;Industriel / technique;Destruction d’ouvrages ou d’équipements critiques;Destruction d’ouvrages ou d’équipements critiques — Dans le contexte « Rumeurs » (Socio-culturel / politique / écologique). Propagation rumeurs. Points sensibles : désorganisation, réputation.;Exemple : Rumeurs → destruction d’ouvrages ou d’équipements critiques (ex. décisions immédiates, coordination, reprise).;Dommages matériels, risques de sur-accident, indisponibilité d’équipements.;Maintenance préventive, inspections, redondances techniques, permis de travail.;Mise en sécurité, réparations, expertises, reprise sous conditions.;Moyenne;Élevée;Moyenne;désorganisation, réputation
922;Socio-culturel / politique / écologique;Rumeurs;Propagation rumeurs;Industriel / technique;Déclenchement de sécurités et arrêt automatique des systèmes;Déclenchement de sécurités et arrêt automatique des systèmes — Dans le contexte « Rumeurs » (Socio-culturel / politique / écologique). Propagation rumeurs. Points sensibles : désorganisation, réputation.;Exemple : Rumeurs → déclenchement de sécurités et arrêt automatique des systèmes (ex. décisions immédiates, coordination, reprise).;Dommages matériels, risques de sur-accident, indisponibilité d’équipements.;Maintenance préventive, inspections, redondances techniques, permis de travail.;Mise en sécurité, réparations, expertises, reprise sous conditions.;Moyenne;Élevée;Moyenne;désorganisation, réputation
923;Socio-culturel / politique / écologique;Rumeurs;Propagation rumeurs;Ressources humaines;Traumatisme des équipes et stress post-évènement (RPS);Traumatisme des équipes et stress post-évènement (RPS) — Dans le contexte « Rumeurs » (Socio-culturel / politique / écologique). Propagation rumeurs. Points sensibles : désorganisation, réputation.;Exemple : Rumeurs → traumatisme des équipes et stress post-évènement (rps) (ex. décisions immédiates, coordination, reprise).;Choc, fatigue, absentéisme, tensions sociales.;Prévention RPS, formation managers, rotations astreinte, culture Stop Work.;Soutien psychologique, communication interne, renforts, repos imposé.;Moyenne;Élevée;Moyenne;désorganisation, réputation
924;Socio-culturel / politique / écologique;Rumeurs;Propagation rumeurs;Ressources humaines;Exposition à des risques physiques (chaleur, fumées, toxiques);Exposition à des risques physiques (chaleur, fumées, toxiques) — Dans le contexte « Rumeurs » (Socio-culturel / politique / écologique). Propagation rumeurs. Points sensibles : désorganisation, réputation.;Exemple : Rumeurs → exposition à des risques physiques (chaleur, fumées, toxiques) (ex. décisions immédiates, coordination, reprise).;Choc, fatigue, absentéisme, tensions sociales.;Prévention RPS, formation managers, rotations astreinte, culture Stop Work.;Soutien psychologique, communication interne, renforts, repos imposé.;Moyenne;Élevée;Moyenne;désorganisation, réputation
925;Socio-culturel / politique / écologique;Rumeurs;Propagation rumeurs;Juridique / conformité;Mise en cause pénale (accident grave, mise en danger, pollution);Mise en cause pénale (accident grave, mise en danger, pollution) — Dans le contexte « Rumeurs » (Socio-culturel / politique / écologique). Propagation rumeurs. Points sensibles : désorganisation, réputation.;Exemple : Rumeurs → mise en cause pénale (accident grave, mise en danger, pollution) (ex. décisions immédiates, coordination, reprise).;Enquêtes, obligations, contentieux, sanctions.;Veille réglementaire, audits, plans de prévention, conservation des preuves.;Déclarations, interface autorités, stratégie contentieuse, documentation.;Moyenne;Critique;Élevée;désorganisation, réputation
926;Socio-culturel / politique / écologique;Rumeurs;Propagation rumeurs;Juridique / conformité;Contentieux contractuels (pénalités, retards, responsabilités);Contentieux contractuels (pénalités, retards, responsabilités) — Dans le contexte « Rumeurs » (Socio-culturel / politique / écologique). Propagation rumeurs. Points sensibles : désorganisation, réputation.;Exemple : Rumeurs → contentieux contractuels (pénalités, retards, responsabilités) (ex. décisions immédiates, coordination, reprise).;Enquêtes, obligations, contentieux, sanctions.;Veille réglementaire, audits, plans de prévention, conservation des preuves.;Déclarations, interface autorités, stratégie contentieuse, documentation.;Moyenne;Critique;Élevée;désorganisation, réputation
927;Socio-culturel / politique / écologique;Rumeurs;Propagation rumeurs;Financier;Coûts de réparation et de remise en état (ouvrages, équipements);Coûts de réparation et de remise en état (ouvrages, équipements) — Dans le contexte « Rumeurs » (Socio-culturel / politique / écologique). Propagation rumeurs. Points sensibles : désorganisation, réputation.;Exemple : Rumeurs → coûts de réparation et de remise en état (ouvrages, équipements) (ex. décisions immédiates, coordination, reprise).;Pertes d’exploitation, coûts de remise en état, hausse primes/franchises.;Assurances adaptées, budgets d’urgence, suivi trésorerie, clauses contractuelles.;Activation fonds d’urgence, suivi coûts, déclaration assureur, mitigation pénalités.;Moyenne;Élevée;Moyenne;désorganisation, réputation
928;Socio-culturel / politique / écologique;Rumeurs;Propagation rumeurs;Financier;Hausse des primes, franchises et difficultés d’assurabilité;Hausse des primes, franchises et difficultés d’assurabilité — Dans le contexte « Rumeurs » (Socio-culturel / politique / écologique). Propagation rumeurs. Points sensibles : désorganisation, réputation.;Exemple : Rumeurs → hausse des primes, franchises et difficultés d’assurabilité (ex. décisions immédiates, coordination, reprise).;Pertes d’exploitation, coûts de remise en état, hausse primes/franchises.;Assurances adaptées, budgets d’urgence, suivi trésorerie, clauses contractuelles.;Activation fonds d’urgence, suivi coûts, déclaration assureur, mitigation pénalités.;Moyenne;Élevée;Moyenne;désorganisation, réputation
929;Socio-culturel / politique / écologique;Rumeurs;Propagation rumeurs;Image / réputation;Médiatisation nationale / locale et perte de confiance;Médiatisation nationale / locale et perte de confiance — Dans le contexte « Rumeurs » (Socio-culturel / politique / écologique). Propagation rumeurs. Points sensibles : désorganisation, réputation.;Exemple : Rumeurs → médiatisation nationale / locale et perte de confiance (ex. décisions immédiates, coordination, reprise).;Perte de confiance, pression médiatique, rumeurs.;Veille médias, porte-parole, éléments de langage, charte RS.;Communication factuelle/empathetic, lutte rumeurs, coordination autorités.;Moyenne;Élevée;Moyenne;désorganisation, réputation
930;Socio-culturel / politique / écologique;Rumeurs;Propagation rumeurs;Image / réputation;Perception d’impréparation ou de manque de transparence;Perception d’impréparation ou de manque de transparence — Dans le contexte « Rumeurs » (Socio-culturel / politique / écologique). Propagation rumeurs. Points sensibles : désorganisation, réputation.;Exemple : Rumeurs → perception d’impréparation ou de manque de transparence (ex. décisions immédiates, coordination, reprise).;Perte de confiance, pression médiatique, rumeurs.;Veille médias, porte-parole, éléments de langage, charte RS.;Communication factuelle/empathetic, lutte rumeurs, coordination autorités.;Moyenne;Élevée;Moyenne;désorganisation, réputation
931;Socio-culturel / politique / écologique;Rumeurs;Propagation rumeurs;Géopolitique / institutionnel;Intervention de l’État / autorités (préfecture, inspection, régulateur);Intervention de l’État / autorités (préfecture, inspection, régulateur) — Dans le contexte « Rumeurs » (Socio-culturel / politique / écologique). Propagation rumeurs. Points sensibles : désorganisation, réputation.;Exemple : Rumeurs → intervention de l’état / autorités (préfecture, inspection, régulateur) (ex. décisions immédiates, coordination, reprise).;Injonctions, contrôles, arbitrages publics, priorisation ressources.;Veille institutionnelle, carto parties prenantes, protocoles autorités.;Coordination préf/mairie/régulateurs, demandes de moyens publics.;Moyenne;Élevée;Moyenne;désorganisation, réputation
932;Socio-culturel / politique / écologique;Rumeurs;Propagation rumeurs;Géopolitique / institutionnel;Priorisation nationale des ressources (énergie, santé, sécurité);Priorisation nationale des ressources (énergie, santé, sécurité) — Dans le contexte « Rumeurs » (Socio-culturel / politique / écologique). Propagation rumeurs. Points sensibles : désorganisation, réputation.;Exemple : Rumeurs → priorisation nationale des ressources (énergie, santé, sécurité) (ex. décisions immédiates, coordination, reprise).;Injonctions, contrôles, arbitrages publics, priorisation ressources.;Veille institutionnelle, carto parties prenantes, protocoles autorités.;Coordination préf/mairie/régulateurs, demandes de moyens publics.;Moyenne;Élevée;Moyenne;désorganisation, réputation
933;Socio-culturel / politique / écologique;Rumeurs;Propagation rumeurs;Informatique / numérique;Perte du SI local (supervision, communications, annuaire, outils métier);Perte du SI local (supervision, communications, annuaire, outils métier) — Dans le contexte « Rumeurs » (Socio-culturel / politique / écologique). Propagation rumeurs. Points sensibles : désorganisation, réputation.;Exemple : Rumeurs → perte du si local (supervision, communications, annuaire, outils métier) (ex. décisions immédiates, coordination, reprise).;Perte outils, rupture communications, fuite info.;Segmentation, sauvegardes, redondance télécom, procédures hors-ligne.;Mode dégradé, restauration, canaux alternatifs, contrôle intégrité.;Moyenne;Élevée;Moyenne;désorganisation, réputation
934;Socio-culturel / politique / écologique;Rumeurs;Propagation rumeurs;Informatique / numérique;Cyberattaque opportuniste pendant la crise (phishing, ransom, DDoS);Cyberattaque opportuniste pendant la crise (phishing, ransom, DDoS) — Dans le contexte « Rumeurs » (Socio-culturel / politique / écologique). Propagation rumeurs. Points sensibles : désorganisation, réputation.;Exemple : Rumeurs → cyberattaque opportuniste pendant la crise (phishing, ransom, ddos) (ex. décisions immédiates, coordination, reprise).;Perte outils, rupture communications, fuite info.;Segmentation, sauvegardes, redondance télécom, procédures hors-ligne.;Mode dégradé, restauration, canaux alternatifs, contrôle intégrité.;Moyenne;Élevée;Moyenne;désorganisation, réputation
935;Socio-culturel / politique / écologique;Rumeurs;Propagation rumeurs;Défaillance / résilience;Effet domino multi-réseaux (énergie + télécom + eau);Effet domino multi-réseaux (énergie + télécom + eau) — Dans le contexte « Rumeurs » (Socio-culturel / politique / écologique). Propagation rumeurs. Points sensibles : désorganisation, réputation.;Exemple : Rumeurs → effet domino multi-réseaux (énergie + télécom + eau) (ex. décisions immédiates, coordination, reprise).;Domino multi-systèmes, crise prolongée, défaillance gouvernance.;Tests de résilience, exercices multi-crises, cartographie dépendances.;Limiter le domino, renforcer gouvernance, cellules spécialisées, REX.;Moyenne;Élevée;Moyenne;désorganisation, réputation
936;Socio-culturel / politique / écologique;Rumeurs;Propagation rumeurs;Défaillance / résilience;Défaillance d’un acteur clé (prestataire, fournisseur, opérateur);Défaillance d’un acteur clé (prestataire, fournisseur, opérateur) — Dans le contexte « Rumeurs » (Socio-culturel / politique / écologique). Propagation rumeurs. Points sensibles : désorganisation, réputation.;Exemple : Rumeurs → défaillance d’un acteur clé (prestataire, fournisseur, opérateur) (ex. décisions immédiates, coordination, reprise).;Domino multi-systèmes, crise prolongée, défaillance gouvernance.;Tests de résilience, exercices multi-crises, cartographie dépendances.;Limiter le domino, renforcer gouvernance, cellules spécialisées, REX.;Moyenne;Élevée;Moyenne;désorganisation, réputation
937;Socio-culturel / politique / écologique;Décision publique;Arrêté / fermeture administrative;Opérationnel;Arrêt immédiat des activités et sécurisation du périmètre;Arrêt immédiat des activités et sécurisation du périmètre — Dans le contexte « Décision publique » (Socio-culturel / politique / écologique). Arrêté / fermeture administrative. Points sensibles : arrêt, conformité.;Exemple : Décision publique → arrêt immédiat des activités et sécurisation du périmètre (ex. décisions immédiates, coordination, reprise).;Arrêt/retards, mode dégradé, impacts usagers/clients.;PCA/PRA, procédures mode dégradé, exercices réguliers, annuaire crise.;Arrêt sécurisé, priorisation activités, cellule terrain, points de situation.;Moyenne;Élevée;Moyenne;arrêt, conformité
938;Socio-culturel / politique / écologique;Décision publique;Arrêté / fermeture administrative;Opérationnel;Désorganisation de la coordination multi-acteurs (secours, autorités, partenaires);Désorganisation de la coordination multi-acteurs (secours, autorités, partenaires) — Dans le contexte « Décision publique » (Socio-culturel / politique / écologique). Arrêté / fermeture administrative. Points sensibles : arrêt, conformité.;Exemple : Décision publique → désorganisation de la coordination multi-acteurs (secours, autorités, partenaires) (ex. décisions immédiates, coordination, reprise).;Arrêt/retards, mode dégradé, impacts usagers/clients.;PCA/PRA, procédures mode dégradé, exercices réguliers, annuaire crise.;Arrêt sécurisé, priorisation activités, cellule terrain, points de situation.;Moyenne;Élevée;Moyenne;arrêt, conformité
939;Socio-culturel / politique / écologique;Décision publique;Arrêté / fermeture administrative;Industriel / technique;Destruction d’ouvrages ou d’équipements critiques;Destruction d’ouvrages ou d’équipements critiques — Dans le contexte « Décision publique » (Socio-culturel / politique / écologique). Arrêté / fermeture administrative. Points sensibles : arrêt, conformité.;Exemple : Décision publique → destruction d’ouvrages ou d’équipements critiques (ex. décisions immédiates, coordination, reprise).;Dommages matériels, risques de sur-accident, indisponibilité d’équipements.;Maintenance préventive, inspections, redondances techniques, permis de travail.;Mise en sécurité, réparations, expertises, reprise sous conditions.;Moyenne;Élevée;Moyenne;arrêt, conformité
940;Socio-culturel / politique / écologique;Décision publique;Arrêté / fermeture administrative;Industriel / technique;Déclenchement de sécurités et arrêt automatique des systèmes;Déclenchement de sécurités et arrêt automatique des systèmes — Dans le contexte « Décision publique » (Socio-culturel / politique / écologique). Arrêté / fermeture administrative. Points sensibles : arrêt, conformité.;Exemple : Décision publique → déclenchement de sécurités et arrêt automatique des systèmes (ex. décisions immédiates, coordination, reprise).;Dommages matériels, risques de sur-accident, indisponibilité d’équipements.;Maintenance préventive, inspections, redondances techniques, permis de travail.;Mise en sécurité, réparations, expertises, reprise sous conditions.;Moyenne;Élevée;Moyenne;arrêt, conformité
941;Socio-culturel / politique / écologique;Décision publique;Arrêté / fermeture administrative;Ressources humaines;Traumatisme des équipes et stress post-évènement (RPS);Traumatisme des équipes et stress post-évènement (RPS) — Dans le contexte « Décision publique » (Socio-culturel / politique / écologique). Arrêté / fermeture administrative. Points sensibles : arrêt, conformité.;Exemple : Décision publique → traumatisme des équipes et stress post-évènement (rps) (ex. décisions immédiates, coordination, reprise).;Choc, fatigue, absentéisme, tensions sociales.;Prévention RPS, formation managers, rotations astreinte, culture Stop Work.;Soutien psychologique, communication interne, renforts, repos imposé.;Moyenne;Élevée;Moyenne;arrêt, conformité
942;Socio-culturel / politique / écologique;Décision publique;Arrêté / fermeture administrative;Ressources humaines;Exposition à des risques physiques (chaleur, fumées, toxiques);Exposition à des risques physiques (chaleur, fumées, toxiques) — Dans le contexte « Décision publique » (Socio-culturel / politique / écologique). Arrêté / fermeture administrative. Points sensibles : arrêt, conformité.;Exemple : Décision publique → exposition à des risques physiques (chaleur, fumées, toxiques) (ex. décisions immédiates, coordination, reprise).;Choc, fatigue, absentéisme, tensions sociales.;Prévention RPS, formation managers, rotations astreinte, culture Stop Work.;Soutien psychologique, communication interne, renforts, repos imposé.;Moyenne;Élevée;Moyenne;arrêt, conformité
943;Socio-culturel / politique / écologique;Décision publique;Arrêté / fermeture administrative;Juridique / conformité;Mise en cause pénale (accident grave, mise en danger, pollution);Mise en cause pénale (accident grave, mise en danger, pollution) — Dans le contexte « Décision publique » (Socio-culturel / politique / écologique). Arrêté / fermeture administrative. Points sensibles : arrêt, conformité.;Exemple : Décision publique → mise en cause pénale (accident grave, mise en danger, pollution) (ex. décisions immédiates, coordination, reprise).;Enquêtes, obligations, contentieux, sanctions.;Veille réglementaire, audits, plans de prévention, conservation des preuves.;Déclarations, interface autorités, stratégie contentieuse, documentation.;Moyenne;Critique;Élevée;arrêt, conformité
944;Socio-culturel / politique / écologique;Décision publique;Arrêté / fermeture administrative;Juridique / conformité;Contentieux contractuels (pénalités, retards, responsabilités);Contentieux contractuels (pénalités, retards, responsabilités) — Dans le contexte « Décision publique » (Socio-culturel / politique / écologique). Arrêté / fermeture administrative. Points sensibles : arrêt, conformité.;Exemple : Décision publique → contentieux contractuels (pénalités, retards, responsabilités) (ex. décisions immédiates, coordination, reprise).;Enquêtes, obligations, contentieux, sanctions.;Veille réglementaire, audits, plans de prévention, conservation des preuves.;Déclarations, interface autorités, stratégie contentieuse, documentation.;Moyenne;Critique;Élevée;arrêt, conformité
945;Socio-culturel / politique / écologique;Décision publique;Arrêté / fermeture administrative;Financier;Coûts de réparation et de remise en état (ouvrages, équipements);Coûts de réparation et de remise en état (ouvrages, équipements) — Dans le contexte « Décision publique » (Socio-culturel / politique / écologique). Arrêté / fermeture administrative. Points sensibles : arrêt, conformité.;Exemple : Décision publique → coûts de réparation et de remise en état (ouvrages, équipements) (ex. décisions immédiates, coordination, reprise).;Pertes d’exploitation, coûts de remise en état, hausse primes/franchises.;Assurances adaptées, budgets d’urgence, suivi trésorerie, clauses contractuelles.;Activation fonds d’urgence, suivi coûts, déclaration assureur, mitigation pénalités.;Moyenne;Élevée;Moyenne;arrêt, conformité
946;Socio-culturel / politique / écologique;Décision publique;Arrêté / fermeture administrative;Financier;Hausse des primes, franchises et difficultés d’assurabilité;Hausse des primes, franchises et difficultés d’assurabilité — Dans le contexte « Décision publique » (Socio-culturel / politique / écologique). Arrêté / fermeture administrative. Points sensibles : arrêt, conformité.;Exemple : Décision publique → hausse des primes, franchises et difficultés d’assurabilité (ex. décisions immédiates, coordination, reprise).;Pertes d’exploitation, coûts de remise en état, hausse primes/franchises.;Assurances adaptées, budgets d’urgence, suivi trésorerie, clauses contractuelles.;Activation fonds d’urgence, suivi coûts, déclaration assureur, mitigation pénalités.;Moyenne;Élevée;Moyenne;arrêt, conformité
947;Socio-culturel / politique / écologique;Décision publique;Arrêté / fermeture administrative;Image / réputation;Médiatisation nationale / locale et perte de confiance;Médiatisation nationale / locale et perte de confiance — Dans le contexte « Décision publique » (Socio-culturel / politique / écologique). Arrêté / fermeture administrative. Points sensibles : arrêt, conformité.;Exemple : Décision publique → médiatisation nationale / locale et perte de confiance (ex. décisions immédiates, coordination, reprise).;Perte de confiance, pression médiatique, rumeurs.;Veille médias, porte-parole, éléments de langage, charte RS.;Communication factuelle/empathetic, lutte rumeurs, coordination autorités.;Moyenne;Élevée;Moyenne;arrêt, conformité
948;Socio-culturel / politique / écologique;Décision publique;Arrêté / fermeture administrative;Image / réputation;Perception d’impréparation ou de manque de transparence;Perception d’impréparation ou de manque de transparence — Dans le contexte « Décision publique » (Socio-culturel / politique / écologique). Arrêté / fermeture administrative. Points sensibles : arrêt, conformité.;Exemple : Décision publique → perception d’impréparation ou de manque de transparence (ex. décisions immédiates, coordination, reprise).;Perte de confiance, pression médiatique, rumeurs.;Veille médias, porte-parole, éléments de langage, charte RS.;Communication factuelle/empathetic, lutte rumeurs, coordination autorités.;Moyenne;Élevée;Moyenne;arrêt, conformité
949;Socio-culturel / politique / écologique;Décision publique;Arrêté / fermeture administrative;Géopolitique / institutionnel;Intervention de l’État / autorités (préfecture, inspection, régulateur);Intervention de l’État / autorités (préfecture, inspection, régulateur) — Dans le contexte « Décision publique » (Socio-culturel / politique / écologique). Arrêté / fermeture administrative. Points sensibles : arrêt, conformité.;Exemple : Décision publique → intervention de l’état / autorités (préfecture, inspection, régulateur) (ex. décisions immédiates, coordination, reprise).;Injonctions, contrôles, arbitrages publics, priorisation ressources.;Veille institutionnelle, carto parties prenantes, protocoles autorités.;Coordination préf/mairie/régulateurs, demandes de moyens publics.;Moyenne;Élevée;Moyenne;arrêt, conformité
950;Socio-culturel / politique / écologique;Décision publique;Arrêté / fermeture administrative;Géopolitique / institutionnel;Priorisation nationale des ressources (énergie, santé, sécurité);Priorisation nationale des ressources (énergie, santé, sécurité) — Dans le contexte « Décision publique » (Socio-culturel / politique / écologique). Arrêté / fermeture administrative. Points sensibles : arrêt, conformité.;Exemple : Décision publique → priorisation nationale des ressources (énergie, santé, sécurité) (ex. décisions immédiates, coordination, reprise).;Injonctions, contrôles, arbitrages publics, priorisation ressources.;Veille institutionnelle, carto parties prenantes, protocoles autorités.;Coordination préf/mairie/régulateurs, demandes de moyens publics.;Moyenne;Élevée;Moyenne;arrêt, conformité
951;Socio-culturel / politique / écologique;Décision publique;Arrêté / fermeture administrative;Informatique / numérique;Perte du SI local (supervision, communications, annuaire, outils métier);Perte du SI local (supervision, communications, annuaire, outils métier) — Dans le contexte « Décision publique » (Socio-culturel / politique / écologique). Arrêté / fermeture administrative. Points sensibles : arrêt, conformité.;Exemple : Décision publique → perte du si local (supervision, communications, annuaire, outils métier) (ex. décisions immédiates, coordination, reprise).;Perte outils, rupture communications, fuite info.;Segmentation, sauvegardes, redondance télécom, procédures hors-ligne.;Mode dégradé, restauration, canaux alternatifs, contrôle intégrité.;Moyenne;Élevée;Moyenne;arrêt, conformité
952;Socio-culturel / politique / écologique;Décision publique;Arrêté / fermeture administrative;Informatique / numérique;Cyberattaque opportuniste pendant la crise (phishing, ransom, DDoS);Cyberattaque opportuniste pendant la crise (phishing, ransom, DDoS) — Dans le contexte « Décision publique » (Socio-culturel / politique / écologique). Arrêté / fermeture administrative. Points sensibles : arrêt, conformité.;Exemple : Décision publique → cyberattaque opportuniste pendant la crise (phishing, ransom, ddos) (ex. décisions immédiates, coordination, reprise).;Perte outils, rupture communications, fuite info.;Segmentation, sauvegardes, redondance télécom, procédures hors-ligne.;Mode dégradé, restauration, canaux alternatifs, contrôle intégrité.;Moyenne;Élevée;Moyenne;arrêt, conformité
953;Socio-culturel / politique / écologique;Décision publique;Arrêté / fermeture administrative;Défaillance / résilience;Effet domino multi-réseaux (énergie + télécom + eau);Effet domino multi-réseaux (énergie + télécom + eau) — Dans le contexte « Décision publique » (Socio-culturel / politique / écologique). Arrêté / fermeture administrative. Points sensibles : arrêt, conformité.;Exemple : Décision publique → effet domino multi-réseaux (énergie + télécom + eau) (ex. décisions immédiates, coordination, reprise).;Domino multi-systèmes, crise prolongée, défaillance gouvernance.;Tests de résilience, exercices multi-crises, cartographie dépendances.;Limiter le domino, renforcer gouvernance, cellules spécialisées, REX.;Moyenne;Élevée;Moyenne;arrêt, conformité
954;Socio-culturel / politique / écologique;Décision publique;Arrêté / fermeture administrative;Défaillance / résilience;Défaillance d’un acteur clé (prestataire, fournisseur, opérateur);Défaillance d’un acteur clé (prestataire, fournisseur, opérateur) — Dans le contexte « Décision publique » (Socio-culturel / politique / écologique). Arrêté / fermeture administrative. Points sensibles : arrêt, conformité.;Exemple : Décision publique → défaillance d’un acteur clé (prestataire, fournisseur, opérateur) (ex. décisions immédiates, coordination, reprise).;Domino multi-systèmes, crise prolongée, défaillance gouvernance.;Tests de résilience, exercices multi-crises, cartographie dépendances.;Limiter le domino, renforcer gouvernance, cellules spécialisées, REX.;Moyenne;Élevée;Moyenne;arrêt, conformité
955;Socio-culturel / politique / écologique;Conflit armé (effets);Effets indirects sur économie;Opérationnel;Arrêt immédiat des activités et sécurisation du périmètre;Arrêt immédiat des activités et sécurisation du périmètre — Dans le contexte « Conflit armé (effets) » (Socio-culturel / politique / écologique). Effets indirects sur économie. Points sensibles : supply, énergie.;Exemple : Conflit armé (effets) → arrêt immédiat des activités et sécurisation du périmètre (ex. décisions immédiates, coordination, reprise).;Arrêt/retards, mode dégradé, impacts usagers/clients.;PCA/PRA, procédures mode dégradé, exercices réguliers, annuaire crise.;Arrêt sécurisé, priorisation activités, cellule terrain, points de situation.;Moyenne;Élevée;Moyenne;supply, énergie
956;Socio-culturel / politique / écologique;Conflit armé (effets);Effets indirects sur économie;Opérationnel;Désorganisation de la coordination multi-acteurs (secours, autorités, partenaires);Désorganisation de la coordination multi-acteurs (secours, autorités, partenaires) — Dans le contexte « Conflit armé (effets) » (Socio-culturel / politique / écologique). Effets indirects sur économie. Points sensibles : supply, énergie.;Exemple : Conflit armé (effets) → désorganisation de la coordination multi-acteurs (secours, autorités, partenaires) (ex. décisions immédiates, coordination, reprise).;Arrêt/retards, mode dégradé, impacts usagers/clients.;PCA/PRA, procédures mode dégradé, exercices réguliers, annuaire crise.;Arrêt sécurisé, priorisation activités, cellule terrain, points de situation.;Moyenne;Élevée;Moyenne;supply, énergie
957;Socio-culturel / politique / écologique;Conflit armé (effets);Effets indirects sur économie;Industriel / technique;Destruction d’ouvrages ou d’équipements critiques;Destruction d’ouvrages ou d’équipements critiques — Dans le contexte « Conflit armé (effets) » (Socio-culturel / politique / écologique). Effets indirects sur économie. Points sensibles : supply, énergie.;Exemple : Conflit armé (effets) → destruction d’ouvrages ou d’équipements critiques (ex. décisions immédiates, coordination, reprise).;Dommages matériels, risques de sur-accident, indisponibilité d’équipements.;Maintenance préventive, inspections, redondances techniques, permis de travail.;Mise en sécurité, réparations, expertises, reprise sous conditions.;Moyenne;Élevée;Moyenne;supply, énergie
958;Socio-culturel / politique / écologique;Conflit armé (effets);Effets indirects sur économie;Industriel / technique;Déclenchement de sécurités et arrêt automatique des systèmes;Déclenchement de sécurités et arrêt automatique des systèmes — Dans le contexte « Conflit armé (effets) » (Socio-culturel / politique / écologique). Effets indirects sur économie. Points sensibles : supply, énergie.;Exemple : Conflit armé (effets) → déclenchement de sécurités et arrêt automatique des systèmes (ex. décisions immédiates, coordination, reprise).;Dommages matériels, risques de sur-accident, indisponibilité d’équipements.;Maintenance préventive, inspections, redondances techniques, permis de travail.;Mise en sécurité, réparations, expertises, reprise sous conditions.;Moyenne;Élevée;Moyenne;supply, énergie
959;Socio-culturel / politique / écologique;Conflit armé (effets);Effets indirects sur économie;Ressources humaines;Traumatisme des équipes et stress post-évènement (RPS);Traumatisme des équipes et stress post-évènement (RPS) — Dans le contexte « Conflit armé (effets) » (Socio-culturel / politique / écologique). Effets indirects sur économie. Points sensibles : supply, énergie.;Exemple : Conflit armé (effets) → traumatisme des équipes et stress post-évènement (rps) (ex. décisions immédiates, coordination, reprise).;Choc, fatigue, absentéisme, tensions sociales.;Prévention RPS, formation managers, rotations astreinte, culture Stop Work.;Soutien psychologique, communication interne, renforts, repos imposé.;Moyenne;Élevée;Moyenne;supply, énergie
960;Socio-culturel / politique / écologique;Conflit armé (effets);Effets indirects sur économie;Ressources humaines;Exposition à des risques physiques (chaleur, fumées, toxiques);Exposition à des risques physiques (chaleur, fumées, toxiques) — Dans le contexte « Conflit armé (effets) » (Socio-culturel / politique / écologique). Effets indirects sur économie. Points sensibles : supply, énergie.;Exemple : Conflit armé (effets) → exposition à des risques physiques (chaleur, fumées, toxiques) (ex. décisions immédiates, coordination, reprise).;Choc, fatigue, absentéisme, tensions sociales.;Prévention RPS, formation managers, rotations astreinte, culture Stop Work.;Soutien psychologique, communication interne, renforts, repos imposé.;Moyenne;Élevée;Moyenne;supply, énergie
961;Socio-culturel / politique / écologique;Conflit armé (effets);Effets indirects sur économie;Juridique / conformité;Mise en cause pénale (accident grave, mise en danger, pollution);Mise en cause pénale (accident grave, mise en danger, pollution) — Dans le contexte « Conflit armé (effets) » (Socio-culturel / politique / écologique). Effets indirects sur économie. Points sensibles : supply, énergie.;Exemple : Conflit armé (effets) → mise en cause pénale (accident grave, mise en danger, pollution) (ex. décisions immédiates, coordination, reprise).;Enquêtes, obligations, contentieux, sanctions.;Veille réglementaire, audits, plans de prévention, conservation des preuves.;Déclarations, interface autorités, stratégie contentieuse, documentation.;Moyenne;Critique;Élevée;supply, énergie
962;Socio-culturel / politique / écologique;Conflit armé (effets);Effets indirects sur économie;Juridique / conformité;Contentieux contractuels (pénalités, retards, responsabilités);Contentieux contractuels (pénalités, retards, responsabilités) — Dans le contexte « Conflit armé (effets) » (Socio-culturel / politique / écologique). Effets indirects sur économie. Points sensibles : supply, énergie.;Exemple : Conflit armé (effets) → contentieux contractuels (pénalités, retards, responsabilités) (ex. décisions immédiates, coordination, reprise).;Enquêtes, obligations, contentieux, sanctions.;Veille réglementaire, audits, plans de prévention, conservation des preuves.;Déclarations, interface autorités, stratégie contentieuse, documentation.;Moyenne;Critique;Élevée;supply, énergie
963;Socio-culturel / politique / écologique;Conflit armé (effets);Effets indirects sur économie;Financier;Coûts de réparation et de remise en état (ouvrages, équipements);Coûts de réparation et de remise en état (ouvrages, équipements) — Dans le contexte « Conflit armé (effets) » (Socio-culturel / politique / écologique). Effets indirects sur économie. Points sensibles : supply, énergie.;Exemple : Conflit armé (effets) → coûts de réparation et de remise en état (ouvrages, équipements) (ex. décisions immédiates, coordination, reprise).;Pertes d’exploitation, coûts de remise en état, hausse primes/franchises.;Assurances adaptées, budgets d’urgence, suivi trésorerie, clauses contractuelles.;Activation fonds d’urgence, suivi coûts, déclaration assureur, mitigation pénalités.;Moyenne;Élevée;Moyenne;supply, énergie
964;Socio-culturel / politique / écologique;Conflit armé (effets);Effets indirects sur économie;Financier;Hausse des primes, franchises et difficultés d’assurabilité;Hausse des primes, franchises et difficultés d’assurabilité — Dans le contexte « Conflit armé (effets) » (Socio-culturel / politique / écologique). Effets indirects sur économie. Points sensibles : supply, énergie.;Exemple : Conflit armé (effets) → hausse des primes, franchises et difficultés d’assurabilité (ex. décisions immédiates, coordination, reprise).;Pertes d’exploitation, coûts de remise en état, hausse primes/franchises.;Assurances adaptées, budgets d’urgence, suivi trésorerie, clauses contractuelles.;Activation fonds d’urgence, suivi coûts, déclaration assureur, mitigation pénalités.;Moyenne;Élevée;Moyenne;supply, énergie
965;Socio-culturel / politique / écologique;Conflit armé (effets);Effets indirects sur économie;Image / réputation;Médiatisation nationale / locale et perte de confiance;Médiatisation nationale / locale et perte de confiance — Dans le contexte « Conflit armé (effets) » (Socio-culturel / politique / écologique). Effets indirects sur économie. Points sensibles : supply, énergie.;Exemple : Conflit armé (effets) → médiatisation nationale / locale et perte de confiance (ex. décisions immédiates, coordination, reprise).;Perte de confiance, pression médiatique, rumeurs.;Veille médias, porte-parole, éléments de langage, charte RS.;Communication factuelle/empathetic, lutte rumeurs, coordination autorités.;Moyenne;Élevée;Moyenne;supply, énergie
966;Socio-culturel / politique / écologique;Conflit armé (effets);Effets indirects sur économie;Image / réputation;Perception d’impréparation ou de manque de transparence;Perception d’impréparation ou de manque de transparence — Dans le contexte « Conflit armé (effets) » (Socio-culturel / politique / écologique). Effets indirects sur économie. Points sensibles : supply, énergie.;Exemple : Conflit armé (effets) → perception d’impréparation ou de manque de transparence (ex. décisions immédiates, coordination, reprise).;Perte de confiance, pression médiatique, rumeurs.;Veille médias, porte-parole, éléments de langage, charte RS.;Communication factuelle/empathetic, lutte rumeurs, coordination autorités.;Moyenne;Élevée;Moyenne;supply, énergie
967;Socio-culturel / politique / écologique;Conflit armé (effets);Effets indirects sur économie;Géopolitique / institutionnel;Intervention de l’État / autorités (préfecture, inspection, régulateur);Intervention de l’État / autorités (préfecture, inspection, régulateur) — Dans le contexte « Conflit armé (effets) » (Socio-culturel / politique / écologique). Effets indirects sur économie. Points sensibles : supply, énergie.;Exemple : Conflit armé (effets) → intervention de l’état / autorités (préfecture, inspection, régulateur) (ex. décisions immédiates, coordination, reprise).;Injonctions, contrôles, arbitrages publics, priorisation ressources.;Veille institutionnelle, carto parties prenantes, protocoles autorités.;Coordination préf/mairie/régulateurs, demandes de moyens publics.;Moyenne;Élevée;Moyenne;supply, énergie
968;Socio-culturel / politique / écologique;Conflit armé (effets);Effets indirects sur économie;Géopolitique / institutionnel;Priorisation nationale des ressources (énergie, santé, sécurité);Priorisation nationale des ressources (énergie, santé, sécurité) — Dans le contexte « Conflit armé (effets) » (Socio-culturel / politique / écologique). Effets indirects sur économie. Points sensibles : supply, énergie.;Exemple : Conflit armé (effets) → priorisation nationale des ressources (énergie, santé, sécurité) (ex. décisions immédiates, coordination, reprise).;Injonctions, contrôles, arbitrages publics, priorisation ressources.;Veille institutionnelle, carto parties prenantes, protocoles autorités.;Coordination préf/mairie/régulateurs, demandes de moyens publics.;Moyenne;Élevée;Moyenne;supply, énergie
969;Socio-culturel / politique / écologique;Conflit armé (effets);Effets indirects sur économie;Informatique / numérique;Perte du SI local (supervision, communications, annuaire, outils métier);Perte du SI local (supervision, communications, annuaire, outils métier) — Dans le contexte « Conflit armé (effets) » (Socio-culturel / politique / écologique). Effets indirects sur économie. Points sensibles : supply, énergie.;Exemple : Conflit armé (effets) → perte du si local (supervision, communications, annuaire, outils métier) (ex. décisions immédiates, coordination, reprise).;Perte outils, rupture communications, fuite info.;Segmentation, sauvegardes, redondance télécom, procédures hors-ligne.;Mode dégradé, restauration, canaux alternatifs, contrôle intégrité.;Moyenne;Élevée;Moyenne;supply, énergie
970;Socio-culturel / politique / écologique;Conflit armé (effets);Effets indirects sur économie;Informatique / numérique;Cyberattaque opportuniste pendant la crise (phishing, ransom, DDoS);Cyberattaque opportuniste pendant la crise (phishing, ransom, DDoS) — Dans le contexte « Conflit armé (effets) » (Socio-culturel / politique / écologique). Effets indirects sur économie. Points sensibles : supply, énergie.;Exemple : Conflit armé (effets) → cyberattaque opportuniste pendant la crise (phishing, ransom, ddos) (ex. décisions immédiates, coordination, reprise).;Perte outils, rupture communications, fuite info.;Segmentation, sauvegardes, redondance télécom, procédures hors-ligne.;Mode dégradé, restauration, canaux alternatifs, contrôle intégrité.;Moyenne;Élevée;Moyenne;supply, énergie
971;Socio-culturel / politique / écologique;Conflit armé (effets);Effets indirects sur économie;Défaillance / résilience;Effet domino multi-réseaux (énergie + télécom + eau);Effet domino multi-réseaux (énergie + télécom + eau) — Dans le contexte « Conflit armé (effets) » (Socio-culturel / politique / écologique). Effets indirects sur économie. Points sensibles : supply, énergie.;Exemple : Conflit armé (effets) → effet domino multi-réseaux (énergie + télécom + eau) (ex. décisions immédiates, coordination, reprise).;Domino multi-systèmes, crise prolongée, défaillance gouvernance.;Tests de résilience, exercices multi-crises, cartographie dépendances.;Limiter le domino, renforcer gouvernance, cellules spécialisées, REX.;Moyenne;Élevée;Moyenne;supply, énergie
972;Socio-culturel / politique / écologique;Conflit armé (effets);Effets indirects sur économie;Défaillance / résilience;Défaillance d’un acteur clé (prestataire, fournisseur, opérateur);Défaillance d’un acteur clé (prestataire, fournisseur, opérateur) — Dans le contexte « Conflit armé (effets) » (Socio-culturel / politique / écologique). Effets indirects sur économie. Points sensibles : supply, énergie.;Exemple : Conflit armé (effets) → défaillance d’un acteur clé (prestataire, fournisseur, opérateur) (ex. décisions immédiates, coordination, reprise).;Domino multi-systèmes, crise prolongée, défaillance gouvernance.;Tests de résilience, exercices multi-crises, cartographie dépendances.;Limiter le domino, renforcer gouvernance, cellules spécialisées, REX.;Moyenne;Élevée;Moyenne;supply, énergie
973;Socio-culturel / politique / écologique;Activisme écologique;Action militante sur site;Opérationnel;Arrêt immédiat des activités et sécurisation du périmètre;Arrêt immédiat des activités et sécurisation du périmètre — Dans le contexte « Activisme écologique » (Socio-culturel / politique / écologique). Action militante sur site. Points sensibles : blocage, réputation.;Exemple : Activisme écologique → arrêt immédiat des activités et sécurisation du périmètre (ex. décisions immédiates, coordination, reprise).;Arrêt/retards, mode dégradé, impacts usagers/clients.;PCA/PRA, procédures mode dégradé, exercices réguliers, annuaire crise.;Arrêt sécurisé, priorisation activités, cellule terrain, points de situation.;Moyenne;Élevée;Moyenne;blocage, réputation
974;Socio-culturel / politique / écologique;Activisme écologique;Action militante sur site;Opérationnel;Désorganisation de la coordination multi-acteurs (secours, autorités, partenaires);Désorganisation de la coordination multi-acteurs (secours, autorités, partenaires) — Dans le contexte « Activisme écologique » (Socio-culturel / politique / écologique). Action militante sur site. Points sensibles : blocage, réputation.;Exemple : Activisme écologique → désorganisation de la coordination multi-acteurs (secours, autorités, partenaires) (ex. décisions immédiates, coordination, reprise).;Arrêt/retards, mode dégradé, impacts usagers/clients.;PCA/PRA, procédures mode dégradé, exercices réguliers, annuaire crise.;Arrêt sécurisé, priorisation activités, cellule terrain, points de situation.;Moyenne;Élevée;Moyenne;blocage, réputation
975;Socio-culturel / politique / écologique;Activisme écologique;Action militante sur site;Industriel / technique;Destruction d’ouvrages ou d’équipements critiques;Destruction d’ouvrages ou d’équipements critiques — Dans le contexte « Activisme écologique » (Socio-culturel / politique / écologique). Action militante sur site. Points sensibles : blocage, réputation.;Exemple : Activisme écologique → destruction d’ouvrages ou d’équipements critiques (ex. décisions immédiates, coordination, reprise).;Dommages matériels, risques de sur-accident, indisponibilité d’équipements.;Maintenance préventive, inspections, redondances techniques, permis de travail.;Mise en sécurité, réparations, expertises, reprise sous conditions.;Moyenne;Élevée;Moyenne;blocage, réputation
976;Socio-culturel / politique / écologique;Activisme écologique;Action militante sur site;Industriel / technique;Déclenchement de sécurités et arrêt automatique des systèmes;Déclenchement de sécurités et arrêt automatique des systèmes — Dans le contexte « Activisme écologique » (Socio-culturel / politique / écologique). Action militante sur site. Points sensibles : blocage, réputation.;Exemple : Activisme écologique → déclenchement de sécurités et arrêt automatique des systèmes (ex. décisions immédiates, coordination, reprise).;Dommages matériels, risques de sur-accident, indisponibilité d’équipements.;Maintenance préventive, inspections, redondances techniques, permis de travail.;Mise en sécurité, réparations, expertises, reprise sous conditions.;Moyenne;Élevée;Moyenne;blocage, réputation
977;Socio-culturel / politique / écologique;Activisme écologique;Action militante sur site;Ressources humaines;Traumatisme des équipes et stress post-évènement (RPS);Traumatisme des équipes et stress post-évènement (RPS) — Dans le contexte « Activisme écologique » (Socio-culturel / politique / écologique). Action militante sur site. Points sensibles : blocage, réputation.;Exemple : Activisme écologique → traumatisme des équipes et stress post-évènement (rps) (ex. décisions immédiates, coordination, reprise).;Choc, fatigue, absentéisme, tensions sociales.;Prévention RPS, formation managers, rotations astreinte, culture Stop Work.;Soutien psychologique, communication interne, renforts, repos imposé.;Moyenne;Élevée;Moyenne;blocage, réputation
978;Socio-culturel / politique / écologique;Activisme écologique;Action militante sur site;Ressources humaines;Exposition à des risques physiques (chaleur, fumées, toxiques);Exposition à des risques physiques (chaleur, fumées, toxiques) — Dans le contexte « Activisme écologique » (Socio-culturel / politique / écologique). Action militante sur site. Points sensibles : blocage, réputation.;Exemple : Activisme écologique → exposition à des risques physiques (chaleur, fumées, toxiques) (ex. décisions immédiates, coordination, reprise).;Choc, fatigue, absentéisme, tensions sociales.;Prévention RPS, formation managers, rotations astreinte, culture Stop Work.;Soutien psychologique, communication interne, renforts, repos imposé.;Moyenne;Élevée;Moyenne;blocage, réputation
979;Socio-culturel / politique / écologique;Activisme écologique;Action militante sur site;Juridique / conformité;Mise en cause pénale (accident grave, mise en danger, pollution);Mise en cause pénale (accident grave, mise en danger, pollution) — Dans le contexte « Activisme écologique » (Socio-culturel / politique / écologique). Action militante sur site. Points sensibles : blocage, réputation.;Exemple : Activisme écologique → mise en cause pénale (accident grave, mise en danger, pollution) (ex. décisions immédiates, coordination, reprise).;Enquêtes, obligations, contentieux, sanctions.;Veille réglementaire, audits, plans de prévention, conservation des preuves.;Déclarations, interface autorités, stratégie contentieuse, documentation.;Moyenne;Critique;Élevée;blocage, réputation
980;Socio-culturel / politique / écologique;Activisme écologique;Action militante sur site;Juridique / conformité;Contentieux contractuels (pénalités, retards, responsabilités);Contentieux contractuels (pénalités, retards, responsabilités) — Dans le contexte « Activisme écologique » (Socio-culturel / politique / écologique). Action militante sur site. Points sensibles : blocage, réputation.;Exemple : Activisme écologique → contentieux contractuels (pénalités, retards, responsabilités) (ex. décisions immédiates, coordination, reprise).;Enquêtes, obligations, contentieux, sanctions.;Veille réglementaire, audits, plans de prévention, conservation des preuves.;Déclarations, interface autorités, stratégie contentieuse, documentation.;Moyenne;Critique;Élevée;blocage, réputation
981;Socio-culturel / politique / écologique;Activisme écologique;Action militante sur site;Financier;Coûts de réparation et de remise en état (ouvrages, équipements);Coûts de réparation et de remise en état (ouvrages, équipements) — Dans le contexte « Activisme écologique » (Socio-culturel / politique / écologique). Action militante sur site. Points sensibles : blocage, réputation.;Exemple : Activisme écologique → coûts de réparation et de remise en état (ouvrages, équipements) (ex. décisions immédiates, coordination, reprise).;Pertes d’exploitation, coûts de remise en état, hausse primes/franchises.;Assurances adaptées, budgets d’urgence, suivi trésorerie, clauses contractuelles.;Activation fonds d’urgence, suivi coûts, déclaration assureur, mitigation pénalités.;Moyenne;Élevée;Moyenne;blocage, réputation
982;Socio-culturel / politique / écologique;Activisme écologique;Action militante sur site;Financier;Hausse des primes, franchises et difficultés d’assurabilité;Hausse des primes, franchises et difficultés d’assurabilité — Dans le contexte « Activisme écologique » (Socio-culturel / politique / écologique). Action militante sur site. Points sensibles : blocage, réputation.;Exemple : Activisme écologique → hausse des primes, franchises et difficultés d’assurabilité (ex. décisions immédiates, coordination, reprise).;Pertes d’exploitation, coûts de remise en état, hausse primes/franchises.;Assurances adaptées, budgets d’urgence, suivi trésorerie, clauses contractuelles.;Activation fonds d’urgence, suivi coûts, déclaration assureur, mitigation pénalités.;Moyenne;Élevée;Moyenne;blocage, réputation
983;Socio-culturel / politique / écologique;Activisme écologique;Action militante sur site;Image / réputation;Médiatisation nationale / locale et perte de confiance;Médiatisation nationale / locale et perte de confiance — Dans le contexte « Activisme écologique » (Socio-culturel / politique / écologique). Action militante sur site. Points sensibles : blocage, réputation.;Exemple : Activisme écologique → médiatisation nationale / locale et perte de confiance (ex. décisions immédiates, coordination, reprise).;Perte de confiance, pression médiatique, rumeurs.;Veille médias, porte-parole, éléments de langage, charte RS.;Communication factuelle/empathetic, lutte rumeurs, coordination autorités.;Moyenne;Élevée;Moyenne;blocage, réputation
984;Socio-culturel / politique / écologique;Activisme écologique;Action militante sur site;Image / réputation;Perception d’impréparation ou de manque de transparence;Perception d’impréparation ou de manque de transparence — Dans le contexte « Activisme écologique » (Socio-culturel / politique / écologique). Action militante sur site. Points sensibles : blocage, réputation.;Exemple : Activisme écologique → perception d’impréparation ou de manque de transparence (ex. décisions immédiates, coordination, reprise).;Perte de confiance, pression médiatique, rumeurs.;Veille médias, porte-parole, éléments de langage, charte RS.;Communication factuelle/empathetic, lutte rumeurs, coordination autorités.;Moyenne;Élevée;Moyenne;blocage, réputation
985;Socio-culturel / politique / écologique;Activisme écologique;Action militante sur site;Géopolitique / institutionnel;Intervention de l’État / autorités (préfecture, inspection, régulateur);Intervention de l’État / autorités (préfecture, inspection, régulateur) — Dans le contexte « Activisme écologique » (Socio-culturel / politique / écologique). Action militante sur site. Points sensibles : blocage, réputation.;Exemple : Activisme écologique → intervention de l’état / autorités (préfecture, inspection, régulateur) (ex. décisions immédiates, coordination, reprise).;Injonctions, contrôles, arbitrages publics, priorisation ressources.;Veille institutionnelle, carto parties prenantes, protocoles autorités.;Coordination préf/mairie/régulateurs, demandes de moyens publics.;Moyenne;Élevée;Moyenne;blocage, réputation
986;Socio-culturel / politique / écologique;Activisme écologique;Action militante sur site;Géopolitique / institutionnel;Priorisation nationale des ressources (énergie, santé, sécurité);Priorisation nationale des ressources (énergie, santé, sécurité) — Dans le contexte « Activisme écologique » (Socio-culturel / politique / écologique). Action militante sur site. Points sensibles : blocage, réputation.;Exemple : Activisme écologique → priorisation nationale des ressources (énergie, santé, sécurité) (ex. décisions immédiates, coordination, reprise).;Injonctions, contrôles, arbitrages publics, priorisation ressources.;Veille institutionnelle, carto parties prenantes, protocoles autorités.;Coordination préf/mairie/régulateurs, demandes de moyens publics.;Moyenne;Élevée;Moyenne;blocage, réputation
987;Socio-culturel / politique / écologique;Activisme écologique;Action militante sur site;Informatique / numérique;Perte du SI local (supervision, communications, annuaire, outils métier);Perte du SI local (supervision, communications, annuaire, outils métier) — Dans le contexte « Activisme écologique » (Socio-culturel / politique / écologique). Action militante sur site. Points sensibles : blocage, réputation.;Exemple : Activisme écologique → perte du si local (supervision, communications, annuaire, outils métier) (ex. décisions immédiates, coordination, reprise).;Perte outils, rupture communications, fuite info.;Segmentation, sauvegardes, redondance télécom, procédures hors-ligne.;Mode dégradé, restauration, canaux alternatifs, contrôle intégrité.;Moyenne;Élevée;Moyenne;blocage, réputation
988;Socio-culturel / politique / écologique;Activisme écologique;Action militante sur site;Informatique / numérique;Cyberattaque opportuniste pendant la crise (phishing, ransom, DDoS);Cyberattaque opportuniste pendant la crise (phishing, ransom, DDoS) — Dans le contexte « Activisme écologique » (Socio-culturel / politique / écologique). Action militante sur site. Points sensibles : blocage, réputation.;Exemple : Activisme écologique → cyberattaque opportuniste pendant la crise (phishing, ransom, ddos) (ex. décisions immédiates, coordination, reprise).;Perte outils, rupture communications, fuite info.;Segmentation, sauvegardes, redondance télécom, procédures hors-ligne.;Mode dégradé, restauration, canaux alternatifs, contrôle intégrité.;Moyenne;Élevée;Moyenne;blocage, réputation
989;Socio-culturel / politique / écologique;Activisme écologique;Action militante sur site;Défaillance / résilience;Effet domino multi-réseaux (énergie + télécom + eau);Effet domino multi-réseaux (énergie + télécom + eau) — Dans le contexte « Activisme écologique » (Socio-culturel / politique / écologique). Action militante sur site. Points sensibles : blocage, réputation.;Exemple : Activisme écologique → effet domino multi-réseaux (énergie + télécom + eau) (ex. décisions immédiates, coordination, reprise).;Domino multi-systèmes, crise prolongée, défaillance gouvernance.;Tests de résilience, exercices multi-crises, cartographie dépendances.;Limiter le domino, renforcer gouvernance, cellules spécialisées, REX.;Moyenne;Élevée;Moyenne;blocage, réputation
990;Socio-culturel / politique / écologique;Activisme écologique;Action militante sur site;Défaillance / résilience;Défaillance d’un acteur clé (prestataire, fournisseur, opérateur);Défaillance d’un acteur clé (prestataire, fournisseur, opérateur) — Dans le contexte « Activisme écologique » (Socio-culturel / politique / écologique). Action militante sur site. Points sensibles : blocage, réputation.;Exemple : Activisme écologique → défaillance d’un acteur clé (prestataire, fournisseur, opérateur) (ex. décisions immédiates, coordination, reprise).;Domino multi-systèmes, crise prolongée, défaillance gouvernance.;Tests de résilience, exercices multi-crises, cartographie dépendances.;Limiter le domino, renforcer gouvernance, cellules spécialisées, REX.;Moyenne;Élevée;Moyenne;blocage, réputation
991;Socio-culturel / politique / écologique;Crise politique;Changement brutal cadre réglementaire;Opérationnel;Arrêt immédiat des activités et sécurisation du périmètre;Arrêt immédiat des activités et sécurisation du périmètre — Dans le contexte « Crise politique » (Socio-culturel / politique / écologique). Changement brutal cadre réglementaire. Points sensibles : stratégie, coûts.;Exemple : Crise politique → arrêt immédiat des activités et sécurisation du périmètre (ex. décisions immédiates, coordination, reprise).;Arrêt/retards, mode dégradé, impacts usagers/clients.;PCA/PRA, procédures mode dégradé, exercices réguliers, annuaire crise.;Arrêt sécurisé, priorisation activités, cellule terrain, points de situation.;Moyenne;Élevée;Moyenne;stratégie, coûts
992;Socio-culturel / politique / écologique;Crise politique;Changement brutal cadre réglementaire;Opérationnel;Désorganisation de la coordination multi-acteurs (secours, autorités, partenaires);Désorganisation de la coordination multi-acteurs (secours, autorités, partenaires) — Dans le contexte « Crise politique » (Socio-culturel / politique / écologique). Changement brutal cadre réglementaire. Points sensibles : stratégie, coûts.;Exemple : Crise politique → désorganisation de la coordination multi-acteurs (secours, autorités, partenaires) (ex. décisions immédiates, coordination, reprise).;Arrêt/retards, mode dégradé, impacts usagers/clients.;PCA/PRA, procédures mode dégradé, exercices réguliers, annuaire crise.;Arrêt sécurisé, priorisation activités, cellule terrain, points de situation.;Moyenne;Élevée;Moyenne;stratégie, coûts
993;Socio-culturel / politique / écologique;Crise politique;Changement brutal cadre réglementaire;Industriel / technique;Destruction d’ouvrages ou d’équipements critiques;Destruction d’ouvrages ou d’équipements critiques — Dans le contexte « Crise politique » (Socio-culturel / politique / écologique). Changement brutal cadre réglementaire. Points sensibles : stratégie, coûts.;Exemple : Crise politique → destruction d’ouvrages ou d’équipements critiques (ex. décisions immédiates, coordination, reprise).;Dommages matériels, risques de sur-accident, indisponibilité d’équipements.;Maintenance préventive, inspections, redondances techniques, permis de travail.;Mise en sécurité, réparations, expertises, reprise sous conditions.;Moyenne;Élevée;Moyenne;stratégie, coûts
994;Socio-culturel / politique / écologique;Crise politique;Changement brutal cadre réglementaire;Industriel / technique;Déclenchement de sécurités et arrêt automatique des systèmes;Déclenchement de sécurités et arrêt automatique des systèmes — Dans le contexte « Crise politique » (Socio-culturel / politique / écologique). Changement brutal cadre réglementaire. Points sensibles : stratégie, coûts.;Exemple : Crise politique → déclenchement de sécurités et arrêt automatique des systèmes (ex. décisions immédiates, coordination, reprise).;Dommages matériels, risques de sur-accident, indisponibilité d’équipements.;Maintenance préventive, inspections, redondances techniques, permis de travail.;Mise en sécurité, réparations, expertises, reprise sous conditions.;Moyenne;Élevée;Moyenne;stratégie, coûts
995;Socio-culturel / politique / écologique;Crise politique;Changement brutal cadre réglementaire;Ressources humaines;Traumatisme des équipes et stress post-évènement (RPS);Traumatisme des équipes et stress post-évènement (RPS) — Dans le contexte « Crise politique » (Socio-culturel / politique / écologique). Changement brutal cadre réglementaire. Points sensibles : stratégie, coûts.;Exemple : Crise politique → traumatisme des équipes et stress post-évènement (rps) (ex. décisions immédiates, coordination, reprise).;Choc, fatigue, absentéisme, tensions sociales.;Prévention RPS, formation managers, rotations astreinte, culture Stop Work.;Soutien psychologique, communication interne, renforts, repos imposé.;Moyenne;Élevée;Moyenne;stratégie, coûts
996;Socio-culturel / politique / écologique;Crise politique;Changement brutal cadre réglementaire;Ressources humaines;Exposition à des risques physiques (chaleur, fumées, toxiques);Exposition à des risques physiques (chaleur, fumées, toxiques) — Dans le contexte « Crise politique » (Socio-culturel / politique / écologique). Changement brutal cadre réglementaire. Points sensibles : stratégie, coûts.;Exemple : Crise politique → exposition à des risques physiques (chaleur, fumées, toxiques) (ex. décisions immédiates, coordination, reprise).;Choc, fatigue, absentéisme, tensions sociales.;Prévention RPS, formation managers, rotations astreinte, culture Stop Work.;Soutien psychologique, communication interne, renforts, repos imposé.;Moyenne;Élevée;Moyenne;stratégie, coûts
997;Socio-culturel / politique / écologique;Crise politique;Changement brutal cadre réglementaire;Juridique / conformité;Mise en cause pénale (accident grave, mise en danger, pollution);Mise en cause pénale (accident grave, mise en danger, pollution) — Dans le contexte « Crise politique » (Socio-culturel / politique / écologique). Changement brutal cadre réglementaire. Points sensibles : stratégie, coûts.;Exemple : Crise politique → mise en cause pénale (accident grave, mise en danger, pollution) (ex. décisions immédiates, coordination, reprise).;Enquêtes, obligations, contentieux, sanctions.;Veille réglementaire, audits, plans de prévention, conservation des preuves.;Déclarations, interface autorités, stratégie contentieuse, documentation.;Moyenne;Critique;Élevée;stratégie, coûts
998;Socio-culturel / politique / écologique;Crise politique;Changement brutal cadre réglementaire;Juridique / conformité;Contentieux contractuels (pénalités, retards, responsabilités);Contentieux contractuels (pénalités, retards, responsabilités) — Dans le contexte « Crise politique » (Socio-culturel / politique / écologique). Changement brutal cadre réglementaire. Points sensibles : stratégie, coûts.;Exemple : Crise politique → contentieux contractuels (pénalités, retards, responsabilités) (ex. décisions immédiates, coordination, reprise).;Enquêtes, obligations, contentieux, sanctions.;Veille réglementaire, audits, plans de prévention, conservation des preuves.;Déclarations, interface autorités, stratégie contentieuse, documentation.;Moyenne;Critique;Élevée;stratégie, coûts
999;Socio-culturel / politique / écologique;Crise politique;Changement brutal cadre réglementaire;Financier;Coûts de réparation et de remise en état (ouvrages, équipements);Coûts de réparation et de remise en état (ouvrages, équipements) — Dans le contexte « Crise politique » (Socio-culturel / politique / écologique). Changement brutal cadre réglementaire. Points sensibles : stratégie, coûts.;Exemple : Crise politique → coûts de réparation et de remise en état (ouvrages, équipements) (ex. décisions immédiates, coordination, reprise).;Pertes d’exploitation, coûts de remise en état, hausse primes/franchises.;Assurances adaptées, budgets d’urgence, suivi trésorerie, clauses contractuelles.;Activation fonds d’urgence, suivi coûts, déclaration assureur, mitigation pénalités.;Moyenne;Élevée;Moyenne;stratégie, coûts
1000;Socio-culturel / politique / écologique;Crise politique;Changement brutal cadre réglementaire;Financier;Hausse des primes, franchises et difficultés d’assurabilité;Hausse des primes, franchises et difficultés d’assurabilité — Dans le contexte « Crise politique » (Socio-culturel / politique / écologique). Changement brutal cadre réglementaire. Points sensibles : stratégie, coûts.;Exemple : Crise politique → hausse des primes, franchises et difficultés d’assurabilité (ex. décisions immédiates, coordination, reprise).;Pertes d’exploitation, coûts de remise en état, hausse primes/franchises.;Assurances adaptées, budgets d’urgence, suivi trésorerie, clauses contractuelles.;Activation fonds d’urgence, suivi coûts, déclaration assureur, mitigation pénalités.;Moyenne;Élevée;Moyenne;stratégie, coûts
1001;Socio-culturel / politique / écologique;Crise politique;Changement brutal cadre réglementaire;Image / réputation;Médiatisation nationale / locale et perte de confiance;Médiatisation nationale / locale et perte de confiance — Dans le contexte « Crise politique » (Socio-culturel / politique / écologique). Changement brutal cadre réglementaire. Points sensibles : stratégie, coûts.;Exemple : Crise politique → médiatisation nationale / locale et perte de confiance (ex. décisions immédiates, coordination, reprise).;Perte de confiance, pression médiatique, rumeurs.;Veille médias, porte-parole, éléments de langage, charte RS.;Communication factuelle/empathetic, lutte rumeurs, coordination autorités.;Moyenne;Élevée;Moyenne;stratégie, coûts
1002;Socio-culturel / politique / écologique;Crise politique;Changement brutal cadre réglementaire;Image / réputation;Perception d’impréparation ou de manque de transparence;Perception d’impréparation ou de manque de transparence — Dans le contexte « Crise politique » (Socio-culturel / politique / écologique). Changement brutal cadre réglementaire. Points sensibles : stratégie, coûts.;Exemple : Crise politique → perception d’impréparation ou de manque de transparence (ex. décisions immédiates, coordination, reprise).;Perte de confiance, pression médiatique, rumeurs.;Veille médias, porte-parole, éléments de langage, charte RS.;Communication factuelle/empathetic, lutte rumeurs, coordination autorités.;Moyenne;Élevée;Moyenne;stratégie, coûts
1003;Socio-culturel / politique / écologique;Crise politique;Changement brutal cadre réglementaire;Géopolitique / institutionnel;Intervention de l’État / autorités (préfecture, inspection, régulateur);Intervention de l’État / autorités (préfecture, inspection, régulateur) — Dans le contexte « Crise politique » (Socio-culturel / politique / écologique). Changement brutal cadre réglementaire. Points sensibles : stratégie, coûts.;Exemple : Crise politique → intervention de l’état / autorités (préfecture, inspection, régulateur) (ex. décisions immédiates, coordination, reprise).;Injonctions, contrôles, arbitrages publics, priorisation ressources.;Veille institutionnelle, carto parties prenantes, protocoles autorités.;Coordination préf/mairie/régulateurs, demandes de moyens publics.;Moyenne;Élevée;Moyenne;stratégie, coûts
1004;Socio-culturel / politique / écologique;Crise politique;Changement brutal cadre réglementaire;Géopolitique / institutionnel;Priorisation nationale des ressources (énergie, santé, sécurité);Priorisation nationale des ressources (énergie, santé, sécurité) — Dans le contexte « Crise politique » (Socio-culturel / politique / écologique). Changement brutal cadre réglementaire. Points sensibles : stratégie, coûts.;Exemple : Crise politique → priorisation nationale des ressources (énergie, santé, sécurité) (ex. décisions immédiates, coordination, reprise).;Injonctions, contrôles, arbitrages publics, priorisation ressources.;Veille institutionnelle, carto parties prenantes, protocoles autorités.;Coordination préf/mairie/régulateurs, demandes de moyens publics.;Moyenne;Élevée;Moyenne;stratégie, coûts
1005;Socio-culturel / politique / écologique;Crise politique;Changement brutal cadre réglementaire;Informatique / numérique;Perte du SI local (supervision, communications, annuaire, outils métier);Perte du SI local (supervision, communications, annuaire, outils métier) — Dans le contexte « Crise politique » (Socio-culturel / politique / écologique). Changement brutal cadre réglementaire. Points sensibles : stratégie, coûts.;Exemple : Crise politique → perte du si local (supervision, communications, annuaire, outils métier) (ex. décisions immédiates, coordination, reprise).;Perte outils, rupture communications, fuite info.;Segmentation, sauvegardes, redondance télécom, procédures hors-ligne.;Mode dégradé, restauration, canaux alternatifs, contrôle intégrité.;Moyenne;Élevée;Moyenne;stratégie, coûts
1006;Socio-culturel / politique / écologique;Crise politique;Changement brutal cadre réglementaire;Informatique / numérique;Cyberattaque opportuniste pendant la crise (phishing, ransom, DDoS);Cyberattaque opportuniste pendant la crise (phishing, ransom, DDoS) — Dans le contexte « Crise politique » (Socio-culturel / politique / écologique). Changement brutal cadre réglementaire. Points sensibles : stratégie, coûts.;Exemple : Crise politique → cyberattaque opportuniste pendant la crise (phishing, ransom, ddos) (ex. décisions immédiates, coordination, reprise).;Perte outils, rupture communications, fuite info.;Segmentation, sauvegardes, redondance télécom, procédures hors-ligne.;Mode dégradé, restauration, canaux alternatifs, contrôle intégrité.;Moyenne;Élevée;Moyenne;stratégie, coûts
1007;Socio-culturel / politique / écologique;Crise politique;Changement brutal cadre réglementaire;Défaillance / résilience;Effet domino multi-réseaux (énergie + télécom + eau);Effet domino multi-réseaux (énergie + télécom + eau) — Dans le contexte « Crise politique » (Socio-culturel / politique / écologique). Changement brutal cadre réglementaire. Points sensibles : stratégie, coûts.;Exemple : Crise politique → effet domino multi-réseaux (énergie + télécom + eau) (ex. décisions immédiates, coordination, reprise).;Domino multi-systèmes, crise prolongée, défaillance gouvernance.;Tests de résilience, exercices multi-crises, cartographie dépendances.;Limiter le domino, renforcer gouvernance, cellules spécialisées, REX.;Moyenne;Élevée;Moyenne;stratégie, coûts
1008;Socio-culturel / politique / écologique;Crise politique;Changement brutal cadre réglementaire;Défaillance / résilience;Défaillance d’un acteur clé (prestataire, fournisseur, opérateur);Défaillance d’un acteur clé (prestataire, fournisseur, opérateur) — Dans le contexte « Crise politique » (Socio-culturel / politique / écologique). Changement brutal cadre réglementaire. Points sensibles : stratégie, coûts.;Exemple : Crise politique → défaillance d’un acteur clé (prestataire, fournisseur, opérateur) (ex. décisions immédiates, coordination, reprise).;Domino multi-systèmes, crise prolongée, défaillance gouvernance.;Tests de résilience, exercices multi-crises, cartographie dépendances.;Limiter le domino, renforcer gouvernance, cellules spécialisées, REX.;Moyenne;Élevée;Moyenne;stratégie, coûts
1009;Terrorisme ou malveillance;Intrusion;Intrusion de personnes non autorisées;Opérationnel;Arrêt immédiat des activités et sécurisation du périmètre;Arrêt immédiat des activités et sécurisation du périmètre — Dans le contexte « Intrusion » (Terrorisme ou malveillance). Intrusion de personnes non autorisées. Points sensibles : sûreté, sabotage.;Exemple : Intrusion → arrêt immédiat des activités et sécurisation du périmètre (ex. décisions immédiates, coordination, reprise).;Arrêt/retards, mode dégradé, impacts usagers/clients.;PCA/PRA, procédures mode dégradé, exercices réguliers, annuaire crise.;Arrêt sécurisé, priorisation activités, cellule terrain, points de situation.;Moyenne;Élevée;Moyenne;sûreté, sabotage
1010;Terrorisme ou malveillance;Intrusion;Intrusion de personnes non autorisées;Opérationnel;Désorganisation de la coordination multi-acteurs (secours, autorités, partenaires);Désorganisation de la coordination multi-acteurs (secours, autorités, partenaires) — Dans le contexte « Intrusion » (Terrorisme ou malveillance). Intrusion de personnes non autorisées. Points sensibles : sûreté, sabotage.;Exemple : Intrusion → désorganisation de la coordination multi-acteurs (secours, autorités, partenaires) (ex. décisions immédiates, coordination, reprise).;Arrêt/retards, mode dégradé, impacts usagers/clients.;PCA/PRA, procédures mode dégradé, exercices réguliers, annuaire crise.;Arrêt sécurisé, priorisation activités, cellule terrain, points de situation.;Moyenne;Élevée;Moyenne;sûreté, sabotage
1011;Terrorisme ou malveillance;Intrusion;Intrusion de personnes non autorisées;Industriel / technique;Destruction d’ouvrages ou d’équipements critiques;Destruction d’ouvrages ou d’équipements critiques — Dans le contexte « Intrusion » (Terrorisme ou malveillance). Intrusion de personnes non autorisées. Points sensibles : sûreté, sabotage.;Exemple : Intrusion → destruction d’ouvrages ou d’équipements critiques (ex. décisions immédiates, coordination, reprise).;Dommages matériels, risques de sur-accident, indisponibilité d’équipements.;Maintenance préventive, inspections, redondances techniques, permis de travail.;Mise en sécurité, réparations, expertises, reprise sous conditions.;Moyenne;Élevée;Moyenne;sûreté, sabotage
1012;Terrorisme ou malveillance;Intrusion;Intrusion de personnes non autorisées;Industriel / technique;Déclenchement de sécurités et arrêt automatique des systèmes;Déclenchement de sécurités et arrêt automatique des systèmes — Dans le contexte « Intrusion » (Terrorisme ou malveillance). Intrusion de personnes non autorisées. Points sensibles : sûreté, sabotage.;Exemple : Intrusion → déclenchement de sécurités et arrêt automatique des systèmes (ex. décisions immédiates, coordination, reprise).;Dommages matériels, risques de sur-accident, indisponibilité d’équipements.;Maintenance préventive, inspections, redondances techniques, permis de travail.;Mise en sécurité, réparations, expertises, reprise sous conditions.;Moyenne;Élevée;Moyenne;sûreté, sabotage
1013;Terrorisme ou malveillance;Intrusion;Intrusion de personnes non autorisées;Ressources humaines;Traumatisme des équipes et stress post-évènement (RPS);Traumatisme des équipes et stress post-évènement (RPS) — Dans le contexte « Intrusion » (Terrorisme ou malveillance). Intrusion de personnes non autorisées. Points sensibles : sûreté, sabotage.;Exemple : Intrusion → traumatisme des équipes et stress post-évènement (rps) (ex. décisions immédiates, coordination, reprise).;Choc, fatigue, absentéisme, tensions sociales.;Prévention RPS, formation managers, rotations astreinte, culture Stop Work.;Soutien psychologique, communication interne, renforts, repos imposé.;Moyenne;Élevée;Moyenne;sûreté, sabotage
1014;Terrorisme ou malveillance;Intrusion;Intrusion de personnes non autorisées;Ressources humaines;Exposition à des risques physiques (chaleur, fumées, toxiques);Exposition à des risques physiques (chaleur, fumées, toxiques) — Dans le contexte « Intrusion » (Terrorisme ou malveillance). Intrusion de personnes non autorisées. Points sensibles : sûreté, sabotage.;Exemple : Intrusion → exposition à des risques physiques (chaleur, fumées, toxiques) (ex. décisions immédiates, coordination, reprise).;Choc, fatigue, absentéisme, tensions sociales.;Prévention RPS, formation managers, rotations astreinte, culture Stop Work.;Soutien psychologique, communication interne, renforts, repos imposé.;Moyenne;Élevée;Moyenne;sûreté, sabotage
1015;Terrorisme ou malveillance;Intrusion;Intrusion de personnes non autorisées;Juridique / conformité;Mise en cause pénale (accident grave, mise en danger, pollution);Mise en cause pénale (accident grave, mise en danger, pollution) — Dans le contexte « Intrusion » (Terrorisme ou malveillance). Intrusion de personnes non autorisées. Points sensibles : sûreté, sabotage.;Exemple : Intrusion → mise en cause pénale (accident grave, mise en danger, pollution) (ex. décisions immédiates, coordination, reprise).;Enquêtes, obligations, contentieux, sanctions.;Veille réglementaire, audits, plans de prévention, conservation des preuves.;Déclarations, interface autorités, stratégie contentieuse, documentation.;Moyenne;Critique;Élevée;sûreté, sabotage
1016;Terrorisme ou malveillance;Intrusion;Intrusion de personnes non autorisées;Juridique / conformité;Contentieux contractuels (pénalités, retards, responsabilités);Contentieux contractuels (pénalités, retards, responsabilités) — Dans le contexte « Intrusion » (Terrorisme ou malveillance). Intrusion de personnes non autorisées. Points sensibles : sûreté, sabotage.;Exemple : Intrusion → contentieux contractuels (pénalités, retards, responsabilités) (ex. décisions immédiates, coordination, reprise).;Enquêtes, obligations, contentieux, sanctions.;Veille réglementaire, audits, plans de prévention, conservation des preuves.;Déclarations, interface autorités, stratégie contentieuse, documentation.;Moyenne;Critique;Élevée;sûreté, sabotage
1017;Terrorisme ou malveillance;Intrusion;Intrusion de personnes non autorisées;Financier;Coûts de réparation et de remise en état (ouvrages, équipements);Coûts de réparation et de remise en état (ouvrages, équipements) — Dans le contexte « Intrusion » (Terrorisme ou malveillance). Intrusion de personnes non autorisées. Points sensibles : sûreté, sabotage.;Exemple : Intrusion → coûts de réparation et de remise en état (ouvrages, équipements) (ex. décisions immédiates, coordination, reprise).;Pertes d’exploitation, coûts de remise en état, hausse primes/franchises.;Assurances adaptées, budgets d’urgence, suivi trésorerie, clauses contractuelles.;Activation fonds d’urgence, suivi coûts, déclaration assureur, mitigation pénalités.;Moyenne;Élevée;Moyenne;sûreté, sabotage
1018;Terrorisme ou malveillance;Intrusion;Intrusion de personnes non autorisées;Financier;Hausse des primes, franchises et difficultés d’assurabilité;Hausse des primes, franchises et difficultés d’assurabilité — Dans le contexte « Intrusion » (Terrorisme ou malveillance). Intrusion de personnes non autorisées. Points sensibles : sûreté, sabotage.;Exemple : Intrusion → hausse des primes, franchises et difficultés d’assurabilité (ex. décisions immédiates, coordination, reprise).;Pertes d’exploitation, coûts de remise en état, hausse primes/franchises.;Assurances adaptées, budgets d’urgence, suivi trésorerie, clauses contractuelles.;Activation fonds d’urgence, suivi coûts, déclaration assureur, mitigation pénalités.;Moyenne;Élevée;Moyenne;sûreté, sabotage
1019;Terrorisme ou malveillance;Intrusion;Intrusion de personnes non autorisées;Image / réputation;Médiatisation nationale / locale et perte de confiance;Médiatisation nationale / locale et perte de confiance — Dans le contexte « Intrusion » (Terrorisme ou malveillance). Intrusion de personnes non autorisées. Points sensibles : sûreté, sabotage.;Exemple : Intrusion → médiatisation nationale / locale et perte de confiance (ex. décisions immédiates, coordination, reprise).;Perte de confiance, pression médiatique, rumeurs.;Veille médias, porte-parole, éléments de langage, charte RS.;Communication factuelle/empathetic, lutte rumeurs, coordination autorités.;Moyenne;Élevée;Moyenne;sûreté, sabotage
1020;Terrorisme ou malveillance;Intrusion;Intrusion de personnes non autorisées;Image / réputation;Perception d’impréparation ou de manque de transparence;Perception d’impréparation ou de manque de transparence — Dans le contexte « Intrusion » (Terrorisme ou malveillance). Intrusion de personnes non autorisées. Points sensibles : sûreté, sabotage.;Exemple : Intrusion → perception d’impréparation ou de manque de transparence (ex. décisions immédiates, coordination, reprise).;Perte de confiance, pression médiatique, rumeurs.;Veille médias, porte-parole, éléments de langage, charte RS.;Communication factuelle/empathetic, lutte rumeurs, coordination autorités.;Moyenne;Élevée;Moyenne;sûreté, sabotage
1021;Terrorisme ou malveillance;Intrusion;Intrusion de personnes non autorisées;Géopolitique / institutionnel;Intervention de l’État / autorités (préfecture, inspection, régulateur);Intervention de l’État / autorités (préfecture, inspection, régulateur) — Dans le contexte « Intrusion » (Terrorisme ou malveillance). Intrusion de personnes non autorisées. Points sensibles : sûreté, sabotage.;Exemple : Intrusion → intervention de l’état / autorités (préfecture, inspection, régulateur) (ex. décisions immédiates, coordination, reprise).;Injonctions, contrôles, arbitrages publics, priorisation ressources.;Veille institutionnelle, carto parties prenantes, protocoles autorités.;Coordination préf/mairie/régulateurs, demandes de moyens publics.;Moyenne;Élevée;Moyenne;sûreté, sabotage
1022;Terrorisme ou malveillance;Intrusion;Intrusion de personnes non autorisées;Géopolitique / institutionnel;Priorisation nationale des ressources (énergie, santé, sécurité);Priorisation nationale des ressources (énergie, santé, sécurité) — Dans le contexte « Intrusion » (Terrorisme ou malveillance). Intrusion de personnes non autorisées. Points sensibles : sûreté, sabotage.;Exemple : Intrusion → priorisation nationale des ressources (énergie, santé, sécurité) (ex. décisions immédiates, coordination, reprise).;Injonctions, contrôles, arbitrages publics, priorisation ressources.;Veille institutionnelle, carto parties prenantes, protocoles autorités.;Coordination préf/mairie/régulateurs, demandes de moyens publics.;Moyenne;Élevée;Moyenne;sûreté, sabotage
1023;Terrorisme ou malveillance;Intrusion;Intrusion de personnes non autorisées;Informatique / numérique;Perte du SI local (supervision, communications, annuaire, outils métier);Perte du SI local (supervision, communications, annuaire, outils métier) — Dans le contexte « Intrusion » (Terrorisme ou malveillance). Intrusion de personnes non autorisées. Points sensibles : sûreté, sabotage.;Exemple : Intrusion → perte du si local (supervision, communications, annuaire, outils métier) (ex. décisions immédiates, coordination, reprise).;Perte outils, rupture communications, fuite info.;Segmentation, sauvegardes, redondance télécom, procédures hors-ligne.;Mode dégradé, restauration, canaux alternatifs, contrôle intégrité.;Moyenne;Élevée;Moyenne;sûreté, sabotage
1024;Terrorisme ou malveillance;Intrusion;Intrusion de personnes non autorisées;Informatique / numérique;Cyberattaque opportuniste pendant la crise (phishing, ransom, DDoS);Cyberattaque opportuniste pendant la crise (phishing, ransom, DDoS) — Dans le contexte « Intrusion » (Terrorisme ou malveillance). Intrusion de personnes non autorisées. Points sensibles : sûreté, sabotage.;Exemple : Intrusion → cyberattaque opportuniste pendant la crise (phishing, ransom, ddos) (ex. décisions immédiates, coordination, reprise).;Perte outils, rupture communications, fuite info.;Segmentation, sauvegardes, redondance télécom, procédures hors-ligne.;Mode dégradé, restauration, canaux alternatifs, contrôle intégrité.;Moyenne;Élevée;Moyenne;sûreté, sabotage
1025;Terrorisme ou malveillance;Intrusion;Intrusion de personnes non autorisées;Défaillance / résilience;Effet domino multi-réseaux (énergie + télécom + eau);Effet domino multi-réseaux (énergie + télécom + eau) — Dans le contexte « Intrusion » (Terrorisme ou malveillance). Intrusion de personnes non autorisées. Points sensibles : sûreté, sabotage.;Exemple : Intrusion → effet domino multi-réseaux (énergie + télécom + eau) (ex. décisions immédiates, coordination, reprise).;Domino multi-systèmes, crise prolongée, défaillance gouvernance.;Tests de résilience, exercices multi-crises, cartographie dépendances.;Limiter le domino, renforcer gouvernance, cellules spécialisées, REX.;Moyenne;Élevée;Moyenne;sûreté, sabotage
1026;Terrorisme ou malveillance;Intrusion;Intrusion de personnes non autorisées;Défaillance / résilience;Défaillance d’un acteur clé (prestataire, fournisseur, opérateur);Défaillance d’un acteur clé (prestataire, fournisseur, opérateur) — Dans le contexte « Intrusion » (Terrorisme ou malveillance). Intrusion de personnes non autorisées. Points sensibles : sûreté, sabotage.;Exemple : Intrusion → défaillance d’un acteur clé (prestataire, fournisseur, opérateur) (ex. décisions immédiates, coordination, reprise).;Domino multi-systèmes, crise prolongée, défaillance gouvernance.;Tests de résilience, exercices multi-crises, cartographie dépendances.;Limiter le domino, renforcer gouvernance, cellules spécialisées, REX.;Moyenne;Élevée;Moyenne;sûreté, sabotage
1027;Terrorisme ou malveillance;Sabotage;Dégradation volontaire d’équipements;Opérationnel;Arrêt immédiat des activités et sécurisation du périmètre;Arrêt immédiat des activités et sécurisation du périmètre — Dans le contexte « Sabotage » (Terrorisme ou malveillance). Dégradation volontaire d’équipements. Points sensibles : arrêt, sécurité.;Exemple : Sabotage → arrêt immédiat des activités et sécurisation du périmètre (ex. décisions immédiates, coordination, reprise).;Arrêt/retards, mode dégradé, impacts usagers/clients.;PCA/PRA, procédures mode dégradé, exercices réguliers, annuaire crise.;Arrêt sécurisé, priorisation activités, cellule terrain, points de situation.;Moyenne;Élevée;Moyenne;arrêt, sécurité
1028;Terrorisme ou malveillance;Sabotage;Dégradation volontaire d’équipements;Opérationnel;Désorganisation de la coordination multi-acteurs (secours, autorités, partenaires);Désorganisation de la coordination multi-acteurs (secours, autorités, partenaires) — Dans le contexte « Sabotage » (Terrorisme ou malveillance). Dégradation volontaire d’équipements. Points sensibles : arrêt, sécurité.;Exemple : Sabotage → désorganisation de la coordination multi-acteurs (secours, autorités, partenaires) (ex. décisions immédiates, coordination, reprise).;Arrêt/retards, mode dégradé, impacts usagers/clients.;PCA/PRA, procédures mode dégradé, exercices réguliers, annuaire crise.;Arrêt sécurisé, priorisation activités, cellule terrain, points de situation.;Moyenne;Élevée;Moyenne;arrêt, sécurité
1029;Terrorisme ou malveillance;Sabotage;Dégradation volontaire d’équipements;Industriel / technique;Destruction d’ouvrages ou d’équipements critiques;Destruction d’ouvrages ou d’équipements critiques — Dans le contexte « Sabotage » (Terrorisme ou malveillance). Dégradation volontaire d’équipements. Points sensibles : arrêt, sécurité.;Exemple : Sabotage → destruction d’ouvrages ou d’équipements critiques (ex. décisions immédiates, coordination, reprise).;Dommages matériels, risques de sur-accident, indisponibilité d’équipements.;Maintenance préventive, inspections, redondances techniques, permis de travail.;Mise en sécurité, réparations, expertises, reprise sous conditions.;Moyenne;Élevée;Moyenne;arrêt, sécurité
1030;Terrorisme ou malveillance;Sabotage;Dégradation volontaire d’équipements;Industriel / technique;Déclenchement de sécurités et arrêt automatique des systèmes;Déclenchement de sécurités et arrêt automatique des systèmes — Dans le contexte « Sabotage » (Terrorisme ou malveillance). Dégradation volontaire d’équipements. Points sensibles : arrêt, sécurité.;Exemple : Sabotage → déclenchement de sécurités et arrêt automatique des systèmes (ex. décisions immédiates, coordination, reprise).;Dommages matériels, risques de sur-accident, indisponibilité d’équipements.;Maintenance préventive, inspections, redondances techniques, permis de travail.;Mise en sécurité, réparations, expertises, reprise sous conditions.;Moyenne;Élevée;Moyenne;arrêt, sécurité
1031;Terrorisme ou malveillance;Sabotage;Dégradation volontaire d’équipements;Ressources humaines;Traumatisme des équipes et stress post-évènement (RPS);Traumatisme des équipes et stress post-évènement (RPS) — Dans le contexte « Sabotage » (Terrorisme ou malveillance). Dégradation volontaire d’équipements. Points sensibles : arrêt, sécurité.;Exemple : Sabotage → traumatisme des équipes et stress post-évènement (rps) (ex. décisions immédiates, coordination, reprise).;Choc, fatigue, absentéisme, tensions sociales.;Prévention RPS, formation managers, rotations astreinte, culture Stop Work.;Soutien psychologique, communication interne, renforts, repos imposé.;Moyenne;Élevée;Moyenne;arrêt, sécurité
1032;Terrorisme ou malveillance;Sabotage;Dégradation volontaire d’équipements;Ressources humaines;Exposition à des risques physiques (chaleur, fumées, toxiques);Exposition à des risques physiques (chaleur, fumées, toxiques) — Dans le contexte « Sabotage » (Terrorisme ou malveillance). Dégradation volontaire d’équipements. Points sensibles : arrêt, sécurité.;Exemple : Sabotage → exposition à des risques physiques (chaleur, fumées, toxiques) (ex. décisions immédiates, coordination, reprise).;Choc, fatigue, absentéisme, tensions sociales.;Prévention RPS, formation managers, rotations astreinte, culture Stop Work.;Soutien psychologique, communication interne, renforts, repos imposé.;Moyenne;Élevée;Moyenne;arrêt, sécurité
1033;Terrorisme ou malveillance;Sabotage;Dégradation volontaire d’équipements;Juridique / conformité;Mise en cause pénale (accident grave, mise en danger, pollution);Mise en cause pénale (accident grave, mise en danger, pollution) — Dans le contexte « Sabotage » (Terrorisme ou malveillance). Dégradation volontaire d’équipements. Points sensibles : arrêt, sécurité.;Exemple : Sabotage → mise en cause pénale (accident grave, mise en danger, pollution) (ex. décisions immédiates, coordination, reprise).;Enquêtes, obligations, contentieux, sanctions.;Veille réglementaire, audits, plans de prévention, conservation des preuves.;Déclarations, interface autorités, stratégie contentieuse, documentation.;Moyenne;Critique;Élevée;arrêt, sécurité
1034;Terrorisme ou malveillance;Sabotage;Dégradation volontaire d’équipements;Juridique / conformité;Contentieux contractuels (pénalités, retards, responsabilités);Contentieux contractuels (pénalités, retards, responsabilités) — Dans le contexte « Sabotage » (Terrorisme ou malveillance). Dégradation volontaire d’équipements. Points sensibles : arrêt, sécurité.;Exemple : Sabotage → contentieux contractuels (pénalités, retards, responsabilités) (ex. décisions immédiates, coordination, reprise).;Enquêtes, obligations, contentieux, sanctions.;Veille réglementaire, audits, plans de prévention, conservation des preuves.;Déclarations, interface autorités, stratégie contentieuse, documentation.;Moyenne;Critique;Élevée;arrêt, sécurité
1035;Terrorisme ou malveillance;Sabotage;Dégradation volontaire d’équipements;Financier;Coûts de réparation et de remise en état (ouvrages, équipements);Coûts de réparation et de remise en état (ouvrages, équipements) — Dans le contexte « Sabotage » (Terrorisme ou malveillance). Dégradation volontaire d’équipements. Points sensibles : arrêt, sécurité.;Exemple : Sabotage → coûts de réparation et de remise en état (ouvrages, équipements) (ex. décisions immédiates, coordination, reprise).;Pertes d’exploitation, coûts de remise en état, hausse primes/franchises.;Assurances adaptées, budgets d’urgence, suivi trésorerie, clauses contractuelles.;Activation fonds d’urgence, suivi coûts, déclaration assureur, mitigation pénalités.;Moyenne;Élevée;Moyenne;arrêt, sécurité
1036;Terrorisme ou malveillance;Sabotage;Dégradation volontaire d’équipements;Financier;Hausse des primes, franchises et difficultés d’assurabilité;Hausse des primes, franchises et difficultés d’assurabilité — Dans le contexte « Sabotage » (Terrorisme ou malveillance). Dégradation volontaire d’équipements. Points sensibles : arrêt, sécurité.;Exemple : Sabotage → hausse des primes, franchises et difficultés d’assurabilité (ex. décisions immédiates, coordination, reprise).;Pertes d’exploitation, coûts de remise en état, hausse primes/franchises.;Assurances adaptées, budgets d’urgence, suivi trésorerie, clauses contractuelles.;Activation fonds d’urgence, suivi coûts, déclaration assureur, mitigation pénalités.;Moyenne;Élevée;Moyenne;arrêt, sécurité
1037;Terrorisme ou malveillance;Sabotage;Dégradation volontaire d’équipements;Image / réputation;Médiatisation nationale / locale et perte de confiance;Médiatisation nationale / locale et perte de confiance — Dans le contexte « Sabotage » (Terrorisme ou malveillance). Dégradation volontaire d’équipements. Points sensibles : arrêt, sécurité.;Exemple : Sabotage → médiatisation nationale / locale et perte de confiance (ex. décisions immédiates, coordination, reprise).;Perte de confiance, pression médiatique, rumeurs.;Veille médias, porte-parole, éléments de langage, charte RS.;Communication factuelle/empathetic, lutte rumeurs, coordination autorités.;Moyenne;Élevée;Moyenne;arrêt, sécurité
1038;Terrorisme ou malveillance;Sabotage;Dégradation volontaire d’équipements;Image / réputation;Perception d’impréparation ou de manque de transparence;Perception d’impréparation ou de manque de transparence — Dans le contexte « Sabotage » (Terrorisme ou malveillance). Dégradation volontaire d’équipements. Points sensibles : arrêt, sécurité.;Exemple : Sabotage → perception d’impréparation ou de manque de transparence (ex. décisions immédiates, coordination, reprise).;Perte de confiance, pression médiatique, rumeurs.;Veille médias, porte-parole, éléments de langage, charte RS.;Communication factuelle/empathetic, lutte rumeurs, coordination autorités.;Moyenne;Élevée;Moyenne;arrêt, sécurité
1039;Terrorisme ou malveillance;Sabotage;Dégradation volontaire d’équipements;Géopolitique / institutionnel;Intervention de l’État / autorités (préfecture, inspection, régulateur);Intervention de l’État / autorités (préfecture, inspection, régulateur) — Dans le contexte « Sabotage » (Terrorisme ou malveillance). Dégradation volontaire d’équipements. Points sensibles : arrêt, sécurité.;Exemple : Sabotage → intervention de l’état / autorités (préfecture, inspection, régulateur) (ex. décisions immédiates, coordination, reprise).;Injonctions, contrôles, arbitrages publics, priorisation ressources.;Veille institutionnelle, carto parties prenantes, protocoles autorités.;Coordination préf/mairie/régulateurs, demandes de moyens publics.;Moyenne;Élevée;Moyenne;arrêt, sécurité
1040;Terrorisme ou malveillance;Sabotage;Dégradation volontaire d’équipements;Géopolitique / institutionnel;Priorisation nationale des ressources (énergie, santé, sécurité);Priorisation nationale des ressources (énergie, santé, sécurité) — Dans le contexte « Sabotage » (Terrorisme ou malveillance). Dégradation volontaire d’équipements. Points sensibles : arrêt, sécurité.;Exemple : Sabotage → priorisation nationale des ressources (énergie, santé, sécurité) (ex. décisions immédiates, coordination, reprise).;Injonctions, contrôles, arbitrages publics, priorisation ressources.;Veille institutionnelle, carto parties prenantes, protocoles autorités.;Coordination préf/mairie/régulateurs, demandes de moyens publics.;Moyenne;Élevée;Moyenne;arrêt, sécurité
1041;Terrorisme ou malveillance;Sabotage;Dégradation volontaire d’équipements;Informatique / numérique;Perte du SI local (supervision, communications, annuaire, outils métier);Perte du SI local (supervision, communications, annuaire, outils métier) — Dans le contexte « Sabotage » (Terrorisme ou malveillance). Dégradation volontaire d’équipements. Points sensibles : arrêt, sécurité.;Exemple : Sabotage → perte du si local (supervision, communications, annuaire, outils métier) (ex. décisions immédiates, coordination, reprise).;Perte outils, rupture communications, fuite info.;Segmentation, sauvegardes, redondance télécom, procédures hors-ligne.;Mode dégradé, restauration, canaux alternatifs, contrôle intégrité.;Moyenne;Élevée;Moyenne;arrêt, sécurité
1042;Terrorisme ou malveillance;Sabotage;Dégradation volontaire d’équipements;Informatique / numérique;Cyberattaque opportuniste pendant la crise (phishing, ransom, DDoS);Cyberattaque opportuniste pendant la crise (phishing, ransom, DDoS) — Dans le contexte « Sabotage » (Terrorisme ou malveillance). Dégradation volontaire d’équipements. Points sensibles : arrêt, sécurité.;Exemple : Sabotage → cyberattaque opportuniste pendant la crise (phishing, ransom, ddos) (ex. décisions immédiates, coordination, reprise).;Perte outils, rupture communications, fuite info.;Segmentation, sauvegardes, redondance télécom, procédures hors-ligne.;Mode dégradé, restauration, canaux alternatifs, contrôle intégrité.;Moyenne;Élevée;Moyenne;arrêt, sécurité
1043;Terrorisme ou malveillance;Sabotage;Dégradation volontaire d’équipements;Défaillance / résilience;Effet domino multi-réseaux (énergie + télécom + eau);Effet domino multi-réseaux (énergie + télécom + eau) — Dans le contexte « Sabotage » (Terrorisme ou malveillance). Dégradation volontaire d’équipements. Points sensibles : arrêt, sécurité.;Exemple : Sabotage → effet domino multi-réseaux (énergie + télécom + eau) (ex. décisions immédiates, coordination, reprise).;Domino multi-systèmes, crise prolongée, défaillance gouvernance.;Tests de résilience, exercices multi-crises, cartographie dépendances.;Limiter le domino, renforcer gouvernance, cellules spécialisées, REX.;Moyenne;Élevée;Moyenne;arrêt, sécurité
1044;Terrorisme ou malveillance;Sabotage;Dégradation volontaire d’équipements;Défaillance / résilience;Défaillance d’un acteur clé (prestataire, fournisseur, opérateur);Défaillance d’un acteur clé (prestataire, fournisseur, opérateur) — Dans le contexte « Sabotage » (Terrorisme ou malveillance). Dégradation volontaire d’équipements. Points sensibles : arrêt, sécurité.;Exemple : Sabotage → défaillance d’un acteur clé (prestataire, fournisseur, opérateur) (ex. décisions immédiates, coordination, reprise).;Domino multi-systèmes, crise prolongée, défaillance gouvernance.;Tests de résilience, exercices multi-crises, cartographie dépendances.;Limiter le domino, renforcer gouvernance, cellules spécialisées, REX.;Moyenne;Élevée;Moyenne;arrêt, sécurité
1045;Terrorisme ou malveillance;Agression;Menace/agression personnel;Opérationnel;Arrêt immédiat des activités et sécurisation du périmètre;Arrêt immédiat des activités et sécurisation du périmètre — Dans le contexte « Agression » (Terrorisme ou malveillance). Menace/agression personnel. Points sensibles : psychologique, sécurité.;Exemple : Agression → arrêt immédiat des activités et sécurisation du périmètre (ex. décisions immédiates, coordination, reprise).;Arrêt/retards, mode dégradé, impacts usagers/clients.;PCA/PRA, procédures mode dégradé, exercices réguliers, annuaire crise.;Arrêt sécurisé, priorisation activités, cellule terrain, points de situation.;Moyenne;Élevée;Moyenne;psychologique, sécurité
1046;Terrorisme ou malveillance;Agression;Menace/agression personnel;Opérationnel;Désorganisation de la coordination multi-acteurs (secours, autorités, partenaires);Désorganisation de la coordination multi-acteurs (secours, autorités, partenaires) — Dans le contexte « Agression » (Terrorisme ou malveillance). Menace/agression personnel. Points sensibles : psychologique, sécurité.;Exemple : Agression → désorganisation de la coordination multi-acteurs (secours, autorités, partenaires) (ex. décisions immédiates, coordination, reprise).;Arrêt/retards, mode dégradé, impacts usagers/clients.;PCA/PRA, procédures mode dégradé, exercices réguliers, annuaire crise.;Arrêt sécurisé, priorisation activités, cellule terrain, points de situation.;Moyenne;Élevée;Moyenne;psychologique, sécurité
1047;Terrorisme ou malveillance;Agression;Menace/agression personnel;Industriel / technique;Destruction d’ouvrages ou d’équipements critiques;Destruction d’ouvrages ou d’équipements critiques — Dans le contexte « Agression » (Terrorisme ou malveillance). Menace/agression personnel. Points sensibles : psychologique, sécurité.;Exemple : Agression → destruction d’ouvrages ou d’équipements critiques (ex. décisions immédiates, coordination, reprise).;Dommages matériels, risques de sur-accident, indisponibilité d’équipements.;Maintenance préventive, inspections, redondances techniques, permis de travail.;Mise en sécurité, réparations, expertises, reprise sous conditions.;Moyenne;Élevée;Moyenne;psychologique, sécurité
1048;Terrorisme ou malveillance;Agression;Menace/agression personnel;Industriel / technique;Déclenchement de sécurités et arrêt automatique des systèmes;Déclenchement de sécurités et arrêt automatique des systèmes — Dans le contexte « Agression » (Terrorisme ou malveillance). Menace/agression personnel. Points sensibles : psychologique, sécurité.;Exemple : Agression → déclenchement de sécurités et arrêt automatique des systèmes (ex. décisions immédiates, coordination, reprise).;Dommages matériels, risques de sur-accident, indisponibilité d’équipements.;Maintenance préventive, inspections, redondances techniques, permis de travail.;Mise en sécurité, réparations, expertises, reprise sous conditions.;Moyenne;Élevée;Moyenne;psychologique, sécurité
1049;Terrorisme ou malveillance;Agression;Menace/agression personnel;Ressources humaines;Traumatisme des équipes et stress post-évènement (RPS);Traumatisme des équipes et stress post-évènement (RPS) — Dans le contexte « Agression » (Terrorisme ou malveillance). Menace/agression personnel. Points sensibles : psychologique, sécurité.;Exemple : Agression → traumatisme des équipes et stress post-évènement (rps) (ex. décisions immédiates, coordination, reprise).;Choc, fatigue, absentéisme, tensions sociales.;Prévention RPS, formation managers, rotations astreinte, culture Stop Work.;Soutien psychologique, communication interne, renforts, repos imposé.;Moyenne;Élevée;Moyenne;psychologique, sécurité
1050;Terrorisme ou malveillance;Agression;Menace/agression personnel;Ressources humaines;Exposition à des risques physiques (chaleur, fumées, toxiques);Exposition à des risques physiques (chaleur, fumées, toxiques) — Dans le contexte « Agression » (Terrorisme ou malveillance). Menace/agression personnel. Points sensibles : psychologique, sécurité.;Exemple : Agression → exposition à des risques physiques (chaleur, fumées, toxiques) (ex. décisions immédiates, coordination, reprise).;Choc, fatigue, absentéisme, tensions sociales.;Prévention RPS, formation managers, rotations astreinte, culture Stop Work.;Soutien psychologique, communication interne, renforts, repos imposé.;Moyenne;Élevée;Moyenne;psychologique, sécurité
1051;Terrorisme ou malveillance;Agression;Menace/agression personnel;Juridique / conformité;Mise en cause pénale (accident grave, mise en danger, pollution);Mise en cause pénale (accident grave, mise en danger, pollution) — Dans le contexte « Agression » (Terrorisme ou malveillance). Menace/agression personnel. Points sensibles : psychologique, sécurité.;Exemple : Agression → mise en cause pénale (accident grave, mise en danger, pollution) (ex. décisions immédiates, coordination, reprise).;Enquêtes, obligations, contentieux, sanctions.;Veille réglementaire, audits, plans de prévention, conservation des preuves.;Déclarations, interface autorités, stratégie contentieuse, documentation.;Moyenne;Critique;Élevée;psychologique, sécurité
1052;Terrorisme ou malveillance;Agression;Menace/agression personnel;Juridique / conformité;Contentieux contractuels (pénalités, retards, responsabilités);Contentieux contractuels (pénalités, retards, responsabilités) — Dans le contexte « Agression » (Terrorisme ou malveillance). Menace/agression personnel. Points sensibles : psychologique, sécurité.;Exemple : Agression → contentieux contractuels (pénalités, retards, responsabilités) (ex. décisions immédiates, coordination, reprise).;Enquêtes, obligations, contentieux, sanctions.;Veille réglementaire, audits, plans de prévention, conservation des preuves.;Déclarations, interface autorités, stratégie contentieuse, documentation.;Moyenne;Critique;Élevée;psychologique, sécurité
1053;Terrorisme ou malveillance;Agression;Menace/agression personnel;Financier;Coûts de réparation et de remise en état (ouvrages, équipements);Coûts de réparation et de remise en état (ouvrages, équipements) — Dans le contexte « Agression » (Terrorisme ou malveillance). Menace/agression personnel. Points sensibles : psychologique, sécurité.;Exemple : Agression → coûts de réparation et de remise en état (ouvrages, équipements) (ex. décisions immédiates, coordination, reprise).;Pertes d’exploitation, coûts de remise en état, hausse primes/franchises.;Assurances adaptées, budgets d’urgence, suivi trésorerie, clauses contractuelles.;Activation fonds d’urgence, suivi coûts, déclaration assureur, mitigation pénalités.;Moyenne;Élevée;Moyenne;psychologique, sécurité
1054;Terrorisme ou malveillance;Agression;Menace/agression personnel;Financier;Hausse des primes, franchises et difficultés d’assurabilité;Hausse des primes, franchises et difficultés d’assurabilité — Dans le contexte « Agression » (Terrorisme ou malveillance). Menace/agression personnel. Points sensibles : psychologique, sécurité.;Exemple : Agression → hausse des primes, franchises et difficultés d’assurabilité (ex. décisions immédiates, coordination, reprise).;Pertes d’exploitation, coûts de remise en état, hausse primes/franchises.;Assurances adaptées, budgets d’urgence, suivi trésorerie, clauses contractuelles.;Activation fonds d’urgence, suivi coûts, déclaration assureur, mitigation pénalités.;Moyenne;Élevée;Moyenne;psychologique, sécurité
1055;Terrorisme ou malveillance;Agression;Menace/agression personnel;Image / réputation;Médiatisation nationale / locale et perte de confiance;Médiatisation nationale / locale et perte de confiance — Dans le contexte « Agression » (Terrorisme ou malveillance). Menace/agression personnel. Points sensibles : psychologique, sécurité.;Exemple : Agression → médiatisation nationale / locale et perte de confiance (ex. décisions immédiates, coordination, reprise).;Perte de confiance, pression médiatique, rumeurs.;Veille médias, porte-parole, éléments de langage, charte RS.;Communication factuelle/empathetic, lutte rumeurs, coordination autorités.;Moyenne;Élevée;Moyenne;psychologique, sécurité
1056;Terrorisme ou malveillance;Agression;Menace/agression personnel;Image / réputation;Perception d’impréparation ou de manque de transparence;Perception d’impréparation ou de manque de transparence — Dans le contexte « Agression » (Terrorisme ou malveillance). Menace/agression personnel. Points sensibles : psychologique, sécurité.;Exemple : Agression → perception d’impréparation ou de manque de transparence (ex. décisions immédiates, coordination, reprise).;Perte de confiance, pression médiatique, rumeurs.;Veille médias, porte-parole, éléments de langage, charte RS.;Communication factuelle/empathetic, lutte rumeurs, coordination autorités.;Moyenne;Élevée;Moyenne;psychologique, sécurité
1057;Terrorisme ou malveillance;Agression;Menace/agression personnel;Géopolitique / institutionnel;Intervention de l’État / autorités (préfecture, inspection, régulateur);Intervention de l’État / autorités (préfecture, inspection, régulateur) — Dans le contexte « Agression » (Terrorisme ou malveillance). Menace/agression personnel. Points sensibles : psychologique, sécurité.;Exemple : Agression → intervention de l’état / autorités (préfecture, inspection, régulateur) (ex. décisions immédiates, coordination, reprise).;Injonctions, contrôles, arbitrages publics, priorisation ressources.;Veille institutionnelle, carto parties prenantes, protocoles autorités.;Coordination préf/mairie/régulateurs, demandes de moyens publics.;Moyenne;Élevée;Moyenne;psychologique, sécurité
1058;Terrorisme ou malveillance;Agression;Menace/agression personnel;Géopolitique / institutionnel;Priorisation nationale des ressources (énergie, santé, sécurité);Priorisation nationale des ressources (énergie, santé, sécurité) — Dans le contexte « Agression » (Terrorisme ou malveillance). Menace/agression personnel. Points sensibles : psychologique, sécurité.;Exemple : Agression → priorisation nationale des ressources (énergie, santé, sécurité) (ex. décisions immédiates, coordination, reprise).;Injonctions, contrôles, arbitrages publics, priorisation ressources.;Veille institutionnelle, carto parties prenantes, protocoles autorités.;Coordination préf/mairie/régulateurs, demandes de moyens publics.;Moyenne;Élevée;Moyenne;psychologique, sécurité
1059;Terrorisme ou malveillance;Agression;Menace/agression personnel;Informatique / numérique;Perte du SI local (supervision, communications, annuaire, outils métier);Perte du SI local (supervision, communications, annuaire, outils métier) — Dans le contexte « Agression » (Terrorisme ou malveillance). Menace/agression personnel. Points sensibles : psychologique, sécurité.;Exemple : Agression → perte du si local (supervision, communications, annuaire, outils métier) (ex. décisions immédiates, coordination, reprise).;Perte outils, rupture communications, fuite info.;Segmentation, sauvegardes, redondance télécom, procédures hors-ligne.;Mode dégradé, restauration, canaux alternatifs, contrôle intégrité.;Moyenne;Élevée;Moyenne;psychologique, sécurité
1060;Terrorisme ou malveillance;Agression;Menace/agression personnel;Informatique / numérique;Cyberattaque opportuniste pendant la crise (phishing, ransom, DDoS);Cyberattaque opportuniste pendant la crise (phishing, ransom, DDoS) — Dans le contexte « Agression » (Terrorisme ou malveillance). Menace/agression personnel. Points sensibles : psychologique, sécurité.;Exemple : Agression → cyberattaque opportuniste pendant la crise (phishing, ransom, ddos) (ex. décisions immédiates, coordination, reprise).;Perte outils, rupture communications, fuite info.;Segmentation, sauvegardes, redondance télécom, procédures hors-ligne.;Mode dégradé, restauration, canaux alternatifs, contrôle intégrité.;Moyenne;Élevée;Moyenne;psychologique, sécurité
1061;Terrorisme ou malveillance;Agression;Menace/agression personnel;Défaillance / résilience;Effet domino multi-réseaux (énergie + télécom + eau);Effet domino multi-réseaux (énergie + télécom + eau) — Dans le contexte « Agression » (Terrorisme ou malveillance). Menace/agression personnel. Points sensibles : psychologique, sécurité.;Exemple : Agression → effet domino multi-réseaux (énergie + télécom + eau) (ex. décisions immédiates, coordination, reprise).;Domino multi-systèmes, crise prolongée, défaillance gouvernance.;Tests de résilience, exercices multi-crises, cartographie dépendances.;Limiter le domino, renforcer gouvernance, cellules spécialisées, REX.;Moyenne;Élevée;Moyenne;psychologique, sécurité
1062;Terrorisme ou malveillance;Agression;Menace/agression personnel;Défaillance / résilience;Défaillance d’un acteur clé (prestataire, fournisseur, opérateur);Défaillance d’un acteur clé (prestataire, fournisseur, opérateur) — Dans le contexte « Agression » (Terrorisme ou malveillance). Menace/agression personnel. Points sensibles : psychologique, sécurité.;Exemple : Agression → défaillance d’un acteur clé (prestataire, fournisseur, opérateur) (ex. décisions immédiates, coordination, reprise).;Domino multi-systèmes, crise prolongée, défaillance gouvernance.;Tests de résilience, exercices multi-crises, cartographie dépendances.;Limiter le domino, renforcer gouvernance, cellules spécialisées, REX.;Moyenne;Élevée;Moyenne;psychologique, sécurité
1063;Terrorisme ou malveillance;Attaque explosif;Engin explosif / colis suspect;Opérationnel;Arrêt immédiat des activités et sécurisation du périmètre;Arrêt immédiat des activités et sécurisation du périmètre — Dans le contexte « Attaque explosif » (Terrorisme ou malveillance). Engin explosif / colis suspect. Points sensibles : évacuation, périmètre.;Exemple : Attaque explosif → arrêt immédiat des activités et sécurisation du périmètre (ex. décisions immédiates, coordination, reprise).;Arrêt/retards, mode dégradé, impacts usagers/clients.;PCA/PRA, procédures mode dégradé, exercices réguliers, annuaire crise.;Arrêt sécurisé, priorisation activités, cellule terrain, points de situation.;Moyenne;Élevée;Moyenne;évacuation, périmètre
1064;Terrorisme ou malveillance;Attaque explosif;Engin explosif / colis suspect;Opérationnel;Désorganisation de la coordination multi-acteurs (secours, autorités, partenaires);Désorganisation de la coordination multi-acteurs (secours, autorités, partenaires) — Dans le contexte « Attaque explosif » (Terrorisme ou malveillance). Engin explosif / colis suspect. Points sensibles : évacuation, périmètre.;Exemple : Attaque explosif → désorganisation de la coordination multi-acteurs (secours, autorités, partenaires) (ex. décisions immédiates, coordination, reprise).;Arrêt/retards, mode dégradé, impacts usagers/clients.;PCA/PRA, procédures mode dégradé, exercices réguliers, annuaire crise.;Arrêt sécurisé, priorisation activités, cellule terrain, points de situation.;Moyenne;Élevée;Moyenne;évacuation, périmètre
1065;Terrorisme ou malveillance;Attaque explosif;Engin explosif / colis suspect;Industriel / technique;Destruction d’ouvrages ou d’équipements critiques;Destruction d’ouvrages ou d’équipements critiques — Dans le contexte « Attaque explosif » (Terrorisme ou malveillance). Engin explosif / colis suspect. Points sensibles : évacuation, périmètre.;Exemple : Attaque explosif → destruction d’ouvrages ou d’équipements critiques (ex. décisions immédiates, coordination, reprise).;Dommages matériels, risques de sur-accident, indisponibilité d’équipements.;Maintenance préventive, inspections, redondances techniques, permis de travail.;Mise en sécurité, réparations, expertises, reprise sous conditions.;Moyenne;Élevée;Moyenne;évacuation, périmètre
1066;Terrorisme ou malveillance;Attaque explosif;Engin explosif / colis suspect;Industriel / technique;Déclenchement de sécurités et arrêt automatique des systèmes;Déclenchement de sécurités et arrêt automatique des systèmes — Dans le contexte « Attaque explosif » (Terrorisme ou malveillance). Engin explosif / colis suspect. Points sensibles : évacuation, périmètre.;Exemple : Attaque explosif → déclenchement de sécurités et arrêt automatique des systèmes (ex. décisions immédiates, coordination, reprise).;Dommages matériels, risques de sur-accident, indisponibilité d’équipements.;Maintenance préventive, inspections, redondances techniques, permis de travail.;Mise en sécurité, réparations, expertises, reprise sous conditions.;Moyenne;Élevée;Moyenne;évacuation, périmètre
1067;Terrorisme ou malveillance;Attaque explosif;Engin explosif / colis suspect;Ressources humaines;Traumatisme des équipes et stress post-évènement (RPS);Traumatisme des équipes et stress post-évènement (RPS) — Dans le contexte « Attaque explosif » (Terrorisme ou malveillance). Engin explosif / colis suspect. Points sensibles : évacuation, périmètre.;Exemple : Attaque explosif → traumatisme des équipes et stress post-évènement (rps) (ex. décisions immédiates, coordination, reprise).;Choc, fatigue, absentéisme, tensions sociales.;Prévention RPS, formation managers, rotations astreinte, culture Stop Work.;Soutien psychologique, communication interne, renforts, repos imposé.;Moyenne;Élevée;Moyenne;évacuation, périmètre
1068;Terrorisme ou malveillance;Attaque explosif;Engin explosif / colis suspect;Ressources humaines;Exposition à des risques physiques (chaleur, fumées, toxiques);Exposition à des risques physiques (chaleur, fumées, toxiques) — Dans le contexte « Attaque explosif » (Terrorisme ou malveillance). Engin explosif / colis suspect. Points sensibles : évacuation, périmètre.;Exemple : Attaque explosif → exposition à des risques physiques (chaleur, fumées, toxiques) (ex. décisions immédiates, coordination, reprise).;Choc, fatigue, absentéisme, tensions sociales.;Prévention RPS, formation managers, rotations astreinte, culture Stop Work.;Soutien psychologique, communication interne, renforts, repos imposé.;Moyenne;Élevée;Moyenne;évacuation, périmètre
1069;Terrorisme ou malveillance;Attaque explosif;Engin explosif / colis suspect;Juridique / conformité;Mise en cause pénale (accident grave, mise en danger, pollution);Mise en cause pénale (accident grave, mise en danger, pollution) — Dans le contexte « Attaque explosif » (Terrorisme ou malveillance). Engin explosif / colis suspect. Points sensibles : évacuation, périmètre.;Exemple : Attaque explosif → mise en cause pénale (accident grave, mise en danger, pollution) (ex. décisions immédiates, coordination, reprise).;Enquêtes, obligations, contentieux, sanctions.;Veille réglementaire, audits, plans de prévention, conservation des preuves.;Déclarations, interface autorités, stratégie contentieuse, documentation.;Moyenne;Critique;Élevée;évacuation, périmètre
1070;Terrorisme ou malveillance;Attaque explosif;Engin explosif / colis suspect;Juridique / conformité;Contentieux contractuels (pénalités, retards, responsabilités);Contentieux contractuels (pénalités, retards, responsabilités) — Dans le contexte « Attaque explosif » (Terrorisme ou malveillance). Engin explosif / colis suspect. Points sensibles : évacuation, périmètre.;Exemple : Attaque explosif → contentieux contractuels (pénalités, retards, responsabilités) (ex. décisions immédiates, coordination, reprise).;Enquêtes, obligations, contentieux, sanctions.;Veille réglementaire, audits, plans de prévention, conservation des preuves.;Déclarations, interface autorités, stratégie contentieuse, documentation.;Moyenne;Critique;Élevée;évacuation, périmètre
1071;Terrorisme ou malveillance;Attaque explosif;Engin explosif / colis suspect;Financier;Coûts de réparation et de remise en état (ouvrages, équipements);Coûts de réparation et de remise en état (ouvrages, équipements) — Dans le contexte « Attaque explosif » (Terrorisme ou malveillance). Engin explosif / colis suspect. Points sensibles : évacuation, périmètre.;Exemple : Attaque explosif → coûts de réparation et de remise en état (ouvrages, équipements) (ex. décisions immédiates, coordination, reprise).;Pertes d’exploitation, coûts de remise en état, hausse primes/franchises.;Assurances adaptées, budgets d’urgence, suivi trésorerie, clauses contractuelles.;Activation fonds d’urgence, suivi coûts, déclaration assureur, mitigation pénalités.;Moyenne;Élevée;Moyenne;évacuation, périmètre
1072;Terrorisme ou malveillance;Attaque explosif;Engin explosif / colis suspect;Financier;Hausse des primes, franchises et difficultés d’assurabilité;Hausse des primes, franchises et difficultés d’assurabilité — Dans le contexte « Attaque explosif » (Terrorisme ou malveillance). Engin explosif / colis suspect. Points sensibles : évacuation, périmètre.;Exemple : Attaque explosif → hausse des primes, franchises et difficultés d’assurabilité (ex. décisions immédiates, coordination, reprise).;Pertes d’exploitation, coûts de remise en état, hausse primes/franchises.;Assurances adaptées, budgets d’urgence, suivi trésorerie, clauses contractuelles.;Activation fonds d’urgence, suivi coûts, déclaration assureur, mitigation pénalités.;Moyenne;Élevée;Moyenne;évacuation, périmètre
1073;Terrorisme ou malveillance;Attaque explosif;Engin explosif / colis suspect;Image / réputation;Médiatisation nationale / locale et perte de confiance;Médiatisation nationale / locale et perte de confiance — Dans le contexte « Attaque explosif » (Terrorisme ou malveillance). Engin explosif / colis suspect. Points sensibles : évacuation, périmètre.;Exemple : Attaque explosif → médiatisation nationale / locale et perte de confiance (ex. décisions immédiates, coordination, reprise).;Perte de confiance, pression médiatique, rumeurs.;Veille médias, porte-parole, éléments de langage, charte RS.;Communication factuelle/empathetic, lutte rumeurs, coordination autorités.;Moyenne;Élevée;Moyenne;évacuation, périmètre
1074;Terrorisme ou malveillance;Attaque explosif;Engin explosif / colis suspect;Image / réputation;Perception d’impréparation ou de manque de transparence;Perception d’impréparation ou de manque de transparence — Dans le contexte « Attaque explosif » (Terrorisme ou malveillance). Engin explosif / colis suspect. Points sensibles : évacuation, périmètre.;Exemple : Attaque explosif → perception d’impréparation ou de manque de transparence (ex. décisions immédiates, coordination, reprise).;Perte de confiance, pression médiatique, rumeurs.;Veille médias, porte-parole, éléments de langage, charte RS.;Communication factuelle/empathetic, lutte rumeurs, coordination autorités.;Moyenne;Élevée;Moyenne;évacuation, périmètre
1075;Terrorisme ou malveillance;Attaque explosif;Engin explosif / colis suspect;Géopolitique / institutionnel;Intervention de l’État / autorités (préfecture, inspection, régulateur);Intervention de l’État / autorités (préfecture, inspection, régulateur) — Dans le contexte « Attaque explosif » (Terrorisme ou malveillance). Engin explosif / colis suspect. Points sensibles : évacuation, périmètre.;Exemple : Attaque explosif → intervention de l’état / autorités (préfecture, inspection, régulateur) (ex. décisions immédiates, coordination, reprise).;Injonctions, contrôles, arbitrages publics, priorisation ressources.;Veille institutionnelle, carto parties prenantes, protocoles autorités.;Coordination préf/mairie/régulateurs, demandes de moyens publics.;Moyenne;Élevée;Moyenne;évacuation, périmètre
1076;Terrorisme ou malveillance;Attaque explosif;Engin explosif / colis suspect;Géopolitique / institutionnel;Priorisation nationale des ressources (énergie, santé, sécurité);Priorisation nationale des ressources (énergie, santé, sécurité) — Dans le contexte « Attaque explosif » (Terrorisme ou malveillance). Engin explosif / colis suspect. Points sensibles : évacuation, périmètre.;Exemple : Attaque explosif → priorisation nationale des ressources (énergie, santé, sécurité) (ex. décisions immédiates, coordination, reprise).;Injonctions, contrôles, arbitrages publics, priorisation ressources.;Veille institutionnelle, carto parties prenantes, protocoles autorités.;Coordination préf/mairie/régulateurs, demandes de moyens publics.;Moyenne;Élevée;Moyenne;évacuation, périmètre
1077;Terrorisme ou malveillance;Attaque explosif;Engin explosif / colis suspect;Informatique / numérique;Perte du SI local (supervision, communications, annuaire, outils métier);Perte du SI local (supervision, communications, annuaire, outils métier) — Dans le contexte « Attaque explosif » (Terrorisme ou malveillance). Engin explosif / colis suspect. Points sensibles : évacuation, périmètre.;Exemple : Attaque explosif → perte du si local (supervision, communications, annuaire, outils métier) (ex. décisions immédiates, coordination, reprise).;Perte outils, rupture communications, fuite info.;Segmentation, sauvegardes, redondance télécom, procédures hors-ligne.;Mode dégradé, restauration, canaux alternatifs, contrôle intégrité.;Moyenne;Élevée;Moyenne;évacuation, périmètre
1078;Terrorisme ou malveillance;Attaque explosif;Engin explosif / colis suspect;Informatique / numérique;Cyberattaque opportuniste pendant la crise (phishing, ransom, DDoS);Cyberattaque opportuniste pendant la crise (phishing, ransom, DDoS) — Dans le contexte « Attaque explosif » (Terrorisme ou malveillance). Engin explosif / colis suspect. Points sensibles : évacuation, périmètre.;Exemple : Attaque explosif → cyberattaque opportuniste pendant la crise (phishing, ransom, ddos) (ex. décisions immédiates, coordination, reprise).;Perte outils, rupture communications, fuite info.;Segmentation, sauvegardes, redondance télécom, procédures hors-ligne.;Mode dégradé, restauration, canaux alternatifs, contrôle intégrité.;Moyenne;Élevée;Moyenne;évacuation, périmètre
1079;Terrorisme ou malveillance;Attaque explosif;Engin explosif / colis suspect;Défaillance / résilience;Effet domino multi-réseaux (énergie + télécom + eau);Effet domino multi-réseaux (énergie + télécom + eau) — Dans le contexte « Attaque explosif » (Terrorisme ou malveillance). Engin explosif / colis suspect. Points sensibles : évacuation, périmètre.;Exemple : Attaque explosif → effet domino multi-réseaux (énergie + télécom + eau) (ex. décisions immédiates, coordination, reprise).;Domino multi-systèmes, crise prolongée, défaillance gouvernance.;Tests de résilience, exercices multi-crises, cartographie dépendances.;Limiter le domino, renforcer gouvernance, cellules spécialisées, REX.;Moyenne;Élevée;Moyenne;évacuation, périmètre
1080;Terrorisme ou malveillance;Attaque explosif;Engin explosif / colis suspect;Défaillance / résilience;Défaillance d’un acteur clé (prestataire, fournisseur, opérateur);Défaillance d’un acteur clé (prestataire, fournisseur, opérateur) — Dans le contexte « Attaque explosif » (Terrorisme ou malveillance). Engin explosif / colis suspect. Points sensibles : évacuation, périmètre.;Exemple : Attaque explosif → défaillance d’un acteur clé (prestataire, fournisseur, opérateur) (ex. décisions immédiates, coordination, reprise).;Domino multi-systèmes, crise prolongée, défaillance gouvernance.;Tests de résilience, exercices multi-crises, cartographie dépendances.;Limiter le domino, renforcer gouvernance, cellules spécialisées, REX.;Moyenne;Élevée;Moyenne;évacuation, périmètre
1081;Terrorisme ou malveillance;NRBC volontaire;Menace chimique/biologique;Opérationnel;Arrêt immédiat des activités et sécurisation du périmètre;Arrêt immédiat des activités et sécurisation du périmètre — Dans le contexte « NRBC volontaire » (Terrorisme ou malveillance). Menace chimique/biologique. Points sensibles : confinement, secours.;Exemple : NRBC volontaire → arrêt immédiat des activités et sécurisation du périmètre (ex. décisions immédiates, coordination, reprise).;Arrêt/retards, mode dégradé, impacts usagers/clients.;PCA/PRA, procédures mode dégradé, exercices réguliers, annuaire crise.;Arrêt sécurisé, priorisation activités, cellule terrain, points de situation.;Moyenne;Élevée;Moyenne;confinement, secours
1082;Terrorisme ou malveillance;NRBC volontaire;Menace chimique/biologique;Opérationnel;Désorganisation de la coordination multi-acteurs (secours, autorités, partenaires);Désorganisation de la coordination multi-acteurs (secours, autorités, partenaires) — Dans le contexte « NRBC volontaire » (Terrorisme ou malveillance). Menace chimique/biologique. Points sensibles : confinement, secours.;Exemple : NRBC volontaire → désorganisation de la coordination multi-acteurs (secours, autorités, partenaires) (ex. décisions immédiates, coordination, reprise).;Arrêt/retards, mode dégradé, impacts usagers/clients.;PCA/PRA, procédures mode dégradé, exercices réguliers, annuaire crise.;Arrêt sécurisé, priorisation activités, cellule terrain, points de situation.;Moyenne;Élevée;Moyenne;confinement, secours
1083;Terrorisme ou malveillance;NRBC volontaire;Menace chimique/biologique;Industriel / technique;Destruction d’ouvrages ou d’équipements critiques;Destruction d’ouvrages ou d’équipements critiques — Dans le contexte « NRBC volontaire » (Terrorisme ou malveillance). Menace chimique/biologique. Points sensibles : confinement, secours.;Exemple : NRBC volontaire → destruction d’ouvrages ou d’équipements critiques (ex. décisions immédiates, coordination, reprise).;Dommages matériels, risques de sur-accident, indisponibilité d’équipements.;Maintenance préventive, inspections, redondances techniques, permis de travail.;Mise en sécurité, réparations, expertises, reprise sous conditions.;Moyenne;Élevée;Moyenne;confinement, secours
1084;Terrorisme ou malveillance;NRBC volontaire;Menace chimique/biologique;Industriel / technique;Déclenchement de sécurités et arrêt automatique des systèmes;Déclenchement de sécurités et arrêt automatique des systèmes — Dans le contexte « NRBC volontaire » (Terrorisme ou malveillance). Menace chimique/biologique. Points sensibles : confinement, secours.;Exemple : NRBC volontaire → déclenchement de sécurités et arrêt automatique des systèmes (ex. décisions immédiates, coordination, reprise).;Dommages matériels, risques de sur-accident, indisponibilité d’équipements.;Maintenance préventive, inspections, redondances techniques, permis de travail.;Mise en sécurité, réparations, expertises, reprise sous conditions.;Moyenne;Élevée;Moyenne;confinement, secours
1085;Terrorisme ou malveillance;NRBC volontaire;Menace chimique/biologique;Ressources humaines;Traumatisme des équipes et stress post-évènement (RPS);Traumatisme des équipes et stress post-évènement (RPS) — Dans le contexte « NRBC volontaire » (Terrorisme ou malveillance). Menace chimique/biologique. Points sensibles : confinement, secours.;Exemple : NRBC volontaire → traumatisme des équipes et stress post-évènement (rps) (ex. décisions immédiates, coordination, reprise).;Choc, fatigue, absentéisme, tensions sociales.;Prévention RPS, formation managers, rotations astreinte, culture Stop Work.;Soutien psychologique, communication interne, renforts, repos imposé.;Moyenne;Élevée;Moyenne;confinement, secours
1086;Terrorisme ou malveillance;NRBC volontaire;Menace chimique/biologique;Ressources humaines;Exposition à des risques physiques (chaleur, fumées, toxiques);Exposition à des risques physiques (chaleur, fumées, toxiques) — Dans le contexte « NRBC volontaire » (Terrorisme ou malveillance). Menace chimique/biologique. Points sensibles : confinement, secours.;Exemple : NRBC volontaire → exposition à des risques physiques (chaleur, fumées, toxiques) (ex. décisions immédiates, coordination, reprise).;Choc, fatigue, absentéisme, tensions sociales.;Prévention RPS, formation managers, rotations astreinte, culture Stop Work.;Soutien psychologique, communication interne, renforts, repos imposé.;Moyenne;Élevée;Moyenne;confinement, secours
1087;Terrorisme ou malveillance;NRBC volontaire;Menace chimique/biologique;Juridique / conformité;Mise en cause pénale (accident grave, mise en danger, pollution);Mise en cause pénale (accident grave, mise en danger, pollution) — Dans le contexte « NRBC volontaire » (Terrorisme ou malveillance). Menace chimique/biologique. Points sensibles : confinement, secours.;Exemple : NRBC volontaire → mise en cause pénale (accident grave, mise en danger, pollution) (ex. décisions immédiates, coordination, reprise).;Enquêtes, obligations, contentieux, sanctions.;Veille réglementaire, audits, plans de prévention, conservation des preuves.;Déclarations, interface autorités, stratégie contentieuse, documentation.;Moyenne;Critique;Élevée;confinement, secours
1088;Terrorisme ou malveillance;NRBC volontaire;Menace chimique/biologique;Juridique / conformité;Contentieux contractuels (pénalités, retards, responsabilités);Contentieux contractuels (pénalités, retards, responsabilités) — Dans le contexte « NRBC volontaire » (Terrorisme ou malveillance). Menace chimique/biologique. Points sensibles : confinement, secours.;Exemple : NRBC volontaire → contentieux contractuels (pénalités, retards, responsabilités) (ex. décisions immédiates, coordination, reprise).;Enquêtes, obligations, contentieux, sanctions.;Veille réglementaire, audits, plans de prévention, conservation des preuves.;Déclarations, interface autorités, stratégie contentieuse, documentation.;Moyenne;Critique;Élevée;confinement, secours
1089;Terrorisme ou malveillance;NRBC volontaire;Menace chimique/biologique;Financier;Coûts de réparation et de remise en état (ouvrages, équipements);Coûts de réparation et de remise en état (ouvrages, équipements) — Dans le contexte « NRBC volontaire » (Terrorisme ou malveillance). Menace chimique/biologique. Points sensibles : confinement, secours.;Exemple : NRBC volontaire → coûts de réparation et de remise en état (ouvrages, équipements) (ex. décisions immédiates, coordination, reprise).;Pertes d’exploitation, coûts de remise en état, hausse primes/franchises.;Assurances adaptées, budgets d’urgence, suivi trésorerie, clauses contractuelles.;Activation fonds d’urgence, suivi coûts, déclaration assureur, mitigation pénalités.;Moyenne;Élevée;Moyenne;confinement, secours
1090;Terrorisme ou malveillance;NRBC volontaire;Menace chimique/biologique;Financier;Hausse des primes, franchises et difficultés d’assurabilité;Hausse des primes, franchises et difficultés d’assurabilité — Dans le contexte « NRBC volontaire » (Terrorisme ou malveillance). Menace chimique/biologique. Points sensibles : confinement, secours.;Exemple : NRBC volontaire → hausse des primes, franchises et difficultés d’assurabilité (ex. décisions immédiates, coordination, reprise).;Pertes d’exploitation, coûts de remise en état, hausse primes/franchises.;Assurances adaptées, budgets d’urgence, suivi trésorerie, clauses contractuelles.;Activation fonds d’urgence, suivi coûts, déclaration assureur, mitigation pénalités.;Moyenne;Élevée;Moyenne;confinement, secours
1091;Terrorisme ou malveillance;NRBC volontaire;Menace chimique/biologique;Image / réputation;Médiatisation nationale / locale et perte de confiance;Médiatisation nationale / locale et perte de confiance — Dans le contexte « NRBC volontaire » (Terrorisme ou malveillance). Menace chimique/biologique. Points sensibles : confinement, secours.;Exemple : NRBC volontaire → médiatisation nationale / locale et perte de confiance (ex. décisions immédiates, coordination, reprise).;Perte de confiance, pression médiatique, rumeurs.;Veille médias, porte-parole, éléments de langage, charte RS.;Communication factuelle/empathetic, lutte rumeurs, coordination autorités.;Moyenne;Élevée;Moyenne;confinement, secours
1092;Terrorisme ou malveillance;NRBC volontaire;Menace chimique/biologique;Image / réputation;Perception d’impréparation ou de manque de transparence;Perception d’impréparation ou de manque de transparence — Dans le contexte « NRBC volontaire » (Terrorisme ou malveillance). Menace chimique/biologique. Points sensibles : confinement, secours.;Exemple : NRBC volontaire → perception d’impréparation ou de manque de transparence (ex. décisions immédiates, coordination, reprise).;Perte de confiance, pression médiatique, rumeurs.;Veille médias, porte-parole, éléments de langage, charte RS.;Communication factuelle/empathetic, lutte rumeurs, coordination autorités.;Moyenne;Élevée;Moyenne;confinement, secours
1093;Terrorisme ou malveillance;NRBC volontaire;Menace chimique/biologique;Géopolitique / institutionnel;Intervention de l’État / autorités (préfecture, inspection, régulateur);Intervention de l’État / autorités (préfecture, inspection, régulateur) — Dans le contexte « NRBC volontaire » (Terrorisme ou malveillance). Menace chimique/biologique. Points sensibles : confinement, secours.;Exemple : NRBC volontaire → intervention de l’état / autorités (préfecture, inspection, régulateur) (ex. décisions immédiates, coordination, reprise).;Injonctions, contrôles, arbitrages publics, priorisation ressources.;Veille institutionnelle, carto parties prenantes, protocoles autorités.;Coordination préf/mairie/régulateurs, demandes de moyens publics.;Moyenne;Élevée;Moyenne;confinement, secours
1094;Terrorisme ou malveillance;NRBC volontaire;Menace chimique/biologique;Géopolitique / institutionnel;Priorisation nationale des ressources (énergie, santé, sécurité);Priorisation nationale des ressources (énergie, santé, sécurité) — Dans le contexte « NRBC volontaire » (Terrorisme ou malveillance). Menace chimique/biologique. Points sensibles : confinement, secours.;Exemple : NRBC volontaire → priorisation nationale des ressources (énergie, santé, sécurité) (ex. décisions immédiates, coordination, reprise).;Injonctions, contrôles, arbitrages publics, priorisation ressources.;Veille institutionnelle, carto parties prenantes, protocoles autorités.;Coordination préf/mairie/régulateurs, demandes de moyens publics.;Moyenne;Élevée;Moyenne;confinement, secours
1095;Terrorisme ou malveillance;NRBC volontaire;Menace chimique/biologique;Informatique / numérique;Perte du SI local (supervision, communications, annuaire, outils métier);Perte du SI local (supervision, communications, annuaire, outils métier) — Dans le contexte « NRBC volontaire » (Terrorisme ou malveillance). Menace chimique/biologique. Points sensibles : confinement, secours.;Exemple : NRBC volontaire → perte du si local (supervision, communications, annuaire, outils métier) (ex. décisions immédiates, coordination, reprise).;Perte outils, rupture communications, fuite info.;Segmentation, sauvegardes, redondance télécom, procédures hors-ligne.;Mode dégradé, restauration, canaux alternatifs, contrôle intégrité.;Moyenne;Élevée;Moyenne;confinement, secours
1096;Terrorisme ou malveillance;NRBC volontaire;Menace chimique/biologique;Informatique / numérique;Cyberattaque opportuniste pendant la crise (phishing, ransom, DDoS);Cyberattaque opportuniste pendant la crise (phishing, ransom, DDoS) — Dans le contexte « NRBC volontaire » (Terrorisme ou malveillance). Menace chimique/biologique. Points sensibles : confinement, secours.;Exemple : NRBC volontaire → cyberattaque opportuniste pendant la crise (phishing, ransom, ddos) (ex. décisions immédiates, coordination, reprise).;Perte outils, rupture communications, fuite info.;Segmentation, sauvegardes, redondance télécom, procédures hors-ligne.;Mode dégradé, restauration, canaux alternatifs, contrôle intégrité.;Moyenne;Élevée;Moyenne;confinement, secours
1097;Terrorisme ou malveillance;NRBC volontaire;Menace chimique/biologique;Défaillance / résilience;Effet domino multi-réseaux (énergie + télécom + eau);Effet domino multi-réseaux (énergie + télécom + eau) — Dans le contexte « NRBC volontaire » (Terrorisme ou malveillance). Menace chimique/biologique. Points sensibles : confinement, secours.;Exemple : NRBC volontaire → effet domino multi-réseaux (énergie + télécom + eau) (ex. décisions immédiates, coordination, reprise).;Domino multi-systèmes, crise prolongée, défaillance gouvernance.;Tests de résilience, exercices multi-crises, cartographie dépendances.;Limiter le domino, renforcer gouvernance, cellules spécialisées, REX.;Moyenne;Élevée;Moyenne;confinement, secours
1098;Terrorisme ou malveillance;NRBC volontaire;Menace chimique/biologique;Défaillance / résilience;Défaillance d’un acteur clé (prestataire, fournisseur, opérateur);Défaillance d’un acteur clé (prestataire, fournisseur, opérateur) — Dans le contexte « NRBC volontaire » (Terrorisme ou malveillance). Menace chimique/biologique. Points sensibles : confinement, secours.;Exemple : NRBC volontaire → défaillance d’un acteur clé (prestataire, fournisseur, opérateur) (ex. décisions immédiates, coordination, reprise).;Domino multi-systèmes, crise prolongée, défaillance gouvernance.;Tests de résilience, exercices multi-crises, cartographie dépendances.;Limiter le domino, renforcer gouvernance, cellules spécialisées, REX.;Moyenne;Élevée;Moyenne;confinement, secours
1099;Terrorisme ou malveillance;Cyberattaque;Ransomware / DDoS / corruption;Opérationnel;Arrêt immédiat des activités et sécurisation du périmètre;Arrêt immédiat des activités et sécurisation du périmètre — Dans le contexte « Cyberattaque » (Terrorisme ou malveillance). Ransomware / DDoS / corruption. Points sensibles : SI, continuité.;Exemple : Cyberattaque → arrêt immédiat des activités et sécurisation du périmètre (ex. décisions immédiates, coordination, reprise).;Arrêt/retards, mode dégradé, impacts usagers/clients.;PCA/PRA, procédures mode dégradé, exercices réguliers, annuaire crise.;Arrêt sécurisé, priorisation activités, cellule terrain, points de situation.;Moyenne;Élevée;Moyenne;SI, continuité
1100;Terrorisme ou malveillance;Cyberattaque;Ransomware / DDoS / corruption;Opérationnel;Désorganisation de la coordination multi-acteurs (secours, autorités, partenaires);Désorganisation de la coordination multi-acteurs (secours, autorités, partenaires) — Dans le contexte « Cyberattaque » (Terrorisme ou malveillance). Ransomware / DDoS / corruption. Points sensibles : SI, continuité.;Exemple : Cyberattaque → désorganisation de la coordination multi-acteurs (secours, autorités, partenaires) (ex. décisions immédiates, coordination, reprise).;Arrêt/retards, mode dégradé, impacts usagers/clients.;PCA/PRA, procédures mode dégradé, exercices réguliers, annuaire crise.;Arrêt sécurisé, priorisation activités, cellule terrain, points de situation.;Moyenne;Élevée;Moyenne;SI, continuité
1101;Terrorisme ou malveillance;Cyberattaque;Ransomware / DDoS / corruption;Industriel / technique;Destruction d’ouvrages ou d’équipements critiques;Destruction d’ouvrages ou d’équipements critiques — Dans le contexte « Cyberattaque » (Terrorisme ou malveillance). Ransomware / DDoS / corruption. Points sensibles : SI, continuité.;Exemple : Cyberattaque → destruction d’ouvrages ou d’équipements critiques (ex. décisions immédiates, coordination, reprise).;Dommages matériels, risques de sur-accident, indisponibilité d’équipements.;Maintenance préventive, inspections, redondances techniques, permis de travail.;Mise en sécurité, réparations, expertises, reprise sous conditions.;Moyenne;Élevée;Moyenne;SI, continuité
1102;Terrorisme ou malveillance;Cyberattaque;Ransomware / DDoS / corruption;Industriel / technique;Déclenchement de sécurités et arrêt automatique des systèmes;Déclenchement de sécurités et arrêt automatique des systèmes — Dans le contexte « Cyberattaque » (Terrorisme ou malveillance). Ransomware / DDoS / corruption. Points sensibles : SI, continuité.;Exemple : Cyberattaque → déclenchement de sécurités et arrêt automatique des systèmes (ex. décisions immédiates, coordination, reprise).;Dommages matériels, risques de sur-accident, indisponibilité d’équipements.;Maintenance préventive, inspections, redondances techniques, permis de travail.;Mise en sécurité, réparations, expertises, reprise sous conditions.;Moyenne;Élevée;Moyenne;SI, continuité
1103;Terrorisme ou malveillance;Cyberattaque;Ransomware / DDoS / corruption;Ressources humaines;Traumatisme des équipes et stress post-évènement (RPS);Traumatisme des équipes et stress post-évènement (RPS) — Dans le contexte « Cyberattaque » (Terrorisme ou malveillance). Ransomware / DDoS / corruption. Points sensibles : SI, continuité.;Exemple : Cyberattaque → traumatisme des équipes et stress post-évènement (rps) (ex. décisions immédiates, coordination, reprise).;Choc, fatigue, absentéisme, tensions sociales.;Prévention RPS, formation managers, rotations astreinte, culture Stop Work.;Soutien psychologique, communication interne, renforts, repos imposé.;Moyenne;Élevée;Moyenne;SI, continuité
1104;Terrorisme ou malveillance;Cyberattaque;Ransomware / DDoS / corruption;Ressources humaines;Exposition à des risques physiques (chaleur, fumées, toxiques);Exposition à des risques physiques (chaleur, fumées, toxiques) — Dans le contexte « Cyberattaque » (Terrorisme ou malveillance). Ransomware / DDoS / corruption. Points sensibles : SI, continuité.;Exemple : Cyberattaque → exposition à des risques physiques (chaleur, fumées, toxiques) (ex. décisions immédiates, coordination, reprise).;Choc, fatigue, absentéisme, tensions sociales.;Prévention RPS, formation managers, rotations astreinte, culture Stop Work.;Soutien psychologique, communication interne, renforts, repos imposé.;Moyenne;Élevée;Moyenne;SI, continuité
1105;Terrorisme ou malveillance;Cyberattaque;Ransomware / DDoS / corruption;Juridique / conformité;Mise en cause pénale (accident grave, mise en danger, pollution);Mise en cause pénale (accident grave, mise en danger, pollution) — Dans le contexte « Cyberattaque » (Terrorisme ou malveillance). Ransomware / DDoS / corruption. Points sensibles : SI, continuité.;Exemple : Cyberattaque → mise en cause pénale (accident grave, mise en danger, pollution) (ex. décisions immédiates, coordination, reprise).;Enquêtes, obligations, contentieux, sanctions.;Veille réglementaire, audits, plans de prévention, conservation des preuves.;Déclarations, interface autorités, stratégie contentieuse, documentation.;Moyenne;Critique;Élevée;SI, continuité
1106;Terrorisme ou malveillance;Cyberattaque;Ransomware / DDoS / corruption;Juridique / conformité;Contentieux contractuels (pénalités, retards, responsabilités);Contentieux contractuels (pénalités, retards, responsabilités) — Dans le contexte « Cyberattaque » (Terrorisme ou malveillance). Ransomware / DDoS / corruption. Points sensibles : SI, continuité.;Exemple : Cyberattaque → contentieux contractuels (pénalités, retards, responsabilités) (ex. décisions immédiates, coordination, reprise).;Enquêtes, obligations, contentieux, sanctions.;Veille réglementaire, audits, plans de prévention, conservation des preuves.;Déclarations, interface autorités, stratégie contentieuse, documentation.;Moyenne;Critique;Élevée;SI, continuité
1107;Terrorisme ou malveillance;Cyberattaque;Ransomware / DDoS / corruption;Financier;Coûts de réparation et de remise en état (ouvrages, équipements);Coûts de réparation et de remise en état (ouvrages, équipements) — Dans le contexte « Cyberattaque » (Terrorisme ou malveillance). Ransomware / DDoS / corruption. Points sensibles : SI, continuité.;Exemple : Cyberattaque → coûts de réparation et de remise en état (ouvrages, équipements) (ex. décisions immédiates, coordination, reprise).;Pertes d’exploitation, coûts de remise en état, hausse primes/franchises.;Assurances adaptées, budgets d’urgence, suivi trésorerie, clauses contractuelles.;Activation fonds d’urgence, suivi coûts, déclaration assureur, mitigation pénalités.;Moyenne;Élevée;Moyenne;SI, continuité
1108;Terrorisme ou malveillance;Cyberattaque;Ransomware / DDoS / corruption;Financier;Hausse des primes, franchises et difficultés d’assurabilité;Hausse des primes, franchises et difficultés d’assurabilité — Dans le contexte « Cyberattaque » (Terrorisme ou malveillance). Ransomware / DDoS / corruption. Points sensibles : SI, continuité.;Exemple : Cyberattaque → hausse des primes, franchises et difficultés d’assurabilité (ex. décisions immédiates, coordination, reprise).;Pertes d’exploitation, coûts de remise en état, hausse primes/franchises.;Assurances adaptées, budgets d’urgence, suivi trésorerie, clauses contractuelles.;Activation fonds d’urgence, suivi coûts, déclaration assureur, mitigation pénalités.;Moyenne;Élevée;Moyenne;SI, continuité
1109;Terrorisme ou malveillance;Cyberattaque;Ransomware / DDoS / corruption;Image / réputation;Médiatisation nationale / locale et perte de confiance;Médiatisation nationale / locale et perte de confiance — Dans le contexte « Cyberattaque » (Terrorisme ou malveillance). Ransomware / DDoS / corruption. Points sensibles : SI, continuité.;Exemple : Cyberattaque → médiatisation nationale / locale et perte de confiance (ex. décisions immédiates, coordination, reprise).;Perte de confiance, pression médiatique, rumeurs.;Veille médias, porte-parole, éléments de langage, charte RS.;Communication factuelle/empathetic, lutte rumeurs, coordination autorités.;Moyenne;Élevée;Moyenne;SI, continuité
1110;Terrorisme ou malveillance;Cyberattaque;Ransomware / DDoS / corruption;Image / réputation;Perception d’impréparation ou de manque de transparence;Perception d’impréparation ou de manque de transparence — Dans le contexte « Cyberattaque » (Terrorisme ou malveillance). Ransomware / DDoS / corruption. Points sensibles : SI, continuité.;Exemple : Cyberattaque → perception d’impréparation ou de manque de transparence (ex. décisions immédiates, coordination, reprise).;Perte de confiance, pression médiatique, rumeurs.;Veille médias, porte-parole, éléments de langage, charte RS.;Communication factuelle/empathetic, lutte rumeurs, coordination autorités.;Moyenne;Élevée;Moyenne;SI, continuité
1111;Terrorisme ou malveillance;Cyberattaque;Ransomware / DDoS / corruption;Géopolitique / institutionnel;Intervention de l’État / autorités (préfecture, inspection, régulateur);Intervention de l’État / autorités (préfecture, inspection, régulateur) — Dans le contexte « Cyberattaque » (Terrorisme ou malveillance). Ransomware / DDoS / corruption. Points sensibles : SI, continuité.;Exemple : Cyberattaque → intervention de l’état / autorités (préfecture, inspection, régulateur) (ex. décisions immédiates, coordination, reprise).;Injonctions, contrôles, arbitrages publics, priorisation ressources.;Veille institutionnelle, carto parties prenantes, protocoles autorités.;Coordination préf/mairie/régulateurs, demandes de moyens publics.;Moyenne;Élevée;Moyenne;SI, continuité
1112;Terrorisme ou malveillance;Cyberattaque;Ransomware / DDoS / corruption;Géopolitique / institutionnel;Priorisation nationale des ressources (énergie, santé, sécurité);Priorisation nationale des ressources (énergie, santé, sécurité) — Dans le contexte « Cyberattaque » (Terrorisme ou malveillance). Ransomware / DDoS / corruption. Points sensibles : SI, continuité.;Exemple : Cyberattaque → priorisation nationale des ressources (énergie, santé, sécurité) (ex. décisions immédiates, coordination, reprise).;Injonctions, contrôles, arbitrages publics, priorisation ressources.;Veille institutionnelle, carto parties prenantes, protocoles autorités.;Coordination préf/mairie/régulateurs, demandes de moyens publics.;Moyenne;Élevée;Moyenne;SI, continuité
1113;Terrorisme ou malveillance;Cyberattaque;Ransomware / DDoS / corruption;Informatique / numérique;Perte du SI local (supervision, communications, annuaire, outils métier);Perte du SI local (supervision, communications, annuaire, outils métier) — Dans le contexte « Cyberattaque » (Terrorisme ou malveillance). Ransomware / DDoS / corruption. Points sensibles : SI, continuité.;Exemple : Cyberattaque → perte du si local (supervision, communications, annuaire, outils métier) (ex. décisions immédiates, coordination, reprise).;Perte outils, rupture communications, fuite info.;Segmentation, sauvegardes, redondance télécom, procédures hors-ligne.;Mode dégradé, restauration, canaux alternatifs, contrôle intégrité.;Moyenne;Élevée;Moyenne;SI, continuité
1114;Terrorisme ou malveillance;Cyberattaque;Ransomware / DDoS / corruption;Informatique / numérique;Cyberattaque opportuniste pendant la crise (phishing, ransom, DDoS);Cyberattaque opportuniste pendant la crise (phishing, ransom, DDoS) — Dans le contexte « Cyberattaque » (Terrorisme ou malveillance). Ransomware / DDoS / corruption. Points sensibles : SI, continuité.;Exemple : Cyberattaque → cyberattaque opportuniste pendant la crise (phishing, ransom, ddos) (ex. décisions immédiates, coordination, reprise).;Perte outils, rupture communications, fuite info.;Segmentation, sauvegardes, redondance télécom, procédures hors-ligne.;Mode dégradé, restauration, canaux alternatifs, contrôle intégrité.;Moyenne;Élevée;Moyenne;SI, continuité
1115;Terrorisme ou malveillance;Cyberattaque;Ransomware / DDoS / corruption;Défaillance / résilience;Effet domino multi-réseaux (énergie + télécom + eau);Effet domino multi-réseaux (énergie + télécom + eau) — Dans le contexte « Cyberattaque » (Terrorisme ou malveillance). Ransomware / DDoS / corruption. Points sensibles : SI, continuité.;Exemple : Cyberattaque → effet domino multi-réseaux (énergie + télécom + eau) (ex. décisions immédiates, coordination, reprise).;Domino multi-systèmes, crise prolongée, défaillance gouvernance.;Tests de résilience, exercices multi-crises, cartographie dépendances.;Limiter le domino, renforcer gouvernance, cellules spécialisées, REX.;Moyenne;Élevée;Moyenne;SI, continuité
1116;Terrorisme ou malveillance;Cyberattaque;Ransomware / DDoS / corruption;Défaillance / résilience;Défaillance d’un acteur clé (prestataire, fournisseur, opérateur);Défaillance d’un acteur clé (prestataire, fournisseur, opérateur) — Dans le contexte « Cyberattaque » (Terrorisme ou malveillance). Ransomware / DDoS / corruption. Points sensibles : SI, continuité.;Exemple : Cyberattaque → défaillance d’un acteur clé (prestataire, fournisseur, opérateur) (ex. décisions immédiates, coordination, reprise).;Domino multi-systèmes, crise prolongée, défaillance gouvernance.;Tests de résilience, exercices multi-crises, cartographie dépendances.;Limiter le domino, renforcer gouvernance, cellules spécialisées, REX.;Moyenne;Élevée;Moyenne;SI, continuité
1117;Terrorisme ou malveillance;Vol de données;Exfiltration/chantage;Opérationnel;Arrêt immédiat des activités et sécurisation du périmètre;Arrêt immédiat des activités et sécurisation du périmètre — Dans le contexte « Vol de données » (Terrorisme ou malveillance). Exfiltration/chantage. Points sensibles : juridique, réputation.;Exemple : Vol de données → arrêt immédiat des activités et sécurisation du périmètre (ex. décisions immédiates, coordination, reprise).;Arrêt/retards, mode dégradé, impacts usagers/clients.;PCA/PRA, procédures mode dégradé, exercices réguliers, annuaire crise.;Arrêt sécurisé, priorisation activités, cellule terrain, points de situation.;Moyenne;Élevée;Moyenne;juridique, réputation
1118;Terrorisme ou malveillance;Vol de données;Exfiltration/chantage;Opérationnel;Désorganisation de la coordination multi-acteurs (secours, autorités, partenaires);Désorganisation de la coordination multi-acteurs (secours, autorités, partenaires) — Dans le contexte « Vol de données » (Terrorisme ou malveillance). Exfiltration/chantage. Points sensibles : juridique, réputation.;Exemple : Vol de données → désorganisation de la coordination multi-acteurs (secours, autorités, partenaires) (ex. décisions immédiates, coordination, reprise).;Arrêt/retards, mode dégradé, impacts usagers/clients.;PCA/PRA, procédures mode dégradé, exercices réguliers, annuaire crise.;Arrêt sécurisé, priorisation activités, cellule terrain, points de situation.;Moyenne;Élevée;Moyenne;juridique, réputation
1119;Terrorisme ou malveillance;Vol de données;Exfiltration/chantage;Industriel / technique;Destruction d’ouvrages ou d’équipements critiques;Destruction d’ouvrages ou d’équipements critiques — Dans le contexte « Vol de données » (Terrorisme ou malveillance). Exfiltration/chantage. Points sensibles : juridique, réputation.;Exemple : Vol de données → destruction d’ouvrages ou d’équipements critiques (ex. décisions immédiates, coordination, reprise).;Dommages matériels, risques de sur-accident, indisponibilité d’équipements.;Maintenance préventive, inspections, redondances techniques, permis de travail.;Mise en sécurité, réparations, expertises, reprise sous conditions.;Moyenne;Élevée;Moyenne;juridique, réputation
1120;Terrorisme ou malveillance;Vol de données;Exfiltration/chantage;Industriel / technique;Déclenchement de sécurités et arrêt automatique des systèmes;Déclenchement de sécurités et arrêt automatique des systèmes — Dans le contexte « Vol de données » (Terrorisme ou malveillance). Exfiltration/chantage. Points sensibles : juridique, réputation.;Exemple : Vol de données → déclenchement de sécurités et arrêt automatique des systèmes (ex. décisions immédiates, coordination, reprise).;Dommages matériels, risques de sur-accident, indisponibilité d’équipements.;Maintenance préventive, inspections, redondances techniques, permis de travail.;Mise en sécurité, réparations, expertises, reprise sous conditions.;Moyenne;Élevée;Moyenne;juridique, réputation
1121;Terrorisme ou malveillance;Vol de données;Exfiltration/chantage;Ressources humaines;Traumatisme des équipes et stress post-évènement (RPS);Traumatisme des équipes et stress post-évènement (RPS) — Dans le contexte « Vol de données » (Terrorisme ou malveillance). Exfiltration/chantage. Points sensibles : juridique, réputation.;Exemple : Vol de données → traumatisme des équipes et stress post-évènement (rps) (ex. décisions immédiates, coordination, reprise).;Choc, fatigue, absentéisme, tensions sociales.;Prévention RPS, formation managers, rotations astreinte, culture Stop Work.;Soutien psychologique, communication interne, renforts, repos imposé.;Moyenne;Élevée;Moyenne;juridique, réputation
1122;Terrorisme ou malveillance;Vol de données;Exfiltration/chantage;Ressources humaines;Exposition à des risques physiques (chaleur, fumées, toxiques);Exposition à des risques physiques (chaleur, fumées, toxiques) — Dans le contexte « Vol de données » (Terrorisme ou malveillance). Exfiltration/chantage. Points sensibles : juridique, réputation.;Exemple : Vol de données → exposition à des risques physiques (chaleur, fumées, toxiques) (ex. décisions immédiates, coordination, reprise).;Choc, fatigue, absentéisme, tensions sociales.;Prévention RPS, formation managers, rotations astreinte, culture Stop Work.;Soutien psychologique, communication interne, renforts, repos imposé.;Moyenne;Élevée;Moyenne;juridique, réputation
1123;Terrorisme ou malveillance;Vol de données;Exfiltration/chantage;Juridique / conformité;Mise en cause pénale (accident grave, mise en danger, pollution);Mise en cause pénale (accident grave, mise en danger, pollution) — Dans le contexte « Vol de données » (Terrorisme ou malveillance). Exfiltration/chantage. Points sensibles : juridique, réputation.;Exemple : Vol de données → mise en cause pénale (accident grave, mise en danger, pollution) (ex. décisions immédiates, coordination, reprise).;Enquêtes, obligations, contentieux, sanctions.;Veille réglementaire, audits, plans de prévention, conservation des preuves.;Déclarations, interface autorités, stratégie contentieuse, documentation.;Moyenne;Critique;Élevée;juridique, réputation
1124;Terrorisme ou malveillance;Vol de données;Exfiltration/chantage;Juridique / conformité;Contentieux contractuels (pénalités, retards, responsabilités);Contentieux contractuels (pénalités, retards, responsabilités) — Dans le contexte « Vol de données » (Terrorisme ou malveillance). Exfiltration/chantage. Points sensibles : juridique, réputation.;Exemple : Vol de données → contentieux contractuels (pénalités, retards, responsabilités) (ex. décisions immédiates, coordination, reprise).;Enquêtes, obligations, contentieux, sanctions.;Veille réglementaire, audits, plans de prévention, conservation des preuves.;Déclarations, interface autorités, stratégie contentieuse, documentation.;Moyenne;Critique;Élevée;juridique, réputation
1125;Terrorisme ou malveillance;Vol de données;Exfiltration/chantage;Financier;Coûts de réparation et de remise en état (ouvrages, équipements);Coûts de réparation et de remise en état (ouvrages, équipements) — Dans le contexte « Vol de données » (Terrorisme ou malveillance). Exfiltration/chantage. Points sensibles : juridique, réputation.;Exemple : Vol de données → coûts de réparation et de remise en état (ouvrages, équipements) (ex. décisions immédiates, coordination, reprise).;Pertes d’exploitation, coûts de remise en état, hausse primes/franchises.;Assurances adaptées, budgets d’urgence, suivi trésorerie, clauses contractuelles.;Activation fonds d’urgence, suivi coûts, déclaration assureur, mitigation pénalités.;Moyenne;Élevée;Moyenne;juridique, réputation
1126;Terrorisme ou malveillance;Vol de données;Exfiltration/chantage;Financier;Hausse des primes, franchises et difficultés d’assurabilité;Hausse des primes, franchises et difficultés d’assurabilité — Dans le contexte « Vol de données » (Terrorisme ou malveillance). Exfiltration/chantage. Points sensibles : juridique, réputation.;Exemple : Vol de données → hausse des primes, franchises et difficultés d’assurabilité (ex. décisions immédiates, coordination, reprise).;Pertes d’exploitation, coûts de remise en état, hausse primes/franchises.;Assurances adaptées, budgets d’urgence, suivi trésorerie, clauses contractuelles.;Activation fonds d’urgence, suivi coûts, déclaration assureur, mitigation pénalités.;Moyenne;Élevée;Moyenne;juridique, réputation
1127;Terrorisme ou malveillance;Vol de données;Exfiltration/chantage;Image / réputation;Médiatisation nationale / locale et perte de confiance;Médiatisation nationale / locale et perte de confiance — Dans le contexte « Vol de données » (Terrorisme ou malveillance). Exfiltration/chantage. Points sensibles : juridique, réputation.;Exemple : Vol de données → médiatisation nationale / locale et perte de confiance (ex. décisions immédiates, coordination, reprise).;Perte de confiance, pression médiatique, rumeurs.;Veille médias, porte-parole, éléments de langage, charte RS.;Communication factuelle/empathetic, lutte rumeurs, coordination autorités.;Moyenne;Élevée;Moyenne;juridique, réputation
1128;Terrorisme ou malveillance;Vol de données;Exfiltration/chantage;Image / réputation;Perception d’impréparation ou de manque de transparence;Perception d’impréparation ou de manque de transparence — Dans le contexte « Vol de données » (Terrorisme ou malveillance). Exfiltration/chantage. Points sensibles : juridique, réputation.;Exemple : Vol de données → perception d’impréparation ou de manque de transparence (ex. décisions immédiates, coordination, reprise).;Perte de confiance, pression médiatique, rumeurs.;Veille médias, porte-parole, éléments de langage, charte RS.;Communication factuelle/empathetic, lutte rumeurs, coordination autorités.;Moyenne;Élevée;Moyenne;juridique, réputation
1129;Terrorisme ou malveillance;Vol de données;Exfiltration/chantage;Géopolitique / institutionnel;Intervention de l’État / autorités (préfecture, inspection, régulateur);Intervention de l’État / autorités (préfecture, inspection, régulateur) — Dans le contexte « Vol de données » (Terrorisme ou malveillance). Exfiltration/chantage. Points sensibles : juridique, réputation.;Exemple : Vol de données → intervention de l’état / autorités (préfecture, inspection, régulateur) (ex. décisions immédiates, coordination, reprise).;Injonctions, contrôles, arbitrages publics, priorisation ressources.;Veille institutionnelle, carto parties prenantes, protocoles autorités.;Coordination préf/mairie/régulateurs, demandes de moyens publics.;Moyenne;Élevée;Moyenne;juridique, réputation
1130;Terrorisme ou malveillance;Vol de données;Exfiltration/chantage;Géopolitique / institutionnel;Priorisation nationale des ressources (énergie, santé, sécurité);Priorisation nationale des ressources (énergie, santé, sécurité) — Dans le contexte « Vol de données » (Terrorisme ou malveillance). Exfiltration/chantage. Points sensibles : juridique, réputation.;Exemple : Vol de données → priorisation nationale des ressources (énergie, santé, sécurité) (ex. décisions immédiates, coordination, reprise).;Injonctions, contrôles, arbitrages publics, priorisation ressources.;Veille institutionnelle, carto parties prenantes, protocoles autorités.;Coordination préf/mairie/régulateurs, demandes de moyens publics.;Moyenne;Élevée;Moyenne;juridique, réputation
1131;Terrorisme ou malveillance;Vol de données;Exfiltration/chantage;Informatique / numérique;Perte du SI local (supervision, communications, annuaire, outils métier);Perte du SI local (supervision, communications, annuaire, outils métier) — Dans le contexte « Vol de données » (Terrorisme ou malveillance). Exfiltration/chantage. Points sensibles : juridique, réputation.;Exemple : Vol de données → perte du si local (supervision, communications, annuaire, outils métier) (ex. décisions immédiates, coordination, reprise).;Perte outils, rupture communications, fuite info.;Segmentation, sauvegardes, redondance télécom, procédures hors-ligne.;Mode dégradé, restauration, canaux alternatifs, contrôle intégrité.;Moyenne;Élevée;Moyenne;juridique, réputation
1132;Terrorisme ou malveillance;Vol de données;Exfiltration/chantage;Informatique / numérique;Cyberattaque opportuniste pendant la crise (phishing, ransom, DDoS);Cyberattaque opportuniste pendant la crise (phishing, ransom, DDoS) — Dans le contexte « Vol de données » (Terrorisme ou malveillance). Exfiltration/chantage. Points sensibles : juridique, réputation.;Exemple : Vol de données → cyberattaque opportuniste pendant la crise (phishing, ransom, ddos) (ex. décisions immédiates, coordination, reprise).;Perte outils, rupture communications, fuite info.;Segmentation, sauvegardes, redondance télécom, procédures hors-ligne.;Mode dégradé, restauration, canaux alternatifs, contrôle intégrité.;Moyenne;Élevée;Moyenne;juridique, réputation
1133;Terrorisme ou malveillance;Vol de données;Exfiltration/chantage;Défaillance / résilience;Effet domino multi-réseaux (énergie + télécom + eau);Effet domino multi-réseaux (énergie + télécom + eau) — Dans le contexte « Vol de données » (Terrorisme ou malveillance). Exfiltration/chantage. Points sensibles : juridique, réputation.;Exemple : Vol de données → effet domino multi-réseaux (énergie + télécom + eau) (ex. décisions immédiates, coordination, reprise).;Domino multi-systèmes, crise prolongée, défaillance gouvernance.;Tests de résilience, exercices multi-crises, cartographie dépendances.;Limiter le domino, renforcer gouvernance, cellules spécialisées, REX.;Moyenne;Élevée;Moyenne;juridique, réputation
1134;Terrorisme ou malveillance;Vol de données;Exfiltration/chantage;Défaillance / résilience;Défaillance d’un acteur clé (prestataire, fournisseur, opérateur);Défaillance d’un acteur clé (prestataire, fournisseur, opérateur) — Dans le contexte « Vol de données » (Terrorisme ou malveillance). Exfiltration/chantage. Points sensibles : juridique, réputation.;Exemple : Vol de données → défaillance d’un acteur clé (prestataire, fournisseur, opérateur) (ex. décisions immédiates, coordination, reprise).;Domino multi-systèmes, crise prolongée, défaillance gouvernance.;Tests de résilience, exercices multi-crises, cartographie dépendances.;Limiter le domino, renforcer gouvernance, cellules spécialisées, REX.;Moyenne;Élevée;Moyenne;juridique, réputation
1135;Terrorisme ou malveillance;Deepfake;Faux message audio/vidéo crédible;Opérationnel;Arrêt immédiat des activités et sécurisation du périmètre;Arrêt immédiat des activités et sécurisation du périmètre — Dans le contexte « Deepfake » (Terrorisme ou malveillance). Faux message audio/vidéo crédible. Points sensibles : panique, décisions erronées.;Exemple : Deepfake → arrêt immédiat des activités et sécurisation du périmètre (ex. décisions immédiates, coordination, reprise).;Arrêt/retards, mode dégradé, impacts usagers/clients.;PCA/PRA, procédures mode dégradé, exercices réguliers, annuaire crise.;Arrêt sécurisé, priorisation activités, cellule terrain, points de situation.;Moyenne;Élevée;Moyenne;panique, décisions erronées
1136;Terrorisme ou malveillance;Deepfake;Faux message audio/vidéo crédible;Opérationnel;Désorganisation de la coordination multi-acteurs (secours, autorités, partenaires);Désorganisation de la coordination multi-acteurs (secours, autorités, partenaires) — Dans le contexte « Deepfake » (Terrorisme ou malveillance). Faux message audio/vidéo crédible. Points sensibles : panique, décisions erronées.;Exemple : Deepfake → désorganisation de la coordination multi-acteurs (secours, autorités, partenaires) (ex. décisions immédiates, coordination, reprise).;Arrêt/retards, mode dégradé, impacts usagers/clients.;PCA/PRA, procédures mode dégradé, exercices réguliers, annuaire crise.;Arrêt sécurisé, priorisation activités, cellule terrain, points de situation.;Moyenne;Élevée;Moyenne;panique, décisions erronées
1137;Terrorisme ou malveillance;Deepfake;Faux message audio/vidéo crédible;Industriel / technique;Destruction d’ouvrages ou d’équipements critiques;Destruction d’ouvrages ou d’équipements critiques — Dans le contexte « Deepfake » (Terrorisme ou malveillance). Faux message audio/vidéo crédible. Points sensibles : panique, décisions erronées.;Exemple : Deepfake → destruction d’ouvrages ou d’équipements critiques (ex. décisions immédiates, coordination, reprise).;Dommages matériels, risques de sur-accident, indisponibilité d’équipements.;Maintenance préventive, inspections, redondances techniques, permis de travail.;Mise en sécurité, réparations, expertises, reprise sous conditions.;Moyenne;Élevée;Moyenne;panique, décisions erronées
1138;Terrorisme ou malveillance;Deepfake;Faux message audio/vidéo crédible;Industriel / technique;Déclenchement de sécurités et arrêt automatique des systèmes;Déclenchement de sécurités et arrêt automatique des systèmes — Dans le contexte « Deepfake » (Terrorisme ou malveillance). Faux message audio/vidéo crédible. Points sensibles : panique, décisions erronées.;Exemple : Deepfake → déclenchement de sécurités et arrêt automatique des systèmes (ex. décisions immédiates, coordination, reprise).;Dommages matériels, risques de sur-accident, indisponibilité d’équipements.;Maintenance préventive, inspections, redondances techniques, permis de travail.;Mise en sécurité, réparations, expertises, reprise sous conditions.;Moyenne;Élevée;Moyenne;panique, décisions erronées
1139;Terrorisme ou malveillance;Deepfake;Faux message audio/vidéo crédible;Ressources humaines;Traumatisme des équipes et stress post-évènement (RPS);Traumatisme des équipes et stress post-évènement (RPS) — Dans le contexte « Deepfake » (Terrorisme ou malveillance). Faux message audio/vidéo crédible. Points sensibles : panique, décisions erronées.;Exemple : Deepfake → traumatisme des équipes et stress post-évènement (rps) (ex. décisions immédiates, coordination, reprise).;Choc, fatigue, absentéisme, tensions sociales.;Prévention RPS, formation managers, rotations astreinte, culture Stop Work.;Soutien psychologique, communication interne, renforts, repos imposé.;Moyenne;Élevée;Moyenne;panique, décisions erronées
1140;Terrorisme ou malveillance;Deepfake;Faux message audio/vidéo crédible;Ressources humaines;Exposition à des risques physiques (chaleur, fumées, toxiques);Exposition à des risques physiques (chaleur, fumées, toxiques) — Dans le contexte « Deepfake » (Terrorisme ou malveillance). Faux message audio/vidéo crédible. Points sensibles : panique, décisions erronées.;Exemple : Deepfake → exposition à des risques physiques (chaleur, fumées, toxiques) (ex. décisions immédiates, coordination, reprise).;Choc, fatigue, absentéisme, tensions sociales.;Prévention RPS, formation managers, rotations astreinte, culture Stop Work.;Soutien psychologique, communication interne, renforts, repos imposé.;Moyenne;Élevée;Moyenne;panique, décisions erronées
1141;Terrorisme ou malveillance;Deepfake;Faux message audio/vidéo crédible;Juridique / conformité;Mise en cause pénale (accident grave, mise en danger, pollution);Mise en cause pénale (accident grave, mise en danger, pollution) — Dans le contexte « Deepfake » (Terrorisme ou malveillance). Faux message audio/vidéo crédible. Points sensibles : panique, décisions erronées.;Exemple : Deepfake → mise en cause pénale (accident grave, mise en danger, pollution) (ex. décisions immédiates, coordination, reprise).;Enquêtes, obligations, contentieux, sanctions.;Veille réglementaire, audits, plans de prévention, conservation des preuves.;Déclarations, interface autorités, stratégie contentieuse, documentation.;Moyenne;Critique;Élevée;panique, décisions erronées
1142;Terrorisme ou malveillance;Deepfake;Faux message audio/vidéo crédible;Juridique / conformité;Contentieux contractuels (pénalités, retards, responsabilités);Contentieux contractuels (pénalités, retards, responsabilités) — Dans le contexte « Deepfake » (Terrorisme ou malveillance). Faux message audio/vidéo crédible. Points sensibles : panique, décisions erronées.;Exemple : Deepfake → contentieux contractuels (pénalités, retards, responsabilités) (ex. décisions immédiates, coordination, reprise).;Enquêtes, obligations, contentieux, sanctions.;Veille réglementaire, audits, plans de prévention, conservation des preuves.;Déclarations, interface autorités, stratégie contentieuse, documentation.;Moyenne;Critique;Élevée;panique, décisions erronées
1143;Terrorisme ou malveillance;Deepfake;Faux message audio/vidéo crédible;Financier;Coûts de réparation et de remise en état (ouvrages, équipements);Coûts de réparation et de remise en état (ouvrages, équipements) — Dans le contexte « Deepfake » (Terrorisme ou malveillance). Faux message audio/vidéo crédible. Points sensibles : panique, décisions erronées.;Exemple : Deepfake → coûts de réparation et de remise en état (ouvrages, équipements) (ex. décisions immédiates, coordination, reprise).;Pertes d’exploitation, coûts de remise en état, hausse primes/franchises.;Assurances adaptées, budgets d’urgence, suivi trésorerie, clauses contractuelles.;Activation fonds d’urgence, suivi coûts, déclaration assureur, mitigation pénalités.;Moyenne;Élevée;Moyenne;panique, décisions erronées
1144;Terrorisme ou malveillance;Deepfake;Faux message audio/vidéo crédible;Financier;Hausse des primes, franchises et difficultés d’assurabilité;Hausse des primes, franchises et difficultés d’assurabilité — Dans le contexte « Deepfake » (Terrorisme ou malveillance). Faux message audio/vidéo crédible. Points sensibles : panique, décisions erronées.;Exemple : Deepfake → hausse des primes, franchises et difficultés d’assurabilité (ex. décisions immédiates, coordination, reprise).;Pertes d’exploitation, coûts de remise en état, hausse primes/franchises.;Assurances adaptées, budgets d’urgence, suivi trésorerie, clauses contractuelles.;Activation fonds d’urgence, suivi coûts, déclaration assureur, mitigation pénalités.;Moyenne;Élevée;Moyenne;panique, décisions erronées
1145;Terrorisme ou malveillance;Deepfake;Faux message audio/vidéo crédible;Image / réputation;Médiatisation nationale / locale et perte de confiance;Médiatisation nationale / locale et perte de confiance — Dans le contexte « Deepfake » (Terrorisme ou malveillance). Faux message audio/vidéo crédible. Points sensibles : panique, décisions erronées.;Exemple : Deepfake → médiatisation nationale / locale et perte de confiance (ex. décisions immédiates, coordination, reprise).;Perte de confiance, pression médiatique, rumeurs.;Veille médias, porte-parole, éléments de langage, charte RS.;Communication factuelle/empathetic, lutte rumeurs, coordination autorités.;Moyenne;Élevée;Moyenne;panique, décisions erronées
1146;Terrorisme ou malveillance;Deepfake;Faux message audio/vidéo crédible;Image / réputation;Perception d’impréparation ou de manque de transparence;Perception d’impréparation ou de manque de transparence — Dans le contexte « Deepfake » (Terrorisme ou malveillance). Faux message audio/vidéo crédible. Points sensibles : panique, décisions erronées.;Exemple : Deepfake → perception d’impréparation ou de manque de transparence (ex. décisions immédiates, coordination, reprise).;Perte de confiance, pression médiatique, rumeurs.;Veille médias, porte-parole, éléments de langage, charte RS.;Communication factuelle/empathetic, lutte rumeurs, coordination autorités.;Moyenne;Élevée;Moyenne;panique, décisions erronées
1147;Terrorisme ou malveillance;Deepfake;Faux message audio/vidéo crédible;Géopolitique / institutionnel;Intervention de l’État / autorités (préfecture, inspection, régulateur);Intervention de l’État / autorités (préfecture, inspection, régulateur) — Dans le contexte « Deepfake » (Terrorisme ou malveillance). Faux message audio/vidéo crédible. Points sensibles : panique, décisions erronées.;Exemple : Deepfake → intervention de l’état / autorités (préfecture, inspection, régulateur) (ex. décisions immédiates, coordination, reprise).;Injonctions, contrôles, arbitrages publics, priorisation ressources.;Veille institutionnelle, carto parties prenantes, protocoles autorités.;Coordination préf/mairie/régulateurs, demandes de moyens publics.;Moyenne;Élevée;Moyenne;panique, décisions erronées
1148;Terrorisme ou malveillance;Deepfake;Faux message audio/vidéo crédible;Géopolitique / institutionnel;Priorisation nationale des ressources (énergie, santé, sécurité);Priorisation nationale des ressources (énergie, santé, sécurité) — Dans le contexte « Deepfake » (Terrorisme ou malveillance). Faux message audio/vidéo crédible. Points sensibles : panique, décisions erronées.;Exemple : Deepfake → priorisation nationale des ressources (énergie, santé, sécurité) (ex. décisions immédiates, coordination, reprise).;Injonctions, contrôles, arbitrages publics, priorisation ressources.;Veille institutionnelle, carto parties prenantes, protocoles autorités.;Coordination préf/mairie/régulateurs, demandes de moyens publics.;Moyenne;Élevée;Moyenne;panique, décisions erronées
1149;Terrorisme ou malveillance;Deepfake;Faux message audio/vidéo crédible;Informatique / numérique;Perte du SI local (supervision, communications, annuaire, outils métier);Perte du SI local (supervision, communications, annuaire, outils métier) — Dans le contexte « Deepfake » (Terrorisme ou malveillance). Faux message audio/vidéo crédible. Points sensibles : panique, décisions erronées.;Exemple : Deepfake → perte du si local (supervision, communications, annuaire, outils métier) (ex. décisions immédiates, coordination, reprise).;Perte outils, rupture communications, fuite info.;Segmentation, sauvegardes, redondance télécom, procédures hors-ligne.;Mode dégradé, restauration, canaux alternatifs, contrôle intégrité.;Moyenne;Élevée;Moyenne;panique, décisions erronées
1150;Terrorisme ou malveillance;Deepfake;Faux message audio/vidéo crédible;Informatique / numérique;Cyberattaque opportuniste pendant la crise (phishing, ransom, DDoS);Cyberattaque opportuniste pendant la crise (phishing, ransom, DDoS) — Dans le contexte « Deepfake » (Terrorisme ou malveillance). Faux message audio/vidéo crédible. Points sensibles : panique, décisions erronées.;Exemple : Deepfake → cyberattaque opportuniste pendant la crise (phishing, ransom, ddos) (ex. décisions immédiates, coordination, reprise).;Perte outils, rupture communications, fuite info.;Segmentation, sauvegardes, redondance télécom, procédures hors-ligne.;Mode dégradé, restauration, canaux alternatifs, contrôle intégrité.;Moyenne;Élevée;Moyenne;panique, décisions erronées
1151;Terrorisme ou malveillance;Deepfake;Faux message audio/vidéo crédible;Défaillance / résilience;Effet domino multi-réseaux (énergie + télécom + eau);Effet domino multi-réseaux (énergie + télécom + eau) — Dans le contexte « Deepfake » (Terrorisme ou malveillance). Faux message audio/vidéo crédible. Points sensibles : panique, décisions erronées.;Exemple : Deepfake → effet domino multi-réseaux (énergie + télécom + eau) (ex. décisions immédiates, coordination, reprise).;Domino multi-systèmes, crise prolongée, défaillance gouvernance.;Tests de résilience, exercices multi-crises, cartographie dépendances.;Limiter le domino, renforcer gouvernance, cellules spécialisées, REX.;Moyenne;Élevée;Moyenne;panique, décisions erronées
1152;Terrorisme ou malveillance;Deepfake;Faux message audio/vidéo crédible;Défaillance / résilience;Défaillance d’un acteur clé (prestataire, fournisseur, opérateur);Défaillance d’un acteur clé (prestataire, fournisseur, opérateur) — Dans le contexte « Deepfake » (Terrorisme ou malveillance). Faux message audio/vidéo crédible. Points sensibles : panique, décisions erronées.;Exemple : Deepfake → défaillance d’un acteur clé (prestataire, fournisseur, opérateur) (ex. décisions immédiates, coordination, reprise).;Domino multi-systèmes, crise prolongée, défaillance gouvernance.;Tests de résilience, exercices multi-crises, cartographie dépendances.;Limiter le domino, renforcer gouvernance, cellules spécialisées, REX.;Moyenne;Élevée;Moyenne;panique, décisions erronées
